img_a,img_b,label,writer_id
C:\Users\arfan\OneDrive\Desktop\forgery\data\Cedar\full_org\original_54_21.png,C:\Users\arfan\OneDrive\Desktop\forgery\data\Cedar\full_forg\forgeries_54_19.png,0,54
C:\Users\arfan\OneDrive\Desktop\forgery\data\Cedar\full_org\original_37_11.png,C:\Users\arfan\OneDrive\Desktop\forgery\data\Cedar\full_forg\forgeries_37_23.png,0,37
C:\Users\arfan\OneDrive\Desktop\forgery\data\Cedar\full_org\original_35_2.png,C:\Users\arfan\OneDrive\Desktop\forgery\data\Cedar\full_forg\forgeries_35_9.png,0,35
C:\Users\arfan\OneDrive\Desktop\forgery\data\Cedar\full_org\original_16_2.png,C:\Users\arfan\OneDrive\Desktop\forgery\data\Cedar\full_org\original_16_4.png,1,16
C:\Users\arfan\OneDrive\Desktop\forgery\data\Cedar\full_org\original_46_18.png,C:\Users\arfan\OneDrive\Desktop\forgery\data\Cedar\full_forg\forgeries_46_6.png,0,46
C:\Users\arfan\OneDrive\Desktop\forgery\data\Cedar\full_org\original_11_6.png,C:\Users\arfan\OneDrive\Desktop\forgery\data\Cedar\full_forg\forgeries_11_22.png,0,11
C:\Users\arfan\OneDrive\Desktop\forgery\data\Cedar\full_org\original_18_20.png,C:\Users\arfan\OneDrive\Desktop\forgery\data\Cedar\full_org\original_18_3.png,1,18
C:\Users\arfan\OneDrive\Desktop\forgery\data\Cedar\full_org\original_1_4.png,C:\Users\arfan\OneDrive\Desktop\forgery\data\Cedar\full_org\original_1_7.png,1,1
C:\Users\arfan\OneDrive\Desktop\forgery\data\Cedar\full_org\original_5_19.png,C:\Users\arfan\OneDrive\Desktop\forgery\data\Cedar\full_org\original_5_22.png,1,5
C:\Users\arfan\OneDrive\Desktop\forgery\data\Cedar\full_org\original_39_12.png,C:\Users\arfan\OneDrive\Desktop\forgery\data\Cedar\full_org\original_39_19.png,1,39
C:\Users\arfan\OneDrive\Desktop\forgery\data\Cedar\full_org\original_5_1.png,C:\Users\arfan\OneDrive\Desktop\forgery\data\Cedar\full_forg\forgeries_5_10.png,0,5
C:\Users\arfan\OneDrive\Desktop\forgery\data\Cedar\full_org\original_36_14.png,C:\Users\arfan\OneDrive\Desktop\forgery\data\Cedar\full_forg\forgeries_36_21.png,0,36
C:\Users\arfan\OneDrive\Desktop\forgery\data\Cedar\full_org\original_45_3.png,C:\Users\arfan\OneDrive\Desktop\forgery\data\Cedar\full_forg\forgeries_45_13.png,0,45
C:\Users\arfan\OneDrive\Desktop\forgery\data\Cedar\full_org\original_36_13.png,C:\Users\arfan\OneDrive\Desktop\forgery\data\Cedar\full_forg\forgeries_36_19.png,0,36
C:\Users\arfan\OneDrive\Desktop\forgery\data\Cedar\full_org\original_26_11.png,C:\Users\arfan\OneDrive\Desktop\forgery\data\Cedar\full_forg\forgeries_26_11.png,0,26
C:\Users\arfan\OneDrive\Desktop\forgery\data\Cedar\full_org\original_46_21.png,C:\Users\arfan\OneDrive\Desktop\forgery\data\Cedar\full_forg\forgeries_46_9.png,0,46
C:\Users\arfan\OneDrive\Desktop\forgery\data\Cedar\full_org\original_25_4.png,C:\Users\arfan\OneDrive\Desktop\forgery\data\Cedar\full_forg\forgeries_25_21.png,0,25
C:\Users\arfan\OneDrive\Desktop\forgery\data\Cedar\full_org\original_3_9.png,C:\Users\arfan\OneDrive\Desktop\forgery\data\Cedar\full_forg\forgeries_3_1.png,0,3
C:\Users\arfan\OneDrive\Desktop\forgery\data\Cedar\full_org\original_25_20.png,C:\Users\arfan\OneDrive\Desktop\forgery\data\Cedar\full_org\original_25_21.png,1,25
C:\Users\arfan\OneDrive\Desktop\forgery\data\Cedar\full_org\original_7_7.png,C:\Users\arfan\OneDrive\Desktop\forgery\data\Cedar\full_forg\forgeries_7_2.png,0,7
C:\Users\arfan\OneDrive\Desktop\forgery\data\Cedar\full_org\original_30_22.png,C:\Users\arfan\OneDrive\Desktop\forgery\data\Cedar\full_org\original_30_7.png,1,30
C:\Users\arfan\OneDrive\Desktop\forgery\data\Cedar\full_org\original_26_20.png,C:\Users\arfan\OneDrive\Desktop\forgery\data\Cedar\full_org\original_26_4.png,1,26
C:\Users\arfan\OneDrive\Desktop\forgery\data\Cedar\full_org\original_25_11.png,C:\Users\arfan\OneDrive\Desktop\forgery\data\Cedar\full_org\original_25_2.png,1,25
C:\Users\arfan\OneDrive\Desktop\forgery\data\Cedar\full_org\original_46_17.png,C:\Users\arfan\OneDrive\Desktop\forgery\data\Cedar\full_org\original_46_8.png,1,46
C:\Users\arfan\OneDrive\Desktop\forgery\data\Cedar\full_org\original_24_12.png,C:\Users\arfan\OneDrive\Desktop\forgery\data\Cedar\full_org\original_24_18.png,1,24
C:\Users\arfan\OneDrive\Desktop\forgery\data\Cedar\full_org\original_29_10.png,C:\Users\arfan\OneDrive\Desktop\forgery\data\Cedar\full_org\original_29_7.png,1,29
C:\Users\arfan\OneDrive\Desktop\forgery\data\Cedar\full_org\original_2_13.png,C:\Users\arfan\OneDrive\Desktop\forgery\data\Cedar\full_forg\forgeries_2_3.png,0,2
C:\Users\arfan\OneDrive\Desktop\forgery\data\Cedar\full_org\original_25_1.png,C:\Users\arfan\OneDrive\Desktop\forgery\data\Cedar\full_org\original_25_15.png,1,25
C:\Users\arfan\OneDrive\Desktop\forgery\data\Cedar\full_org\original_54_19.png,C:\Users\arfan\OneDrive\Desktop\forgery\data\Cedar\full_org\original_54_7.png,1,54
C:\Users\arfan\OneDrive\Desktop\forgery\data\Cedar\full_org\original_54_15.png,C:\Users\arfan\OneDrive\Desktop\forgery\data\Cedar\full_forg\forgeries_54_5.png,0,54
C:\Users\arfan\OneDrive\Desktop\forgery\data\Cedar\full_org\original_8_23.png,C:\Users\arfan\OneDrive\Desktop\forgery\data\Cedar\full_org\original_8_9.png,1,8
C:\Users\arfan\OneDrive\Desktop\forgery\data\Cedar\full_org\original_47_10.png,C:\Users\arfan\OneDrive\Desktop\forgery\data\Cedar\full_org\original_47_20.png,1,47
C:\Users\arfan\OneDrive\Desktop\forgery\data\Cedar\full_org\original_23_21.png,C:\Users\arfan\OneDrive\Desktop\forgery\data\Cedar\full_forg\forgeries_23_22.png,0,23
C:\Users\arfan\OneDrive\Desktop\forgery\data\Cedar\full_org\original_48_12.png,C:\Users\arfan\OneDrive\Desktop\forgery\data\Cedar\full_forg\forgeries_48_12.png,0,48
C:\Users\arfan\OneDrive\Desktop\forgery\data\Cedar\full_org\original_19_7.png,C:\Users\arfan\OneDrive\Desktop\forgery\data\Cedar\full_org\original_19_8.png,1,19
C:\Users\arfan\OneDrive\Desktop\forgery\data\Cedar\full_org\original_54_12.png,C:\Users\arfan\OneDrive\Desktop\forgery\data\Cedar\full_org\original_54_13.png,1,54
C:\Users\arfan\OneDrive\Desktop\forgery\data\Cedar\full_org\original_55_15.png,C:\Users\arfan\OneDrive\Desktop\forgery\data\Cedar\full_forg\forgeries_55_13.png,0,55
C:\Users\arfan\OneDrive\Desktop\forgery\data\Cedar\full_org\original_28_14.png,C:\Users\arfan\OneDrive\Desktop\forgery\data\Cedar\full_org\original_28_8.png,1,28
C:\Users\arfan\OneDrive\Desktop\forgery\data\Cedar\full_org\original_4_22.png,C:\Users\arfan\OneDrive\Desktop\forgery\data\Cedar\full_forg\forgeries_4_4.png,0,4
C:\Users\arfan\OneDrive\Desktop\forgery\data\Cedar\full_org\original_29_20.png,C:\Users\arfan\OneDrive\Desktop\forgery\data\Cedar\full_forg\forgeries_29_15.png,0,29
C:\Users\arfan\OneDrive\Desktop\forgery\data\Cedar\full_org\original_52_2.png,C:\Users\arfan\OneDrive\Desktop\forgery\data\Cedar\full_org\original_52_9.png,1,52
C:\Users\arfan\OneDrive\Desktop\forgery\data\Cedar\full_org\original_48_22.png,C:\Users\arfan\OneDrive\Desktop\forgery\data\Cedar\full_forg\forgeries_48_23.png,0,48
C:\Users\arfan\OneDrive\Desktop\forgery\data\Cedar\full_org\original_8_6.png,C:\Users\arfan\OneDrive\Desktop\forgery\data\Cedar\full_forg\forgeries_8_6.png,0,8
C:\Users\arfan\OneDrive\Desktop\forgery\data\Cedar\full_org\original_1_4.png,C:\Users\arfan\OneDrive\Desktop\forgery\data\Cedar\full_forg\forgeries_1_21.png,0,1
C:\Users\arfan\OneDrive\Desktop\forgery\data\Cedar\full_org\original_25_22.png,C:\Users\arfan\OneDrive\Desktop\forgery\data\Cedar\full_forg\forgeries_25_7.png,0,25
C:\Users\arfan\OneDrive\Desktop\forgery\data\Cedar\full_org\original_11_3.png,C:\Users\arfan\OneDrive\Desktop\forgery\data\Cedar\full_forg\forgeries_11_8.png,0,11
C:\Users\arfan\OneDrive\Desktop\forgery\data\Cedar\full_org\original_48_6.png,C:\Users\arfan\OneDrive\Desktop\forgery\data\Cedar\full_forg\forgeries_48_20.png,0,48
C:\Users\arfan\OneDrive\Desktop\forgery\data\Cedar\full_org\original_1_22.png,C:\Users\arfan\OneDrive\Desktop\forgery\data\Cedar\full_org\original_1_23.png,1,1
C:\Users\arfan\OneDrive\Desktop\forgery\data\Cedar\full_org\original_41_20.png,C:\Users\arfan\OneDrive\Desktop\forgery\data\Cedar\full_org\original_41_3.png,1,41
C:\Users\arfan\OneDrive\Desktop\forgery\data\Cedar\full_org\original_5_14.png,C:\Users\arfan\OneDrive\Desktop\forgery\data\Cedar\full_org\original_5_22.png,1,5
C:\Users\arfan\OneDrive\Desktop\forgery\data\Cedar\full_org\original_18_22.png,C:\Users\arfan\OneDrive\Desktop\forgery\data\Cedar\full_org\original_18_6.png,1,18
C:\Users\arfan\OneDrive\Desktop\forgery\data\Cedar\full_org\original_48_5.png,C:\Users\arfan\OneDrive\Desktop\forgery\data\Cedar\full_forg\forgeries_48_1.png,0,48
C:\Users\arfan\OneDrive\Desktop\forgery\data\Cedar\full_org\original_28_2.png,C:\Users\arfan\OneDrive\Desktop\forgery\data\Cedar\full_org\original_28_4.png,1,28
C:\Users\arfan\OneDrive\Desktop\forgery\data\Cedar\full_org\original_49_1.png,C:\Users\arfan\OneDrive\Desktop\forgery\data\Cedar\full_org\original_49_17.png,1,49
C:\Users\arfan\OneDrive\Desktop\forgery\data\Cedar\full_org\original_29_19.png,C:\Users\arfan\OneDrive\Desktop\forgery\data\Cedar\full_forg\forgeries_29_22.png,0,29
C:\Users\arfan\OneDrive\Desktop\forgery\data\Cedar\full_org\original_48_18.png,C:\Users\arfan\OneDrive\Desktop\forgery\data\Cedar\full_org\original_48_2.png,1,48
C:\Users\arfan\OneDrive\Desktop\forgery\data\Cedar\full_org\original_48_23.png,C:\Users\arfan\OneDrive\Desktop\forgery\data\Cedar\full_org\original_48_4.png,1,48
C:\Users\arfan\OneDrive\Desktop\forgery\data\Cedar\full_org\original_10_3.png,C:\Users\arfan\OneDrive\Desktop\forgery\data\Cedar\full_forg\forgeries_10_1.png,0,10
C:\Users\arfan\OneDrive\Desktop\forgery\data\Cedar\full_org\original_41_19.png,C:\Users\arfan\OneDrive\Desktop\forgery\data\Cedar\full_org\original_41_8.png,1,41
C:\Users\arfan\OneDrive\Desktop\forgery\data\Cedar\full_org\original_7_6.png,C:\Users\arfan\OneDrive\Desktop\forgery\data\Cedar\full_forg\forgeries_7_13.png,0,7
C:\Users\arfan\OneDrive\Desktop\forgery\data\Cedar\full_org\original_15_12.png,C:\Users\arfan\OneDrive\Desktop\forgery\data\Cedar\full_org\original_15_9.png,1,15
C:\Users\arfan\OneDrive\Desktop\forgery\data\Cedar\full_org\original_29_11.png,C:\Users\arfan\OneDrive\Desktop\forgery\data\Cedar\full_org\original_29_17.png,1,29
C:\Users\arfan\OneDrive\Desktop\forgery\data\Cedar\full_org\original_5_20.png,C:\Users\arfan\OneDrive\Desktop\forgery\data\Cedar\full_org\original_5_6.png,1,5
C:\Users\arfan\OneDrive\Desktop\forgery\data\Cedar\full_org\original_2_2.png,C:\Users\arfan\OneDrive\Desktop\forgery\data\Cedar\full_org\original_2_6.png,1,2
C:\Users\arfan\OneDrive\Desktop\forgery\data\Cedar\full_org\original_5_20.png,C:\Users\arfan\OneDrive\Desktop\forgery\data\Cedar\full_forg\forgeries_5_4.png,0,5
C:\Users\arfan\OneDrive\Desktop\forgery\data\Cedar\full_org\original_51_12.png,C:\Users\arfan\OneDrive\Desktop\forgery\data\Cedar\full_org\original_51_14.png,1,51
C:\Users\arfan\OneDrive\Desktop\forgery\data\Cedar\full_org\original_52_21.png,C:\Users\arfan\OneDrive\Desktop\forgery\data\Cedar\full_org\original_52_5.png,1,52
C:\Users\arfan\OneDrive\Desktop\forgery\data\Cedar\full_org\original_47_8.png,C:\Users\arfan\OneDrive\Desktop\forgery\data\Cedar\full_forg\forgeries_47_1.png,0,47
C:\Users\arfan\OneDrive\Desktop\forgery\data\Cedar\full_org\original_25_19.png,C:\Users\arfan\OneDrive\Desktop\forgery\data\Cedar\full_forg\forgeries_25_12.png,0,25
C:\Users\arfan\OneDrive\Desktop\forgery\data\Cedar\full_org\original_54_5.png,C:\Users\arfan\OneDrive\Desktop\forgery\data\Cedar\full_forg\forgeries_54_8.png,0,54
C:\Users\arfan\OneDrive\Desktop\forgery\data\Cedar\full_org\original_21_16.png,C:\Users\arfan\OneDrive\Desktop\forgery\data\Cedar\full_forg\forgeries_21_3.png,0,21
C:\Users\arfan\OneDrive\Desktop\forgery\data\Cedar\full_org\original_16_22.png,C:\Users\arfan\OneDrive\Desktop\forgery\data\Cedar\full_org\original_16_9.png,1,16
C:\Users\arfan\OneDrive\Desktop\forgery\data\Cedar\full_org\original_12_1.png,C:\Users\arfan\OneDrive\Desktop\forgery\data\Cedar\full_forg\forgeries_12_16.png,0,12
C:\Users\arfan\OneDrive\Desktop\forgery\data\Cedar\full_org\original_26_1.png,C:\Users\arfan\OneDrive\Desktop\forgery\data\Cedar\full_org\original_26_8.png,1,26
C:\Users\arfan\OneDrive\Desktop\forgery\data\Cedar\full_org\original_25_14.png,C:\Users\arfan\OneDrive\Desktop\forgery\data\Cedar\full_org\original_25_4.png,1,25
C:\Users\arfan\OneDrive\Desktop\forgery\data\Cedar\full_org\original_55_14.png,C:\Users\arfan\OneDrive\Desktop\forgery\data\Cedar\full_org\original_55_20.png,1,55
C:\Users\arfan\OneDrive\Desktop\forgery\data\Cedar\full_org\original_39_7.png,C:\Users\arfan\OneDrive\Desktop\forgery\data\Cedar\full_forg\forgeries_39_17.png,0,39
C:\Users\arfan\OneDrive\Desktop\forgery\data\Cedar\full_org\original_35_18.png,C:\Users\arfan\OneDrive\Desktop\forgery\data\Cedar\full_forg\forgeries_35_18.png,0,35
C:\Users\arfan\OneDrive\Desktop\forgery\data\Cedar\full_org\original_17_9.png,C:\Users\arfan\OneDrive\Desktop\forgery\data\Cedar\full_forg\forgeries_17_14.png,0,17
C:\Users\arfan\OneDrive\Desktop\forgery\data\Cedar\full_org\original_12_10.png,C:\Users\arfan\OneDrive\Desktop\forgery\data\Cedar\full_forg\forgeries_12_7.png,0,12
C:\Users\arfan\OneDrive\Desktop\forgery\data\Cedar\full_org\original_5_7.png,C:\Users\arfan\OneDrive\Desktop\forgery\data\Cedar\full_forg\forgeries_5_18.png,0,5
C:\Users\arfan\OneDrive\Desktop\forgery\data\Cedar\full_org\original_37_21.png,C:\Users\arfan\OneDrive\Desktop\forgery\data\Cedar\full_forg\forgeries_37_22.png,0,37
C:\Users\arfan\OneDrive\Desktop\forgery\data\Cedar\full_org\original_26_23.png,C:\Users\arfan\OneDrive\Desktop\forgery\data\Cedar\full_forg\forgeries_26_24.png,0,26
C:\Users\arfan\OneDrive\Desktop\forgery\data\Cedar\full_org\original_34_14.png,C:\Users\arfan\OneDrive\Desktop\forgery\data\Cedar\full_org\original_34_18.png,1,34
C:\Users\arfan\OneDrive\Desktop\forgery\data\Cedar\full_org\original_10_16.png,C:\Users\arfan\OneDrive\Desktop\forgery\data\Cedar\full_forg\forgeries_10_13.png,0,10
C:\Users\arfan\OneDrive\Desktop\forgery\data\Cedar\full_org\original_54_16.png,C:\Users\arfan\OneDrive\Desktop\forgery\data\Cedar\full_org\original_54_4.png,1,54
C:\Users\arfan\OneDrive\Desktop\forgery\data\Cedar\full_org\original_9_21.png,C:\Users\arfan\OneDrive\Desktop\forgery\data\Cedar\full_forg\forgeries_9_20.png,0,9
C:\Users\arfan\OneDrive\Desktop\forgery\data\Cedar\full_org\original_46_10.png,C:\Users\arfan\OneDrive\Desktop\forgery\data\Cedar\full_org\original_46_24.png,1,46
C:\Users\arfan\OneDrive\Desktop\forgery\data\Cedar\full_org\original_24_7.png,C:\Users\arfan\OneDrive\Desktop\forgery\data\Cedar\full_forg\forgeries_24_23.png,0,24
C:\Users\arfan\OneDrive\Desktop\forgery\data\Cedar\full_org\original_22_10.png,C:\Users\arfan\OneDrive\Desktop\forgery\data\Cedar\full_forg\forgeries_22_24.png,0,22
C:\Users\arfan\OneDrive\Desktop\forgery\data\Cedar\full_org\original_29_14.png,C:\Users\arfan\OneDrive\Desktop\forgery\data\Cedar\full_org\original_29_17.png,1,29
C:\Users\arfan\OneDrive\Desktop\forgery\data\Cedar\full_org\original_1_13.png,C:\Users\arfan\OneDrive\Desktop\forgery\data\Cedar\full_org\original_1_4.png,1,1
C:\Users\arfan\OneDrive\Desktop\forgery\data\Cedar\full_org\original_16_17.png,C:\Users\arfan\OneDrive\Desktop\forgery\data\Cedar\full_forg\forgeries_16_17.png,0,16
C:\Users\arfan\OneDrive\Desktop\forgery\data\Cedar\full_org\original_8_10.png,C:\Users\arfan\OneDrive\Desktop\forgery\data\Cedar\full_org\original_8_14.png,1,8
C:\Users\arfan\OneDrive\Desktop\forgery\data\Cedar\full_org\original_21_11.png,C:\Users\arfan\OneDrive\Desktop\forgery\data\Cedar\full_forg\forgeries_21_23.png,0,21
C:\Users\arfan\OneDrive\Desktop\forgery\data\Cedar\full_org\original_22_6.png,C:\Users\arfan\OneDrive\Desktop\forgery\data\Cedar\full_forg\forgeries_22_1.png,0,22
C:\Users\arfan\OneDrive\Desktop\forgery\data\Cedar\full_org\original_9_15.png,C:\Users\arfan\OneDrive\Desktop\forgery\data\Cedar\full_org\original_9_3.png,1,9
C:\Users\arfan\OneDrive\Desktop\forgery\data\Cedar\full_org\original_26_21.png,C:\Users\arfan\OneDrive\Desktop\forgery\data\Cedar\full_forg\forgeries_26_1.png,0,26
C:\Users\arfan\OneDrive\Desktop\forgery\data\Cedar\full_org\original_17_12.png,C:\Users\arfan\OneDrive\Desktop\forgery\data\Cedar\full_org\original_17_20.png,1,17
C:\Users\arfan\OneDrive\Desktop\forgery\data\Cedar\full_org\original_17_3.png,C:\Users\arfan\OneDrive\Desktop\forgery\data\Cedar\full_forg\forgeries_17_18.png,0,17
C:\Users\arfan\OneDrive\Desktop\forgery\data\Cedar\full_org\original_17_11.png,C:\Users\arfan\OneDrive\Desktop\forgery\data\Cedar\full_org\original_17_21.png,1,17
C:\Users\arfan\OneDrive\Desktop\forgery\data\Cedar\full_org\original_22_5.png,C:\Users\arfan\OneDrive\Desktop\forgery\data\Cedar\full_forg\forgeries_22_14.png,0,22
C:\Users\arfan\OneDrive\Desktop\forgery\data\Cedar\full_org\original_55_17.png,C:\Users\arfan\OneDrive\Desktop\forgery\data\Cedar\full_org\original_55_24.png,1,55
C:\Users\arfan\OneDrive\Desktop\forgery\data\Cedar\full_org\original_52_24.png,C:\Users\arfan\OneDrive\Desktop\forgery\data\Cedar\full_forg\forgeries_52_4.png,0,52
C:\Users\arfan\OneDrive\Desktop\forgery\data\Cedar\full_org\original_8_24.png,C:\Users\arfan\OneDrive\Desktop\forgery\data\Cedar\full_forg\forgeries_8_14.png,0,8
C:\Users\arfan\OneDrive\Desktop\forgery\data\Cedar\full_org\original_26_9.png,C:\Users\arfan\OneDrive\Desktop\forgery\data\Cedar\full_forg\forgeries_26_6.png,0,26
C:\Users\arfan\OneDrive\Desktop\forgery\data\Cedar\full_org\original_8_2.png,C:\Users\arfan\OneDrive\Desktop\forgery\data\Cedar\full_org\original_8_4.png,1,8
C:\Users\arfan\OneDrive\Desktop\forgery\data\Cedar\full_org\original_24_15.png,C:\Users\arfan\OneDrive\Desktop\forgery\data\Cedar\full_org\original_24_5.png,1,24
C:\Users\arfan\OneDrive\Desktop\forgery\data\Cedar\full_org\original_46_12.png,C:\Users\arfan\OneDrive\Desktop\forgery\data\Cedar\full_org\original_46_22.png,1,46
C:\Users\arfan\OneDrive\Desktop\forgery\data\Cedar\full_org\original_31_10.png,C:\Users\arfan\OneDrive\Desktop\forgery\data\Cedar\full_forg\forgeries_31_18.png,0,31
C:\Users\arfan\OneDrive\Desktop\forgery\data\Cedar\full_org\original_24_11.png,C:\Users\arfan\OneDrive\Desktop\forgery\data\Cedar\full_org\original_24_21.png,1,24
C:\Users\arfan\OneDrive\Desktop\forgery\data\Cedar\full_org\original_24_21.png,C:\Users\arfan\OneDrive\Desktop\forgery\data\Cedar\full_forg\forgeries_24_24.png,0,24
C:\Users\arfan\OneDrive\Desktop\forgery\data\Cedar\full_org\original_37_17.png,C:\Users\arfan\OneDrive\Desktop\forgery\data\Cedar\full_forg\forgeries_37_19.png,0,37
C:\Users\arfan\OneDrive\Desktop\forgery\data\Cedar\full_org\original_38_10.png,C:\Users\arfan\OneDrive\Desktop\forgery\data\Cedar\full_org\original_38_18.png,1,38
C:\Users\arfan\OneDrive\Desktop\forgery\data\Cedar\full_org\original_28_13.png,C:\Users\arfan\OneDrive\Desktop\forgery\data\Cedar\full_org\original_28_20.png,1,28
C:\Users\arfan\OneDrive\Desktop\forgery\data\Cedar\full_org\original_34_11.png,C:\Users\arfan\OneDrive\Desktop\forgery\data\Cedar\full_org\original_34_9.png,1,34
C:\Users\arfan\OneDrive\Desktop\forgery\data\Cedar\full_org\original_25_11.png,C:\Users\arfan\OneDrive\Desktop\forgery\data\Cedar\full_org\original_25_9.png,1,25
C:\Users\arfan\OneDrive\Desktop\forgery\data\Cedar\full_org\original_31_10.png,C:\Users\arfan\OneDrive\Desktop\forgery\data\Cedar\full_org\original_31_8.png,1,31
C:\Users\arfan\OneDrive\Desktop\forgery\data\Cedar\full_org\original_26_23.png,C:\Users\arfan\OneDrive\Desktop\forgery\data\Cedar\full_forg\forgeries_26_17.png,0,26
C:\Users\arfan\OneDrive\Desktop\forgery\data\Cedar\full_org\original_12_5.png,C:\Users\arfan\OneDrive\Desktop\forgery\data\Cedar\full_forg\forgeries_12_5.png,0,12
C:\Users\arfan\OneDrive\Desktop\forgery\data\Cedar\full_org\original_24_6.png,C:\Users\arfan\OneDrive\Desktop\forgery\data\Cedar\full_forg\forgeries_24_16.png,0,24
C:\Users\arfan\OneDrive\Desktop\forgery\data\Cedar\full_org\original_25_6.png,C:\Users\arfan\OneDrive\Desktop\forgery\data\Cedar\full_forg\forgeries_25_18.png,0,25
C:\Users\arfan\OneDrive\Desktop\forgery\data\Cedar\full_org\original_1_12.png,C:\Users\arfan\OneDrive\Desktop\forgery\data\Cedar\full_forg\forgeries_1_16.png,0,1
C:\Users\arfan\OneDrive\Desktop\forgery\data\Cedar\full_org\original_49_2.png,C:\Users\arfan\OneDrive\Desktop\forgery\data\Cedar\full_forg\forgeries_49_12.png,0,49
C:\Users\arfan\OneDrive\Desktop\forgery\data\Cedar\full_org\original_7_14.png,C:\Users\arfan\OneDrive\Desktop\forgery\data\Cedar\full_forg\forgeries_7_13.png,0,7
C:\Users\arfan\OneDrive\Desktop\forgery\data\Cedar\full_org\original_8_7.png,C:\Users\arfan\OneDrive\Desktop\forgery\data\Cedar\full_forg\forgeries_8_14.png,0,8
C:\Users\arfan\OneDrive\Desktop\forgery\data\Cedar\full_org\original_3_20.png,C:\Users\arfan\OneDrive\Desktop\forgery\data\Cedar\full_org\original_3_9.png,1,3
C:\Users\arfan\OneDrive\Desktop\forgery\data\Cedar\full_org\original_45_1.png,C:\Users\arfan\OneDrive\Desktop\forgery\data\Cedar\full_org\original_45_7.png,1,45
C:\Users\arfan\OneDrive\Desktop\forgery\data\Cedar\full_org\original_18_6.png,C:\Users\arfan\OneDrive\Desktop\forgery\data\Cedar\full_forg\forgeries_18_7.png,0,18
C:\Users\arfan\OneDrive\Desktop\forgery\data\Cedar\full_org\original_1_3.png,C:\Users\arfan\OneDrive\Desktop\forgery\data\Cedar\full_forg\forgeries_1_9.png,0,1
C:\Users\arfan\OneDrive\Desktop\forgery\data\Cedar\full_org\original_9_10.png,C:\Users\arfan\OneDrive\Desktop\forgery\data\Cedar\full_org\original_9_9.png,1,9
C:\Users\arfan\OneDrive\Desktop\forgery\data\Cedar\full_org\original_45_18.png,C:\Users\arfan\OneDrive\Desktop\forgery\data\Cedar\full_org\original_45_22.png,1,45
C:\Users\arfan\OneDrive\Desktop\forgery\data\Cedar\full_org\original_2_15.png,C:\Users\arfan\OneDrive\Desktop\forgery\data\Cedar\full_forg\forgeries_2_11.png,0,2
C:\Users\arfan\OneDrive\Desktop\forgery\data\Cedar\full_org\original_1_20.png,C:\Users\arfan\OneDrive\Desktop\forgery\data\Cedar\full_forg\forgeries_1_24.png,0,1
C:\Users\arfan\OneDrive\Desktop\forgery\data\Cedar\full_org\original_43_16.png,C:\Users\arfan\OneDrive\Desktop\forgery\data\Cedar\full_forg\forgeries_43_17.png,0,43
C:\Users\arfan\OneDrive\Desktop\forgery\data\Cedar\full_org\original_24_20.png,C:\Users\arfan\OneDrive\Desktop\forgery\data\Cedar\full_org\original_24_3.png,1,24
C:\Users\arfan\OneDrive\Desktop\forgery\data\Cedar\full_org\original_36_21.png,C:\Users\arfan\OneDrive\Desktop\forgery\data\Cedar\full_org\original_36_9.png,1,36
C:\Users\arfan\OneDrive\Desktop\forgery\data\Cedar\full_org\original_1_1.png,C:\Users\arfan\OneDrive\Desktop\forgery\data\Cedar\full_org\original_1_5.png,1,1
C:\Users\arfan\OneDrive\Desktop\forgery\data\Cedar\full_org\original_43_2.png,C:\Users\arfan\OneDrive\Desktop\forgery\data\Cedar\full_org\original_43_7.png,1,43
C:\Users\arfan\OneDrive\Desktop\forgery\data\Cedar\full_org\original_15_13.png,C:\Users\arfan\OneDrive\Desktop\forgery\data\Cedar\full_org\original_15_15.png,1,15
C:\Users\arfan\OneDrive\Desktop\forgery\data\Cedar\full_org\original_25_2.png,C:\Users\arfan\OneDrive\Desktop\forgery\data\Cedar\full_forg\forgeries_25_13.png,0,25
C:\Users\arfan\OneDrive\Desktop\forgery\data\Cedar\full_org\original_41_1.png,C:\Users\arfan\OneDrive\Desktop\forgery\data\Cedar\full_org\original_41_8.png,1,41
C:\Users\arfan\OneDrive\Desktop\forgery\data\Cedar\full_org\original_11_15.png,C:\Users\arfan\OneDrive\Desktop\forgery\data\Cedar\full_org\original_11_22.png,1,11
C:\Users\arfan\OneDrive\Desktop\forgery\data\Cedar\full_org\original_45_15.png,C:\Users\arfan\OneDrive\Desktop\forgery\data\Cedar\full_org\original_45_4.png,1,45
C:\Users\arfan\OneDrive\Desktop\forgery\data\Cedar\full_org\original_22_1.png,C:\Users\arfan\OneDrive\Desktop\forgery\data\Cedar\full_forg\forgeries_22_23.png,0,22
C:\Users\arfan\OneDrive\Desktop\forgery\data\Cedar\full_org\original_2_14.png,C:\Users\arfan\OneDrive\Desktop\forgery\data\Cedar\full_forg\forgeries_2_23.png,0,2
C:\Users\arfan\OneDrive\Desktop\forgery\data\Cedar\full_org\original_43_21.png,C:\Users\arfan\OneDrive\Desktop\forgery\data\Cedar\full_org\original_43_24.png,1,43
C:\Users\arfan\OneDrive\Desktop\forgery\data\Cedar\full_org\original_9_2.png,C:\Users\arfan\OneDrive\Desktop\forgery\data\Cedar\full_org\original_9_24.png,1,9
C:\Users\arfan\OneDrive\Desktop\forgery\data\Cedar\full_org\original_36_3.png,C:\Users\arfan\OneDrive\Desktop\forgery\data\Cedar\full_org\original_36_7.png,1,36
C:\Users\arfan\OneDrive\Desktop\forgery\data\Cedar\full_org\original_43_17.png,C:\Users\arfan\OneDrive\Desktop\forgery\data\Cedar\full_org\original_43_22.png,1,43
C:\Users\arfan\OneDrive\Desktop\forgery\data\Cedar\full_org\original_52_19.png,C:\Users\arfan\OneDrive\Desktop\forgery\data\Cedar\full_forg\forgeries_52_21.png,0,52
C:\Users\arfan\OneDrive\Desktop\forgery\data\Cedar\full_org\original_9_13.png,C:\Users\arfan\OneDrive\Desktop\forgery\data\Cedar\full_forg\forgeries_9_4.png,0,9
C:\Users\arfan\OneDrive\Desktop\forgery\data\Cedar\full_org\original_45_13.png,C:\Users\arfan\OneDrive\Desktop\forgery\data\Cedar\full_org\original_45_14.png,1,45
C:\Users\arfan\OneDrive\Desktop\forgery\data\Cedar\full_org\original_9_19.png,C:\Users\arfan\OneDrive\Desktop\forgery\data\Cedar\full_org\original_9_21.png,1,9
C:\Users\arfan\OneDrive\Desktop\forgery\data\Cedar\full_org\original_17_16.png,C:\Users\arfan\OneDrive\Desktop\forgery\data\Cedar\full_forg\forgeries_17_15.png,0,17
C:\Users\arfan\OneDrive\Desktop\forgery\data\Cedar\full_org\original_11_9.png,C:\Users\arfan\OneDrive\Desktop\forgery\data\Cedar\full_forg\forgeries_11_2.png,0,11
C:\Users\arfan\OneDrive\Desktop\forgery\data\Cedar\full_org\original_36_4.png,C:\Users\arfan\OneDrive\Desktop\forgery\data\Cedar\full_org\original_36_5.png,1,36
C:\Users\arfan\OneDrive\Desktop\forgery\data\Cedar\full_org\original_28_4.png,C:\Users\arfan\OneDrive\Desktop\forgery\data\Cedar\full_org\original_28_6.png,1,28
C:\Users\arfan\OneDrive\Desktop\forgery\data\Cedar\full_org\original_22_13.png,C:\Users\arfan\OneDrive\Desktop\forgery\data\Cedar\full_org\original_22_22.png,1,22
C:\Users\arfan\OneDrive\Desktop\forgery\data\Cedar\full_org\original_11_20.png,C:\Users\arfan\OneDrive\Desktop\forgery\data\Cedar\full_forg\forgeries_11_22.png,0,11
C:\Users\arfan\OneDrive\Desktop\forgery\data\Cedar\full_org\original_28_15.png,C:\Users\arfan\OneDrive\Desktop\forgery\data\Cedar\full_forg\forgeries_28_8.png,0,28
C:\Users\arfan\OneDrive\Desktop\forgery\data\Cedar\full_org\original_11_3.png,C:\Users\arfan\OneDrive\Desktop\forgery\data\Cedar\full_forg\forgeries_11_15.png,0,11
C:\Users\arfan\OneDrive\Desktop\forgery\data\Cedar\full_org\original_55_18.png,C:\Users\arfan\OneDrive\Desktop\forgery\data\Cedar\full_org\original_55_20.png,1,55
C:\Users\arfan\OneDrive\Desktop\forgery\data\Cedar\full_org\original_47_15.png,C:\Users\arfan\OneDrive\Desktop\forgery\data\Cedar\full_forg\forgeries_47_3.png,0,47
C:\Users\arfan\OneDrive\Desktop\forgery\data\Cedar\full_org\original_31_4.png,C:\Users\arfan\OneDrive\Desktop\forgery\data\Cedar\full_forg\forgeries_31_23.png,0,31
C:\Users\arfan\OneDrive\Desktop\forgery\data\Cedar\full_org\original_31_2.png,C:\Users\arfan\OneDrive\Desktop\forgery\data\Cedar\full_org\original_31_7.png,1,31
C:\Users\arfan\OneDrive\Desktop\forgery\data\Cedar\full_org\original_8_3.png,C:\Users\arfan\OneDrive\Desktop\forgery\data\Cedar\full_forg\forgeries_8_15.png,0,8
C:\Users\arfan\OneDrive\Desktop\forgery\data\Cedar\full_org\original_23_18.png,C:\Users\arfan\OneDrive\Desktop\forgery\data\Cedar\full_org\original_23_19.png,1,23
C:\Users\arfan\OneDrive\Desktop\forgery\data\Cedar\full_org\original_35_11.png,C:\Users\arfan\OneDrive\Desktop\forgery\data\Cedar\full_org\original_35_3.png,1,35
C:\Users\arfan\OneDrive\Desktop\forgery\data\Cedar\full_org\original_35_2.png,C:\Users\arfan\OneDrive\Desktop\forgery\data\Cedar\full_org\original_35_20.png,1,35
C:\Users\arfan\OneDrive\Desktop\forgery\data\Cedar\full_org\original_35_8.png,C:\Users\arfan\OneDrive\Desktop\forgery\data\Cedar\full_forg\forgeries_35_4.png,0,35
C:\Users\arfan\OneDrive\Desktop\forgery\data\Cedar\full_org\original_35_12.png,C:\Users\arfan\OneDrive\Desktop\forgery\data\Cedar\full_org\original_35_24.png,1,35
C:\Users\arfan\OneDrive\Desktop\forgery\data\Cedar\full_org\original_46_4.png,C:\Users\arfan\OneDrive\Desktop\forgery\data\Cedar\full_forg\forgeries_46_16.png,0,46
C:\Users\arfan\OneDrive\Desktop\forgery\data\Cedar\full_org\original_11_10.png,C:\Users\arfan\OneDrive\Desktop\forgery\data\Cedar\full_forg\forgeries_11_5.png,0,11
C:\Users\arfan\OneDrive\Desktop\forgery\data\Cedar\full_org\original_52_6.png,C:\Users\arfan\OneDrive\Desktop\forgery\data\Cedar\full_forg\forgeries_52_5.png,0,52
C:\Users\arfan\OneDrive\Desktop\forgery\data\Cedar\full_org\original_37_2.png,C:\Users\arfan\OneDrive\Desktop\forgery\data\Cedar\full_org\original_37_9.png,1,37
C:\Users\arfan\OneDrive\Desktop\forgery\data\Cedar\full_org\original_53_13.png,C:\Users\arfan\OneDrive\Desktop\forgery\data\Cedar\full_org\original_53_18.png,1,53
C:\Users\arfan\OneDrive\Desktop\forgery\data\Cedar\full_org\original_47_15.png,C:\Users\arfan\OneDrive\Desktop\forgery\data\Cedar\full_org\original_47_16.png,1,47
C:\Users\arfan\OneDrive\Desktop\forgery\data\Cedar\full_org\original_31_5.png,C:\Users\arfan\OneDrive\Desktop\forgery\data\Cedar\full_forg\forgeries_31_13.png,0,31
C:\Users\arfan\OneDrive\Desktop\forgery\data\Cedar\full_org\original_49_11.png,C:\Users\arfan\OneDrive\Desktop\forgery\data\Cedar\full_org\original_49_24.png,1,49
C:\Users\arfan\OneDrive\Desktop\forgery\data\Cedar\full_org\original_48_19.png,C:\Users\arfan\OneDrive\Desktop\forgery\data\Cedar\full_org\original_48_2.png,1,48
C:\Users\arfan\OneDrive\Desktop\forgery\data\Cedar\full_org\original_2_7.png,C:\Users\arfan\OneDrive\Desktop\forgery\data\Cedar\full_forg\forgeries_2_24.png,0,2
C:\Users\arfan\OneDrive\Desktop\forgery\data\Cedar\full_org\original_45_14.png,C:\Users\arfan\OneDrive\Desktop\forgery\data\Cedar\full_forg\forgeries_45_5.png,0,45
C:\Users\arfan\OneDrive\Desktop\forgery\data\Cedar\full_org\original_2_24.png,C:\Users\arfan\OneDrive\Desktop\forgery\data\Cedar\full_forg\forgeries_2_12.png,0,2
C:\Users\arfan\OneDrive\Desktop\forgery\data\Cedar\full_org\original_48_2.png,C:\Users\arfan\OneDrive\Desktop\forgery\data\Cedar\full_org\original_48_3.png,1,48
C:\Users\arfan\OneDrive\Desktop\forgery\data\Cedar\full_org\original_10_22.png,C:\Users\arfan\OneDrive\Desktop\forgery\data\Cedar\full_forg\forgeries_10_5.png,0,10
C:\Users\arfan\OneDrive\Desktop\forgery\data\Cedar\full_org\original_47_7.png,C:\Users\arfan\OneDrive\Desktop\forgery\data\Cedar\full_forg\forgeries_47_24.png,0,47
C:\Users\arfan\OneDrive\Desktop\forgery\data\Cedar\full_org\original_51_22.png,C:\Users\arfan\OneDrive\Desktop\forgery\data\Cedar\full_forg\forgeries_51_22.png,0,51
C:\Users\arfan\OneDrive\Desktop\forgery\data\Cedar\full_org\original_55_11.png,C:\Users\arfan\OneDrive\Desktop\forgery\data\Cedar\full_forg\forgeries_55_11.png,0,55
C:\Users\arfan\OneDrive\Desktop\forgery\data\Cedar\full_org\original_21_20.png,C:\Users\arfan\OneDrive\Desktop\forgery\data\Cedar\full_org\original_21_23.png,1,21
C:\Users\arfan\OneDrive\Desktop\forgery\data\Cedar\full_org\original_22_18.png,C:\Users\arfan\OneDrive\Desktop\forgery\data\Cedar\full_org\original_22_2.png,1,22
C:\Users\arfan\OneDrive\Desktop\forgery\data\Cedar\full_org\original_39_14.png,C:\Users\arfan\OneDrive\Desktop\forgery\data\Cedar\full_forg\forgeries_39_19.png,0,39
C:\Users\arfan\OneDrive\Desktop\forgery\data\Cedar\full_org\original_49_6.png,C:\Users\arfan\OneDrive\Desktop\forgery\data\Cedar\full_forg\forgeries_49_8.png,0,49
C:\Users\arfan\OneDrive\Desktop\forgery\data\Cedar\full_org\original_4_23.png,C:\Users\arfan\OneDrive\Desktop\forgery\data\Cedar\full_org\original_4_3.png,1,4
C:\Users\arfan\OneDrive\Desktop\forgery\data\Cedar\full_org\original_12_2.png,C:\Users\arfan\OneDrive\Desktop\forgery\data\Cedar\full_org\original_12_22.png,1,12
C:\Users\arfan\OneDrive\Desktop\forgery\data\Cedar\full_org\original_41_12.png,C:\Users\arfan\OneDrive\Desktop\forgery\data\Cedar\full_forg\forgeries_41_23.png,0,41
C:\Users\arfan\OneDrive\Desktop\forgery\data\Cedar\full_org\original_40_15.png,C:\Users\arfan\OneDrive\Desktop\forgery\data\Cedar\full_forg\forgeries_40_19.png,0,40
C:\Users\arfan\OneDrive\Desktop\forgery\data\Cedar\full_org\original_55_12.png,C:\Users\arfan\OneDrive\Desktop\forgery\data\Cedar\full_forg\forgeries_55_20.png,0,55
C:\Users\arfan\OneDrive\Desktop\forgery\data\Cedar\full_org\original_40_19.png,C:\Users\arfan\OneDrive\Desktop\forgery\data\Cedar\full_org\original_40_5.png,1,40
C:\Users\arfan\OneDrive\Desktop\forgery\data\Cedar\full_org\original_35_18.png,C:\Users\arfan\OneDrive\Desktop\forgery\data\Cedar\full_org\original_35_3.png,1,35
C:\Users\arfan\OneDrive\Desktop\forgery\data\Cedar\full_org\original_31_4.png,C:\Users\arfan\OneDrive\Desktop\forgery\data\Cedar\full_forg\forgeries_31_9.png,0,31
C:\Users\arfan\OneDrive\Desktop\forgery\data\Cedar\full_org\original_16_12.png,C:\Users\arfan\OneDrive\Desktop\forgery\data\Cedar\full_org\original_16_22.png,1,16
C:\Users\arfan\OneDrive\Desktop\forgery\data\Cedar\full_org\original_37_6.png,C:\Users\arfan\OneDrive\Desktop\forgery\data\Cedar\full_forg\forgeries_37_23.png,0,37
C:\Users\arfan\OneDrive\Desktop\forgery\data\Cedar\full_org\original_17_24.png,C:\Users\arfan\OneDrive\Desktop\forgery\data\Cedar\full_org\original_17_5.png,1,17
C:\Users\arfan\OneDrive\Desktop\forgery\data\Cedar\full_org\original_53_18.png,C:\Users\arfan\OneDrive\Desktop\forgery\data\Cedar\full_forg\forgeries_53_17.png,0,53
C:\Users\arfan\OneDrive\Desktop\forgery\data\Cedar\full_org\original_3_11.png,C:\Users\arfan\OneDrive\Desktop\forgery\data\Cedar\full_org\original_3_16.png,1,3
C:\Users\arfan\OneDrive\Desktop\forgery\data\Cedar\full_org\original_8_15.png,C:\Users\arfan\OneDrive\Desktop\forgery\data\Cedar\full_org\original_8_23.png,1,8
C:\Users\arfan\OneDrive\Desktop\forgery\data\Cedar\full_org\original_24_19.png,C:\Users\arfan\OneDrive\Desktop\forgery\data\Cedar\full_org\original_24_20.png,1,24
C:\Users\arfan\OneDrive\Desktop\forgery\data\Cedar\full_org\original_54_3.png,C:\Users\arfan\OneDrive\Desktop\forgery\data\Cedar\full_forg\forgeries_54_18.png,0,54
C:\Users\arfan\OneDrive\Desktop\forgery\data\Cedar\full_org\original_51_12.png,C:\Users\arfan\OneDrive\Desktop\forgery\data\Cedar\full_org\original_51_7.png,1,51
C:\Users\arfan\OneDrive\Desktop\forgery\data\Cedar\full_org\original_8_23.png,C:\Users\arfan\OneDrive\Desktop\forgery\data\Cedar\full_forg\forgeries_8_18.png,0,8
C:\Users\arfan\OneDrive\Desktop\forgery\data\Cedar\full_org\original_10_23.png,C:\Users\arfan\OneDrive\Desktop\forgery\data\Cedar\full_forg\forgeries_10_20.png,0,10
C:\Users\arfan\OneDrive\Desktop\forgery\data\Cedar\full_org\original_36_11.png,C:\Users\arfan\OneDrive\Desktop\forgery\data\Cedar\full_forg\forgeries_36_7.png,0,36
C:\Users\arfan\OneDrive\Desktop\forgery\data\Cedar\full_org\original_43_11.png,C:\Users\arfan\OneDrive\Desktop\forgery\data\Cedar\full_org\original_43_2.png,1,43
C:\Users\arfan\OneDrive\Desktop\forgery\data\Cedar\full_org\original_22_11.png,C:\Users\arfan\OneDrive\Desktop\forgery\data\Cedar\full_forg\forgeries_22_11.png,0,22
C:\Users\arfan\OneDrive\Desktop\forgery\data\Cedar\full_org\original_51_13.png,C:\Users\arfan\OneDrive\Desktop\forgery\data\Cedar\full_org\original_51_15.png,1,51
C:\Users\arfan\OneDrive\Desktop\forgery\data\Cedar\full_org\original_43_13.png,C:\Users\arfan\OneDrive\Desktop\forgery\data\Cedar\full_forg\forgeries_43_14.png,0,43
C:\Users\arfan\OneDrive\Desktop\forgery\data\Cedar\full_org\original_47_7.png,C:\Users\arfan\OneDrive\Desktop\forgery\data\Cedar\full_forg\forgeries_47_5.png,0,47
C:\Users\arfan\OneDrive\Desktop\forgery\data\Cedar\full_org\original_36_9.png,C:\Users\arfan\OneDrive\Desktop\forgery\data\Cedar\full_forg\forgeries_36_24.png,0,36
C:\Users\arfan\OneDrive\Desktop\forgery\data\Cedar\full_org\original_16_23.png,C:\Users\arfan\OneDrive\Desktop\forgery\data\Cedar\full_forg\forgeries_16_2.png,0,16
C:\Users\arfan\OneDrive\Desktop\forgery\data\Cedar\full_org\original_38_15.png,C:\Users\arfan\OneDrive\Desktop\forgery\data\Cedar\full_org\original_38_6.png,1,38
C:\Users\arfan\OneDrive\Desktop\forgery\data\Cedar\full_org\original_53_11.png,C:\Users\arfan\OneDrive\Desktop\forgery\data\Cedar\full_forg\forgeries_53_24.png,0,53
C:\Users\arfan\OneDrive\Desktop\forgery\data\Cedar\full_org\original_18_17.png,C:\Users\arfan\OneDrive\Desktop\forgery\data\Cedar\full_forg\forgeries_18_7.png,0,18
C:\Users\arfan\OneDrive\Desktop\forgery\data\Cedar\full_org\original_11_12.png,C:\Users\arfan\OneDrive\Desktop\forgery\data\Cedar\full_org\original_11_21.png,1,11
C:\Users\arfan\OneDrive\Desktop\forgery\data\Cedar\full_org\original_21_11.png,C:\Users\arfan\OneDrive\Desktop\forgery\data\Cedar\full_org\original_21_17.png,1,21
C:\Users\arfan\OneDrive\Desktop\forgery\data\Cedar\full_org\original_26_18.png,C:\Users\arfan\OneDrive\Desktop\forgery\data\Cedar\full_forg\forgeries_26_6.png,0,26
C:\Users\arfan\OneDrive\Desktop\forgery\data\Cedar\full_org\original_37_7.png,C:\Users\arfan\OneDrive\Desktop\forgery\data\Cedar\full_forg\forgeries_37_11.png,0,37
C:\Users\arfan\OneDrive\Desktop\forgery\data\Cedar\full_org\original_34_17.png,C:\Users\arfan\OneDrive\Desktop\forgery\data\Cedar\full_org\original_34_23.png,1,34
C:\Users\arfan\OneDrive\Desktop\forgery\data\Cedar\full_org\original_16_13.png,C:\Users\arfan\OneDrive\Desktop\forgery\data\Cedar\full_forg\forgeries_16_17.png,0,16
C:\Users\arfan\OneDrive\Desktop\forgery\data\Cedar\full_org\original_36_19.png,C:\Users\arfan\OneDrive\Desktop\forgery\data\Cedar\full_org\original_36_22.png,1,36
C:\Users\arfan\OneDrive\Desktop\forgery\data\Cedar\full_org\original_39_10.png,C:\Users\arfan\OneDrive\Desktop\forgery\data\Cedar\full_org\original_39_12.png,1,39
C:\Users\arfan\OneDrive\Desktop\forgery\data\Cedar\full_org\original_17_1.png,C:\Users\arfan\OneDrive\Desktop\forgery\data\Cedar\full_forg\forgeries_17_23.png,0,17
C:\Users\arfan\OneDrive\Desktop\forgery\data\Cedar\full_org\original_11_19.png,C:\Users\arfan\OneDrive\Desktop\forgery\data\Cedar\full_org\original_11_4.png,1,11
C:\Users\arfan\OneDrive\Desktop\forgery\data\Cedar\full_org\original_45_24.png,C:\Users\arfan\OneDrive\Desktop\forgery\data\Cedar\full_forg\forgeries_45_13.png,0,45
C:\Users\arfan\OneDrive\Desktop\forgery\data\Cedar\full_org\original_21_16.png,C:\Users\arfan\OneDrive\Desktop\forgery\data\Cedar\full_forg\forgeries_21_21.png,0,21
C:\Users\arfan\OneDrive\Desktop\forgery\data\Cedar\full_org\original_38_4.png,C:\Users\arfan\OneDrive\Desktop\forgery\data\Cedar\full_forg\forgeries_38_2.png,0,38
C:\Users\arfan\OneDrive\Desktop\forgery\data\Cedar\full_org\original_51_16.png,C:\Users\arfan\OneDrive\Desktop\forgery\data\Cedar\full_forg\forgeries_51_6.png,0,51
C:\Users\arfan\OneDrive\Desktop\forgery\data\Cedar\full_org\original_21_18.png,C:\Users\arfan\OneDrive\Desktop\forgery\data\Cedar\full_org\original_21_24.png,1,21
C:\Users\arfan\OneDrive\Desktop\forgery\data\Cedar\full_org\original_54_24.png,C:\Users\arfan\OneDrive\Desktop\forgery\data\Cedar\full_org\original_54_6.png,1,54
C:\Users\arfan\OneDrive\Desktop\forgery\data\Cedar\full_org\original_19_23.png,C:\Users\arfan\OneDrive\Desktop\forgery\data\Cedar\full_forg\forgeries_19_11.png,0,19
C:\Users\arfan\OneDrive\Desktop\forgery\data\Cedar\full_org\original_51_14.png,C:\Users\arfan\OneDrive\Desktop\forgery\data\Cedar\full_org\original_51_20.png,1,51
C:\Users\arfan\OneDrive\Desktop\forgery\data\Cedar\full_org\original_46_24.png,C:\Users\arfan\OneDrive\Desktop\forgery\data\Cedar\full_forg\forgeries_46_5.png,0,46
C:\Users\arfan\OneDrive\Desktop\forgery\data\Cedar\full_org\original_15_6.png,C:\Users\arfan\OneDrive\Desktop\forgery\data\Cedar\full_org\original_15_9.png,1,15
C:\Users\arfan\OneDrive\Desktop\forgery\data\Cedar\full_org\original_31_1.png,C:\Users\arfan\OneDrive\Desktop\forgery\data\Cedar\full_org\original_31_22.png,1,31
C:\Users\arfan\OneDrive\Desktop\forgery\data\Cedar\full_org\original_18_16.png,C:\Users\arfan\OneDrive\Desktop\forgery\data\Cedar\full_org\original_18_17.png,1,18
C:\Users\arfan\OneDrive\Desktop\forgery\data\Cedar\full_org\original_19_1.png,C:\Users\arfan\OneDrive\Desktop\forgery\data\Cedar\full_forg\forgeries_19_24.png,0,19
C:\Users\arfan\OneDrive\Desktop\forgery\data\Cedar\full_org\original_39_22.png,C:\Users\arfan\OneDrive\Desktop\forgery\data\Cedar\full_forg\forgeries_39_10.png,0,39
C:\Users\arfan\OneDrive\Desktop\forgery\data\Cedar\full_org\original_2_15.png,C:\Users\arfan\OneDrive\Desktop\forgery\data\Cedar\full_org\original_2_20.png,1,2
C:\Users\arfan\OneDrive\Desktop\forgery\data\Cedar\full_org\original_40_10.png,C:\Users\arfan\OneDrive\Desktop\forgery\data\Cedar\full_forg\forgeries_40_5.png,0,40
C:\Users\arfan\OneDrive\Desktop\forgery\data\Cedar\full_org\original_53_19.png,C:\Users\arfan\OneDrive\Desktop\forgery\data\Cedar\full_forg\forgeries_53_17.png,0,53
C:\Users\arfan\OneDrive\Desktop\forgery\data\Cedar\full_org\original_55_22.png,C:\Users\arfan\OneDrive\Desktop\forgery\data\Cedar\full_forg\forgeries_55_17.png,0,55
C:\Users\arfan\OneDrive\Desktop\forgery\data\Cedar\full_org\original_49_19.png,C:\Users\arfan\OneDrive\Desktop\forgery\data\Cedar\full_org\original_49_6.png,1,49
C:\Users\arfan\OneDrive\Desktop\forgery\data\Cedar\full_org\original_51_18.png,C:\Users\arfan\OneDrive\Desktop\forgery\data\Cedar\full_forg\forgeries_51_6.png,0,51
C:\Users\arfan\OneDrive\Desktop\forgery\data\Cedar\full_org\original_43_2.png,C:\Users\arfan\OneDrive\Desktop\forgery\data\Cedar\full_org\original_43_5.png,1,43
C:\Users\arfan\OneDrive\Desktop\forgery\data\Cedar\full_org\original_9_21.png,C:\Users\arfan\OneDrive\Desktop\forgery\data\Cedar\full_org\original_9_7.png,1,9
C:\Users\arfan\OneDrive\Desktop\forgery\data\Cedar\full_org\original_19_10.png,C:\Users\arfan\OneDrive\Desktop\forgery\data\Cedar\full_org\original_19_23.png,1,19
C:\Users\arfan\OneDrive\Desktop\forgery\data\Cedar\full_org\original_39_19.png,C:\Users\arfan\OneDrive\Desktop\forgery\data\Cedar\full_org\original_39_4.png,1,39
C:\Users\arfan\OneDrive\Desktop\forgery\data\Cedar\full_org\original_21_20.png,C:\Users\arfan\OneDrive\Desktop\forgery\data\Cedar\full_org\original_21_22.png,1,21
C:\Users\arfan\OneDrive\Desktop\forgery\data\Cedar\full_org\original_4_11.png,C:\Users\arfan\OneDrive\Desktop\forgery\data\Cedar\full_forg\forgeries_4_1.png,0,4
C:\Users\arfan\OneDrive\Desktop\forgery\data\Cedar\full_org\original_53_11.png,C:\Users\arfan\OneDrive\Desktop\forgery\data\Cedar\full_forg\forgeries_53_13.png,0,53
C:\Users\arfan\OneDrive\Desktop\forgery\data\Cedar\full_org\original_8_17.png,C:\Users\arfan\OneDrive\Desktop\forgery\data\Cedar\full_forg\forgeries_8_10.png,0,8
C:\Users\arfan\OneDrive\Desktop\forgery\data\Cedar\full_org\original_1_23.png,C:\Users\arfan\OneDrive\Desktop\forgery\data\Cedar\full_forg\forgeries_1_23.png,0,1
C:\Users\arfan\OneDrive\Desktop\forgery\data\Cedar\full_org\original_11_8.png,C:\Users\arfan\OneDrive\Desktop\forgery\data\Cedar\full_forg\forgeries_11_9.png,0,11
C:\Users\arfan\OneDrive\Desktop\forgery\data\Cedar\full_org\original_40_10.png,C:\Users\arfan\OneDrive\Desktop\forgery\data\Cedar\full_org\original_40_2.png,1,40
C:\Users\arfan\OneDrive\Desktop\forgery\data\Cedar\full_org\original_55_13.png,C:\Users\arfan\OneDrive\Desktop\forgery\data\Cedar\full_org\original_55_3.png,1,55
C:\Users\arfan\OneDrive\Desktop\forgery\data\Cedar\full_org\original_30_13.png,C:\Users\arfan\OneDrive\Desktop\forgery\data\Cedar\full_forg\forgeries_30_23.png,0,30
C:\Users\arfan\OneDrive\Desktop\forgery\data\Cedar\full_org\original_46_16.png,C:\Users\arfan\OneDrive\Desktop\forgery\data\Cedar\full_forg\forgeries_46_5.png,0,46
C:\Users\arfan\OneDrive\Desktop\forgery\data\Cedar\full_org\original_8_11.png,C:\Users\arfan\OneDrive\Desktop\forgery\data\Cedar\full_org\original_8_2.png,1,8
C:\Users\arfan\OneDrive\Desktop\forgery\data\Cedar\full_org\original_21_11.png,C:\Users\arfan\OneDrive\Desktop\forgery\data\Cedar\full_forg\forgeries_21_12.png,0,21
C:\Users\arfan\OneDrive\Desktop\forgery\data\Cedar\full_org\original_30_11.png,C:\Users\arfan\OneDrive\Desktop\forgery\data\Cedar\full_org\original_30_24.png,1,30
C:\Users\arfan\OneDrive\Desktop\forgery\data\Cedar\full_org\original_34_11.png,C:\Users\arfan\OneDrive\Desktop\forgery\data\Cedar\full_org\original_34_4.png,1,34
C:\Users\arfan\OneDrive\Desktop\forgery\data\Cedar\full_org\original_48_14.png,C:\Users\arfan\OneDrive\Desktop\forgery\data\Cedar\full_forg\forgeries_48_11.png,0,48
C:\Users\arfan\OneDrive\Desktop\forgery\data\Cedar\full_org\original_19_21.png,C:\Users\arfan\OneDrive\Desktop\forgery\data\Cedar\full_forg\forgeries_19_18.png,0,19
C:\Users\arfan\OneDrive\Desktop\forgery\data\Cedar\full_org\original_26_24.png,C:\Users\arfan\OneDrive\Desktop\forgery\data\Cedar\full_forg\forgeries_26_7.png,0,26
C:\Users\arfan\OneDrive\Desktop\forgery\data\Cedar\full_org\original_49_14.png,C:\Users\arfan\OneDrive\Desktop\forgery\data\Cedar\full_org\original_49_4.png,1,49
C:\Users\arfan\OneDrive\Desktop\forgery\data\Cedar\full_org\original_4_21.png,C:\Users\arfan\OneDrive\Desktop\forgery\data\Cedar\full_forg\forgeries_4_19.png,0,4
C:\Users\arfan\OneDrive\Desktop\forgery\data\Cedar\full_org\original_52_6.png,C:\Users\arfan\OneDrive\Desktop\forgery\data\Cedar\full_org\original_52_7.png,1,52
C:\Users\arfan\OneDrive\Desktop\forgery\data\Cedar\full_org\original_19_6.png,C:\Users\arfan\OneDrive\Desktop\forgery\data\Cedar\full_forg\forgeries_19_19.png,0,19
C:\Users\arfan\OneDrive\Desktop\forgery\data\Cedar\full_org\original_53_19.png,C:\Users\arfan\OneDrive\Desktop\forgery\data\Cedar\full_org\original_53_3.png,1,53
C:\Users\arfan\OneDrive\Desktop\forgery\data\Cedar\full_org\original_30_6.png,C:\Users\arfan\OneDrive\Desktop\forgery\data\Cedar\full_forg\forgeries_30_19.png,0,30
C:\Users\arfan\OneDrive\Desktop\forgery\data\Cedar\full_org\original_29_16.png,C:\Users\arfan\OneDrive\Desktop\forgery\data\Cedar\full_org\original_29_21.png,1,29
C:\Users\arfan\OneDrive\Desktop\forgery\data\Cedar\full_org\original_25_16.png,C:\Users\arfan\OneDrive\Desktop\forgery\data\Cedar\full_org\original_25_19.png,1,25
C:\Users\arfan\OneDrive\Desktop\forgery\data\Cedar\full_org\original_30_5.png,C:\Users\arfan\OneDrive\Desktop\forgery\data\Cedar\full_forg\forgeries_30_4.png,0,30
C:\Users\arfan\OneDrive\Desktop\forgery\data\Cedar\full_org\original_18_19.png,C:\Users\arfan\OneDrive\Desktop\forgery\data\Cedar\full_forg\forgeries_18_14.png,0,18
C:\Users\arfan\OneDrive\Desktop\forgery\data\Cedar\full_org\original_40_19.png,C:\Users\arfan\OneDrive\Desktop\forgery\data\Cedar\full_org\original_40_2.png,1,40
C:\Users\arfan\OneDrive\Desktop\forgery\data\Cedar\full_org\original_18_1.png,C:\Users\arfan\OneDrive\Desktop\forgery\data\Cedar\full_org\original_18_24.png,1,18
C:\Users\arfan\OneDrive\Desktop\forgery\data\Cedar\full_org\original_29_2.png,C:\Users\arfan\OneDrive\Desktop\forgery\data\Cedar\full_forg\forgeries_29_24.png,0,29
C:\Users\arfan\OneDrive\Desktop\forgery\data\Cedar\full_org\original_19_15.png,C:\Users\arfan\OneDrive\Desktop\forgery\data\Cedar\full_org\original_19_20.png,1,19
C:\Users\arfan\OneDrive\Desktop\forgery\data\Cedar\full_org\original_40_7.png,C:\Users\arfan\OneDrive\Desktop\forgery\data\Cedar\full_forg\forgeries_40_4.png,0,40
C:\Users\arfan\OneDrive\Desktop\forgery\data\Cedar\full_org\original_38_24.png,C:\Users\arfan\OneDrive\Desktop\forgery\data\Cedar\full_org\original_38_3.png,1,38
C:\Users\arfan\OneDrive\Desktop\forgery\data\Cedar\full_org\original_35_2.png,C:\Users\arfan\OneDrive\Desktop\forgery\data\Cedar\full_org\original_35_5.png,1,35
C:\Users\arfan\OneDrive\Desktop\forgery\data\Cedar\full_org\original_22_16.png,C:\Users\arfan\OneDrive\Desktop\forgery\data\Cedar\full_forg\forgeries_22_13.png,0,22
C:\Users\arfan\OneDrive\Desktop\forgery\data\Cedar\full_org\original_11_16.png,C:\Users\arfan\OneDrive\Desktop\forgery\data\Cedar\full_forg\forgeries_11_13.png,0,11
C:\Users\arfan\OneDrive\Desktop\forgery\data\Cedar\full_org\original_21_17.png,C:\Users\arfan\OneDrive\Desktop\forgery\data\Cedar\full_forg\forgeries_21_19.png,0,21
C:\Users\arfan\OneDrive\Desktop\forgery\data\Cedar\full_org\original_18_23.png,C:\Users\arfan\OneDrive\Desktop\forgery\data\Cedar\full_org\original_18_9.png,1,18
C:\Users\arfan\OneDrive\Desktop\forgery\data\Cedar\full_org\original_11_22.png,C:\Users\arfan\OneDrive\Desktop\forgery\data\Cedar\full_org\original_11_23.png,1,11
C:\Users\arfan\OneDrive\Desktop\forgery\data\Cedar\full_org\original_21_17.png,C:\Users\arfan\OneDrive\Desktop\forgery\data\Cedar\full_org\original_21_24.png,1,21
C:\Users\arfan\OneDrive\Desktop\forgery\data\Cedar\full_org\original_1_7.png,C:\Users\arfan\OneDrive\Desktop\forgery\data\Cedar\full_org\original_1_8.png,1,1
C:\Users\arfan\OneDrive\Desktop\forgery\data\Cedar\full_org\original_25_23.png,C:\Users\arfan\OneDrive\Desktop\forgery\data\Cedar\full_org\original_25_3.png,1,25
C:\Users\arfan\OneDrive\Desktop\forgery\data\Cedar\full_org\original_45_12.png,C:\Users\arfan\OneDrive\Desktop\forgery\data\Cedar\full_forg\forgeries_45_16.png,0,45
C:\Users\arfan\OneDrive\Desktop\forgery\data\Cedar\full_org\original_47_23.png,C:\Users\arfan\OneDrive\Desktop\forgery\data\Cedar\full_forg\forgeries_47_17.png,0,47
C:\Users\arfan\OneDrive\Desktop\forgery\data\Cedar\full_org\original_3_15.png,C:\Users\arfan\OneDrive\Desktop\forgery\data\Cedar\full_forg\forgeries_3_22.png,0,3
C:\Users\arfan\OneDrive\Desktop\forgery\data\Cedar\full_org\original_8_24.png,C:\Users\arfan\OneDrive\Desktop\forgery\data\Cedar\full_org\original_8_7.png,1,8
C:\Users\arfan\OneDrive\Desktop\forgery\data\Cedar\full_org\original_8_2.png,C:\Users\arfan\OneDrive\Desktop\forgery\data\Cedar\full_forg\forgeries_8_8.png,0,8
C:\Users\arfan\OneDrive\Desktop\forgery\data\Cedar\full_org\original_3_19.png,C:\Users\arfan\OneDrive\Desktop\forgery\data\Cedar\full_org\original_3_23.png,1,3
C:\Users\arfan\OneDrive\Desktop\forgery\data\Cedar\full_org\original_45_5.png,C:\Users\arfan\OneDrive\Desktop\forgery\data\Cedar\full_forg\forgeries_45_17.png,0,45
C:\Users\arfan\OneDrive\Desktop\forgery\data\Cedar\full_org\original_37_22.png,C:\Users\arfan\OneDrive\Desktop\forgery\data\Cedar\full_org\original_37_5.png,1,37
C:\Users\arfan\OneDrive\Desktop\forgery\data\Cedar\full_org\original_52_1.png,C:\Users\arfan\OneDrive\Desktop\forgery\data\Cedar\full_org\original_52_20.png,1,52
C:\Users\arfan\OneDrive\Desktop\forgery\data\Cedar\full_org\original_22_5.png,C:\Users\arfan\OneDrive\Desktop\forgery\data\Cedar\full_forg\forgeries_22_12.png,0,22
C:\Users\arfan\OneDrive\Desktop\forgery\data\Cedar\full_org\original_23_7.png,C:\Users\arfan\OneDrive\Desktop\forgery\data\Cedar\full_forg\forgeries_23_18.png,0,23
C:\Users\arfan\OneDrive\Desktop\forgery\data\Cedar\full_org\original_24_5.png,C:\Users\arfan\OneDrive\Desktop\forgery\data\Cedar\full_org\original_24_6.png,1,24
C:\Users\arfan\OneDrive\Desktop\forgery\data\Cedar\full_org\original_35_22.png,C:\Users\arfan\OneDrive\Desktop\forgery\data\Cedar\full_org\original_35_7.png,1,35
C:\Users\arfan\OneDrive\Desktop\forgery\data\Cedar\full_org\original_53_10.png,C:\Users\arfan\OneDrive\Desktop\forgery\data\Cedar\full_org\original_53_9.png,1,53
C:\Users\arfan\OneDrive\Desktop\forgery\data\Cedar\full_org\original_25_10.png,C:\Users\arfan\OneDrive\Desktop\forgery\data\Cedar\full_org\original_25_14.png,1,25
C:\Users\arfan\OneDrive\Desktop\forgery\data\Cedar\full_org\original_15_11.png,C:\Users\arfan\OneDrive\Desktop\forgery\data\Cedar\full_forg\forgeries_15_3.png,0,15
C:\Users\arfan\OneDrive\Desktop\forgery\data\Cedar\full_org\original_51_8.png,C:\Users\arfan\OneDrive\Desktop\forgery\data\Cedar\full_forg\forgeries_51_21.png,0,51
C:\Users\arfan\OneDrive\Desktop\forgery\data\Cedar\full_org\original_28_3.png,C:\Users\arfan\OneDrive\Desktop\forgery\data\Cedar\full_org\original_28_8.png,1,28
C:\Users\arfan\OneDrive\Desktop\forgery\data\Cedar\full_org\original_7_1.png,C:\Users\arfan\OneDrive\Desktop\forgery\data\Cedar\full_org\original_7_24.png,1,7
C:\Users\arfan\OneDrive\Desktop\forgery\data\Cedar\full_org\original_35_13.png,C:\Users\arfan\OneDrive\Desktop\forgery\data\Cedar\full_org\original_35_22.png,1,35
C:\Users\arfan\OneDrive\Desktop\forgery\data\Cedar\full_org\original_22_19.png,C:\Users\arfan\OneDrive\Desktop\forgery\data\Cedar\full_forg\forgeries_22_17.png,0,22
C:\Users\arfan\OneDrive\Desktop\forgery\data\Cedar\full_org\original_38_12.png,C:\Users\arfan\OneDrive\Desktop\forgery\data\Cedar\full_forg\forgeries_38_9.png,0,38
C:\Users\arfan\OneDrive\Desktop\forgery\data\Cedar\full_org\original_18_8.png,C:\Users\arfan\OneDrive\Desktop\forgery\data\Cedar\full_forg\forgeries_18_5.png,0,18
C:\Users\arfan\OneDrive\Desktop\forgery\data\Cedar\full_org\original_16_22.png,C:\Users\arfan\OneDrive\Desktop\forgery\data\Cedar\full_forg\forgeries_16_15.png,0,16
C:\Users\arfan\OneDrive\Desktop\forgery\data\Cedar\full_org\original_31_1.png,C:\Users\arfan\OneDrive\Desktop\forgery\data\Cedar\full_org\original_31_20.png,1,31
C:\Users\arfan\OneDrive\Desktop\forgery\data\Cedar\full_org\original_18_15.png,C:\Users\arfan\OneDrive\Desktop\forgery\data\Cedar\full_org\original_18_4.png,1,18
C:\Users\arfan\OneDrive\Desktop\forgery\data\Cedar\full_org\original_51_14.png,C:\Users\arfan\OneDrive\Desktop\forgery\data\Cedar\full_forg\forgeries_51_9.png,0,51
C:\Users\arfan\OneDrive\Desktop\forgery\data\Cedar\full_org\original_3_11.png,C:\Users\arfan\OneDrive\Desktop\forgery\data\Cedar\full_forg\forgeries_3_21.png,0,3
C:\Users\arfan\OneDrive\Desktop\forgery\data\Cedar\full_org\original_51_2.png,C:\Users\arfan\OneDrive\Desktop\forgery\data\Cedar\full_forg\forgeries_51_6.png,0,51
C:\Users\arfan\OneDrive\Desktop\forgery\data\Cedar\full_org\original_49_6.png,C:\Users\arfan\OneDrive\Desktop\forgery\data\Cedar\full_forg\forgeries_49_21.png,0,49
C:\Users\arfan\OneDrive\Desktop\forgery\data\Cedar\full_org\original_52_15.png,C:\Users\arfan\OneDrive\Desktop\forgery\data\Cedar\full_org\original_52_24.png,1,52
C:\Users\arfan\OneDrive\Desktop\forgery\data\Cedar\full_org\original_52_18.png,C:\Users\arfan\OneDrive\Desktop\forgery\data\Cedar\full_org\original_52_23.png,1,52
C:\Users\arfan\OneDrive\Desktop\forgery\data\Cedar\full_org\original_36_14.png,C:\Users\arfan\OneDrive\Desktop\forgery\data\Cedar\full_forg\forgeries_36_9.png,0,36
C:\Users\arfan\OneDrive\Desktop\forgery\data\Cedar\full_org\original_28_10.png,C:\Users\arfan\OneDrive\Desktop\forgery\data\Cedar\full_org\original_28_21.png,1,28
C:\Users\arfan\OneDrive\Desktop\forgery\data\Cedar\full_org\original_9_10.png,C:\Users\arfan\OneDrive\Desktop\forgery\data\Cedar\full_org\original_9_6.png,1,9
C:\Users\arfan\OneDrive\Desktop\forgery\data\Cedar\full_org\original_47_1.png,C:\Users\arfan\OneDrive\Desktop\forgery\data\Cedar\full_forg\forgeries_47_2.png,0,47
C:\Users\arfan\OneDrive\Desktop\forgery\data\Cedar\full_org\original_18_13.png,C:\Users\arfan\OneDrive\Desktop\forgery\data\Cedar\full_org\original_18_15.png,1,18
C:\Users\arfan\OneDrive\Desktop\forgery\data\Cedar\full_org\original_24_17.png,C:\Users\arfan\OneDrive\Desktop\forgery\data\Cedar\full_org\original_24_4.png,1,24
C:\Users\arfan\OneDrive\Desktop\forgery\data\Cedar\full_org\original_43_21.png,C:\Users\arfan\OneDrive\Desktop\forgery\data\Cedar\full_org\original_43_22.png,1,43
C:\Users\arfan\OneDrive\Desktop\forgery\data\Cedar\full_org\original_47_14.png,C:\Users\arfan\OneDrive\Desktop\forgery\data\Cedar\full_org\original_47_15.png,1,47
C:\Users\arfan\OneDrive\Desktop\forgery\data\Cedar\full_org\original_49_17.png,C:\Users\arfan\OneDrive\Desktop\forgery\data\Cedar\full_org\original_49_18.png,1,49
C:\Users\arfan\OneDrive\Desktop\forgery\data\Cedar\full_org\original_1_18.png,C:\Users\arfan\OneDrive\Desktop\forgery\data\Cedar\full_forg\forgeries_1_19.png,0,1
C:\Users\arfan\OneDrive\Desktop\forgery\data\Cedar\full_org\original_3_24.png,C:\Users\arfan\OneDrive\Desktop\forgery\data\Cedar\full_org\original_3_4.png,1,3
C:\Users\arfan\OneDrive\Desktop\forgery\data\Cedar\full_org\original_28_13.png,C:\Users\arfan\OneDrive\Desktop\forgery\data\Cedar\full_org\original_28_18.png,1,28
C:\Users\arfan\OneDrive\Desktop\forgery\data\Cedar\full_org\original_28_9.png,C:\Users\arfan\OneDrive\Desktop\forgery\data\Cedar\full_forg\forgeries_28_9.png,0,28
C:\Users\arfan\OneDrive\Desktop\forgery\data\Cedar\full_org\original_39_19.png,C:\Users\arfan\OneDrive\Desktop\forgery\data\Cedar\full_forg\forgeries_39_11.png,0,39
C:\Users\arfan\OneDrive\Desktop\forgery\data\Cedar\full_org\original_47_15.png,C:\Users\arfan\OneDrive\Desktop\forgery\data\Cedar\full_forg\forgeries_47_2.png,0,47
C:\Users\arfan\OneDrive\Desktop\forgery\data\Cedar\full_org\original_22_23.png,C:\Users\arfan\OneDrive\Desktop\forgery\data\Cedar\full_org\original_22_4.png,1,22
C:\Users\arfan\OneDrive\Desktop\forgery\data\Cedar\full_org\original_38_2.png,C:\Users\arfan\OneDrive\Desktop\forgery\data\Cedar\full_forg\forgeries_38_24.png,0,38
C:\Users\arfan\OneDrive\Desktop\forgery\data\Cedar\full_org\original_16_11.png,C:\Users\arfan\OneDrive\Desktop\forgery\data\Cedar\full_org\original_16_24.png,1,16
C:\Users\arfan\OneDrive\Desktop\forgery\data\Cedar\full_org\original_54_2.png,C:\Users\arfan\OneDrive\Desktop\forgery\data\Cedar\full_org\original_54_7.png,1,54
C:\Users\arfan\OneDrive\Desktop\forgery\data\Cedar\full_org\original_22_1.png,C:\Users\arfan\OneDrive\Desktop\forgery\data\Cedar\full_org\original_22_13.png,1,22
C:\Users\arfan\OneDrive\Desktop\forgery\data\Cedar\full_org\original_4_10.png,C:\Users\arfan\OneDrive\Desktop\forgery\data\Cedar\full_forg\forgeries_4_21.png,0,4
C:\Users\arfan\OneDrive\Desktop\forgery\data\Cedar\full_org\original_19_23.png,C:\Users\arfan\OneDrive\Desktop\forgery\data\Cedar\full_forg\forgeries_19_16.png,0,19
C:\Users\arfan\OneDrive\Desktop\forgery\data\Cedar\full_org\original_9_21.png,C:\Users\arfan\OneDrive\Desktop\forgery\data\Cedar\full_forg\forgeries_9_1.png,0,9
C:\Users\arfan\OneDrive\Desktop\forgery\data\Cedar\full_org\original_22_2.png,C:\Users\arfan\OneDrive\Desktop\forgery\data\Cedar\full_org\original_22_21.png,1,22
C:\Users\arfan\OneDrive\Desktop\forgery\data\Cedar\full_org\original_31_11.png,C:\Users\arfan\OneDrive\Desktop\forgery\data\Cedar\full_org\original_31_6.png,1,31
C:\Users\arfan\OneDrive\Desktop\forgery\data\Cedar\full_org\original_51_16.png,C:\Users\arfan\OneDrive\Desktop\forgery\data\Cedar\full_forg\forgeries_51_20.png,0,51
C:\Users\arfan\OneDrive\Desktop\forgery\data\Cedar\full_org\original_8_18.png,C:\Users\arfan\OneDrive\Desktop\forgery\data\Cedar\full_org\original_8_19.png,1,8
C:\Users\arfan\OneDrive\Desktop\forgery\data\Cedar\full_org\original_46_9.png,C:\Users\arfan\OneDrive\Desktop\forgery\data\Cedar\full_forg\forgeries_46_7.png,0,46
C:\Users\arfan\OneDrive\Desktop\forgery\data\Cedar\full_org\original_46_6.png,C:\Users\arfan\OneDrive\Desktop\forgery\data\Cedar\full_forg\forgeries_46_18.png,0,46
C:\Users\arfan\OneDrive\Desktop\forgery\data\Cedar\full_org\original_34_20.png,C:\Users\arfan\OneDrive\Desktop\forgery\data\Cedar\full_forg\forgeries_34_17.png,0,34
C:\Users\arfan\OneDrive\Desktop\forgery\data\Cedar\full_org\original_34_7.png,C:\Users\arfan\OneDrive\Desktop\forgery\data\Cedar\full_forg\forgeries_34_3.png,0,34
C:\Users\arfan\OneDrive\Desktop\forgery\data\Cedar\full_org\original_40_6.png,C:\Users\arfan\OneDrive\Desktop\forgery\data\Cedar\full_forg\forgeries_40_7.png,0,40
C:\Users\arfan\OneDrive\Desktop\forgery\data\Cedar\full_org\original_35_21.png,C:\Users\arfan\OneDrive\Desktop\forgery\data\Cedar\full_org\original_35_6.png,1,35
C:\Users\arfan\OneDrive\Desktop\forgery\data\Cedar\full_org\original_26_18.png,C:\Users\arfan\OneDrive\Desktop\forgery\data\Cedar\full_org\original_26_3.png,1,26
C:\Users\arfan\OneDrive\Desktop\forgery\data\Cedar\full_org\original_16_19.png,C:\Users\arfan\OneDrive\Desktop\forgery\data\Cedar\full_org\original_16_24.png,1,16
C:\Users\arfan\OneDrive\Desktop\forgery\data\Cedar\full_org\original_51_22.png,C:\Users\arfan\OneDrive\Desktop\forgery\data\Cedar\full_forg\forgeries_51_7.png,0,51
C:\Users\arfan\OneDrive\Desktop\forgery\data\Cedar\full_org\original_29_9.png,C:\Users\arfan\OneDrive\Desktop\forgery\data\Cedar\full_forg\forgeries_29_2.png,0,29
C:\Users\arfan\OneDrive\Desktop\forgery\data\Cedar\full_org\original_49_21.png,C:\Users\arfan\OneDrive\Desktop\forgery\data\Cedar\full_forg\forgeries_49_17.png,0,49
C:\Users\arfan\OneDrive\Desktop\forgery\data\Cedar\full_org\original_1_8.png,C:\Users\arfan\OneDrive\Desktop\forgery\data\Cedar\full_org\original_1_9.png,1,1
C:\Users\arfan\OneDrive\Desktop\forgery\data\Cedar\full_org\original_30_17.png,C:\Users\arfan\OneDrive\Desktop\forgery\data\Cedar\full_forg\forgeries_30_4.png,0,30
C:\Users\arfan\OneDrive\Desktop\forgery\data\Cedar\full_org\original_28_5.png,C:\Users\arfan\OneDrive\Desktop\forgery\data\Cedar\full_forg\forgeries_28_21.png,0,28
C:\Users\arfan\OneDrive\Desktop\forgery\data\Cedar\full_org\original_36_10.png,C:\Users\arfan\OneDrive\Desktop\forgery\data\Cedar\full_org\original_36_23.png,1,36
C:\Users\arfan\OneDrive\Desktop\forgery\data\Cedar\full_org\original_45_11.png,C:\Users\arfan\OneDrive\Desktop\forgery\data\Cedar\full_org\original_45_21.png,1,45
C:\Users\arfan\OneDrive\Desktop\forgery\data\Cedar\full_org\original_16_24.png,C:\Users\arfan\OneDrive\Desktop\forgery\data\Cedar\full_forg\forgeries_16_7.png,0,16
C:\Users\arfan\OneDrive\Desktop\forgery\data\Cedar\full_org\original_10_14.png,C:\Users\arfan\OneDrive\Desktop\forgery\data\Cedar\full_org\original_10_15.png,1,10
C:\Users\arfan\OneDrive\Desktop\forgery\data\Cedar\full_org\original_18_1.png,C:\Users\arfan\OneDrive\Desktop\forgery\data\Cedar\full_forg\forgeries_18_23.png,0,18
C:\Users\arfan\OneDrive\Desktop\forgery\data\Cedar\full_org\original_25_4.png,C:\Users\arfan\OneDrive\Desktop\forgery\data\Cedar\full_forg\forgeries_25_17.png,0,25
C:\Users\arfan\OneDrive\Desktop\forgery\data\Cedar\full_org\original_39_7.png,C:\Users\arfan\OneDrive\Desktop\forgery\data\Cedar\full_forg\forgeries_39_5.png,0,39
C:\Users\arfan\OneDrive\Desktop\forgery\data\Cedar\full_org\original_34_19.png,C:\Users\arfan\OneDrive\Desktop\forgery\data\Cedar\full_org\original_34_8.png,1,34
C:\Users\arfan\OneDrive\Desktop\forgery\data\Cedar\full_org\original_52_10.png,C:\Users\arfan\OneDrive\Desktop\forgery\data\Cedar\full_forg\forgeries_52_12.png,0,52
C:\Users\arfan\OneDrive\Desktop\forgery\data\Cedar\full_org\original_30_10.png,C:\Users\arfan\OneDrive\Desktop\forgery\data\Cedar\full_forg\forgeries_30_4.png,0,30
C:\Users\arfan\OneDrive\Desktop\forgery\data\Cedar\full_org\original_49_6.png,C:\Users\arfan\OneDrive\Desktop\forgery\data\Cedar\full_forg\forgeries_49_15.png,0,49
C:\Users\arfan\OneDrive\Desktop\forgery\data\Cedar\full_org\original_23_14.png,C:\Users\arfan\OneDrive\Desktop\forgery\data\Cedar\full_forg\forgeries_23_4.png,0,23
C:\Users\arfan\OneDrive\Desktop\forgery\data\Cedar\full_org\original_39_18.png,C:\Users\arfan\OneDrive\Desktop\forgery\data\Cedar\full_org\original_39_20.png,1,39
C:\Users\arfan\OneDrive\Desktop\forgery\data\Cedar\full_org\original_22_15.png,C:\Users\arfan\OneDrive\Desktop\forgery\data\Cedar\full_org\original_22_5.png,1,22
C:\Users\arfan\OneDrive\Desktop\forgery\data\Cedar\full_org\original_16_22.png,C:\Users\arfan\OneDrive\Desktop\forgery\data\Cedar\full_forg\forgeries_16_9.png,0,16
C:\Users\arfan\OneDrive\Desktop\forgery\data\Cedar\full_org\original_30_3.png,C:\Users\arfan\OneDrive\Desktop\forgery\data\Cedar\full_org\original_30_8.png,1,30
C:\Users\arfan\OneDrive\Desktop\forgery\data\Cedar\full_org\original_38_3.png,C:\Users\arfan\OneDrive\Desktop\forgery\data\Cedar\full_forg\forgeries_38_15.png,0,38
C:\Users\arfan\OneDrive\Desktop\forgery\data\Cedar\full_org\original_8_17.png,C:\Users\arfan\OneDrive\Desktop\forgery\data\Cedar\full_org\original_8_20.png,1,8
C:\Users\arfan\OneDrive\Desktop\forgery\data\Cedar\full_org\original_41_9.png,C:\Users\arfan\OneDrive\Desktop\forgery\data\Cedar\full_forg\forgeries_41_21.png,0,41
C:\Users\arfan\OneDrive\Desktop\forgery\data\Cedar\full_org\original_52_10.png,C:\Users\arfan\OneDrive\Desktop\forgery\data\Cedar\full_org\original_52_6.png,1,52
C:\Users\arfan\OneDrive\Desktop\forgery\data\Cedar\full_org\original_51_18.png,C:\Users\arfan\OneDrive\Desktop\forgery\data\Cedar\full_org\original_51_21.png,1,51
C:\Users\arfan\OneDrive\Desktop\forgery\data\Cedar\full_org\original_43_13.png,C:\Users\arfan\OneDrive\Desktop\forgery\data\Cedar\full_org\original_43_20.png,1,43
C:\Users\arfan\OneDrive\Desktop\forgery\data\Cedar\full_org\original_40_4.png,C:\Users\arfan\OneDrive\Desktop\forgery\data\Cedar\full_forg\forgeries_40_14.png,0,40
C:\Users\arfan\OneDrive\Desktop\forgery\data\Cedar\full_org\original_54_14.png,C:\Users\arfan\OneDrive\Desktop\forgery\data\Cedar\full_org\original_54_18.png,1,54
C:\Users\arfan\OneDrive\Desktop\forgery\data\Cedar\full_org\original_26_16.png,C:\Users\arfan\OneDrive\Desktop\forgery\data\Cedar\full_forg\forgeries_26_4.png,0,26
C:\Users\arfan\OneDrive\Desktop\forgery\data\Cedar\full_org\original_49_9.png,C:\Users\arfan\OneDrive\Desktop\forgery\data\Cedar\full_forg\forgeries_49_17.png,0,49
C:\Users\arfan\OneDrive\Desktop\forgery\data\Cedar\full_org\original_37_10.png,C:\Users\arfan\OneDrive\Desktop\forgery\data\Cedar\full_org\original_37_16.png,1,37
C:\Users\arfan\OneDrive\Desktop\forgery\data\Cedar\full_org\original_19_13.png,C:\Users\arfan\OneDrive\Desktop\forgery\data\Cedar\full_forg\forgeries_19_16.png,0,19
C:\Users\arfan\OneDrive\Desktop\forgery\data\Cedar\full_org\original_11_13.png,C:\Users\arfan\OneDrive\Desktop\forgery\data\Cedar\full_org\original_11_21.png,1,11
C:\Users\arfan\OneDrive\Desktop\forgery\data\Cedar\full_org\original_25_9.png,C:\Users\arfan\OneDrive\Desktop\forgery\data\Cedar\full_forg\forgeries_25_10.png,0,25
C:\Users\arfan\OneDrive\Desktop\forgery\data\Cedar\full_org\original_22_6.png,C:\Users\arfan\OneDrive\Desktop\forgery\data\Cedar\full_forg\forgeries_22_6.png,0,22
C:\Users\arfan\OneDrive\Desktop\forgery\data\Cedar\full_org\original_26_24.png,C:\Users\arfan\OneDrive\Desktop\forgery\data\Cedar\full_forg\forgeries_26_11.png,0,26
C:\Users\arfan\OneDrive\Desktop\forgery\data\Cedar\full_org\original_11_19.png,C:\Users\arfan\OneDrive\Desktop\forgery\data\Cedar\full_org\original_11_21.png,1,11
C:\Users\arfan\OneDrive\Desktop\forgery\data\Cedar\full_org\original_12_12.png,C:\Users\arfan\OneDrive\Desktop\forgery\data\Cedar\full_forg\forgeries_12_16.png,0,12
C:\Users\arfan\OneDrive\Desktop\forgery\data\Cedar\full_org\original_18_12.png,C:\Users\arfan\OneDrive\Desktop\forgery\data\Cedar\full_forg\forgeries_18_14.png,0,18
C:\Users\arfan\OneDrive\Desktop\forgery\data\Cedar\full_org\original_46_13.png,C:\Users\arfan\OneDrive\Desktop\forgery\data\Cedar\full_org\original_46_5.png,1,46
C:\Users\arfan\OneDrive\Desktop\forgery\data\Cedar\full_org\original_1_15.png,C:\Users\arfan\OneDrive\Desktop\forgery\data\Cedar\full_forg\forgeries_1_10.png,0,1
C:\Users\arfan\OneDrive\Desktop\forgery\data\Cedar\full_org\original_12_6.png,C:\Users\arfan\OneDrive\Desktop\forgery\data\Cedar\full_forg\forgeries_12_18.png,0,12
C:\Users\arfan\OneDrive\Desktop\forgery\data\Cedar\full_org\original_38_21.png,C:\Users\arfan\OneDrive\Desktop\forgery\data\Cedar\full_org\original_38_7.png,1,38
C:\Users\arfan\OneDrive\Desktop\forgery\data\Cedar\full_org\original_12_3.png,C:\Users\arfan\OneDrive\Desktop\forgery\data\Cedar\full_forg\forgeries_12_7.png,0,12
C:\Users\arfan\OneDrive\Desktop\forgery\data\Cedar\full_org\original_8_23.png,C:\Users\arfan\OneDrive\Desktop\forgery\data\Cedar\full_org\original_8_5.png,1,8
C:\Users\arfan\OneDrive\Desktop\forgery\data\Cedar\full_org\original_9_6.png,C:\Users\arfan\OneDrive\Desktop\forgery\data\Cedar\full_forg\forgeries_9_8.png,0,9
C:\Users\arfan\OneDrive\Desktop\forgery\data\Cedar\full_org\original_34_6.png,C:\Users\arfan\OneDrive\Desktop\forgery\data\Cedar\full_forg\forgeries_34_3.png,0,34
C:\Users\arfan\OneDrive\Desktop\forgery\data\Cedar\full_org\original_46_16.png,C:\Users\arfan\OneDrive\Desktop\forgery\data\Cedar\full_org\original_46_22.png,1,46
C:\Users\arfan\OneDrive\Desktop\forgery\data\Cedar\full_org\original_2_17.png,C:\Users\arfan\OneDrive\Desktop\forgery\data\Cedar\full_org\original_2_9.png,1,2
C:\Users\arfan\OneDrive\Desktop\forgery\data\Cedar\full_org\original_26_13.png,C:\Users\arfan\OneDrive\Desktop\forgery\data\Cedar\full_forg\forgeries_26_13.png,0,26
C:\Users\arfan\OneDrive\Desktop\forgery\data\Cedar\full_org\original_55_10.png,C:\Users\arfan\OneDrive\Desktop\forgery\data\Cedar\full_forg\forgeries_55_17.png,0,55
C:\Users\arfan\OneDrive\Desktop\forgery\data\Cedar\full_org\original_38_13.png,C:\Users\arfan\OneDrive\Desktop\forgery\data\Cedar\full_org\original_38_19.png,1,38
C:\Users\arfan\OneDrive\Desktop\forgery\data\Cedar\full_org\original_43_10.png,C:\Users\arfan\OneDrive\Desktop\forgery\data\Cedar\full_org\original_43_7.png,1,43
C:\Users\arfan\OneDrive\Desktop\forgery\data\Cedar\full_org\original_15_18.png,C:\Users\arfan\OneDrive\Desktop\forgery\data\Cedar\full_org\original_15_6.png,1,15
C:\Users\arfan\OneDrive\Desktop\forgery\data\Cedar\full_org\original_46_2.png,C:\Users\arfan\OneDrive\Desktop\forgery\data\Cedar\full_forg\forgeries_46_3.png,0,46
C:\Users\arfan\OneDrive\Desktop\forgery\data\Cedar\full_org\original_23_15.png,C:\Users\arfan\OneDrive\Desktop\forgery\data\Cedar\full_org\original_23_4.png,1,23
C:\Users\arfan\OneDrive\Desktop\forgery\data\Cedar\full_org\original_22_11.png,C:\Users\arfan\OneDrive\Desktop\forgery\data\Cedar\full_forg\forgeries_22_24.png,0,22
C:\Users\arfan\OneDrive\Desktop\forgery\data\Cedar\full_org\original_7_20.png,C:\Users\arfan\OneDrive\Desktop\forgery\data\Cedar\full_org\original_7_5.png,1,7
C:\Users\arfan\OneDrive\Desktop\forgery\data\Cedar\full_org\original_3_10.png,C:\Users\arfan\OneDrive\Desktop\forgery\data\Cedar\full_org\original_3_7.png,1,3
C:\Users\arfan\OneDrive\Desktop\forgery\data\Cedar\full_org\original_35_8.png,C:\Users\arfan\OneDrive\Desktop\forgery\data\Cedar\full_forg\forgeries_35_2.png,0,35
C:\Users\arfan\OneDrive\Desktop\forgery\data\Cedar\full_org\original_49_21.png,C:\Users\arfan\OneDrive\Desktop\forgery\data\Cedar\full_forg\forgeries_49_4.png,0,49
C:\Users\arfan\OneDrive\Desktop\forgery\data\Cedar\full_org\original_37_2.png,C:\Users\arfan\OneDrive\Desktop\forgery\data\Cedar\full_forg\forgeries_37_23.png,0,37
C:\Users\arfan\OneDrive\Desktop\forgery\data\Cedar\full_org\original_45_24.png,C:\Users\arfan\OneDrive\Desktop\forgery\data\Cedar\full_forg\forgeries_45_3.png,0,45
C:\Users\arfan\OneDrive\Desktop\forgery\data\Cedar\full_org\original_41_11.png,C:\Users\arfan\OneDrive\Desktop\forgery\data\Cedar\full_org\original_41_19.png,1,41
C:\Users\arfan\OneDrive\Desktop\forgery\data\Cedar\full_org\original_28_16.png,C:\Users\arfan\OneDrive\Desktop\forgery\data\Cedar\full_org\original_28_9.png,1,28
C:\Users\arfan\OneDrive\Desktop\forgery\data\Cedar\full_org\original_4_14.png,C:\Users\arfan\OneDrive\Desktop\forgery\data\Cedar\full_org\original_4_15.png,1,4
C:\Users\arfan\OneDrive\Desktop\forgery\data\Cedar\full_org\original_49_11.png,C:\Users\arfan\OneDrive\Desktop\forgery\data\Cedar\full_forg\forgeries_49_13.png,0,49
C:\Users\arfan\OneDrive\Desktop\forgery\data\Cedar\full_org\original_3_10.png,C:\Users\arfan\OneDrive\Desktop\forgery\data\Cedar\full_org\original_3_6.png,1,3
C:\Users\arfan\OneDrive\Desktop\forgery\data\Cedar\full_org\original_2_14.png,C:\Users\arfan\OneDrive\Desktop\forgery\data\Cedar\full_forg\forgeries_2_1.png,0,2
C:\Users\arfan\OneDrive\Desktop\forgery\data\Cedar\full_org\original_36_10.png,C:\Users\arfan\OneDrive\Desktop\forgery\data\Cedar\full_forg\forgeries_36_20.png,0,36
C:\Users\arfan\OneDrive\Desktop\forgery\data\Cedar\full_org\original_38_9.png,C:\Users\arfan\OneDrive\Desktop\forgery\data\Cedar\full_forg\forgeries_38_24.png,0,38
C:\Users\arfan\OneDrive\Desktop\forgery\data\Cedar\full_org\original_22_1.png,C:\Users\arfan\OneDrive\Desktop\forgery\data\Cedar\full_org\original_22_10.png,1,22
C:\Users\arfan\OneDrive\Desktop\forgery\data\Cedar\full_org\original_49_24.png,C:\Users\arfan\OneDrive\Desktop\forgery\data\Cedar\full_forg\forgeries_49_9.png,0,49
C:\Users\arfan\OneDrive\Desktop\forgery\data\Cedar\full_org\original_52_18.png,C:\Users\arfan\OneDrive\Desktop\forgery\data\Cedar\full_org\original_52_24.png,1,52
C:\Users\arfan\OneDrive\Desktop\forgery\data\Cedar\full_org\original_9_2.png,C:\Users\arfan\OneDrive\Desktop\forgery\data\Cedar\full_forg\forgeries_9_17.png,0,9
C:\Users\arfan\OneDrive\Desktop\forgery\data\Cedar\full_org\original_26_16.png,C:\Users\arfan\OneDrive\Desktop\forgery\data\Cedar\full_org\original_26_19.png,1,26
C:\Users\arfan\OneDrive\Desktop\forgery\data\Cedar\full_org\original_23_9.png,C:\Users\arfan\OneDrive\Desktop\forgery\data\Cedar\full_forg\forgeries_23_15.png,0,23
C:\Users\arfan\OneDrive\Desktop\forgery\data\Cedar\full_org\original_23_24.png,C:\Users\arfan\OneDrive\Desktop\forgery\data\Cedar\full_forg\forgeries_23_19.png,0,23
C:\Users\arfan\OneDrive\Desktop\forgery\data\Cedar\full_org\original_17_13.png,C:\Users\arfan\OneDrive\Desktop\forgery\data\Cedar\full_forg\forgeries_17_24.png,0,17
C:\Users\arfan\OneDrive\Desktop\forgery\data\Cedar\full_org\original_17_3.png,C:\Users\arfan\OneDrive\Desktop\forgery\data\Cedar\full_forg\forgeries_17_5.png,0,17
C:\Users\arfan\OneDrive\Desktop\forgery\data\Cedar\full_org\original_30_10.png,C:\Users\arfan\OneDrive\Desktop\forgery\data\Cedar\full_forg\forgeries_30_6.png,0,30
C:\Users\arfan\OneDrive\Desktop\forgery\data\Cedar\full_org\original_54_17.png,C:\Users\arfan\OneDrive\Desktop\forgery\data\Cedar\full_org\original_54_3.png,1,54
C:\Users\arfan\OneDrive\Desktop\forgery\data\Cedar\full_org\original_26_17.png,C:\Users\arfan\OneDrive\Desktop\forgery\data\Cedar\full_forg\forgeries_26_3.png,0,26
C:\Users\arfan\OneDrive\Desktop\forgery\data\Cedar\full_org\original_16_15.png,C:\Users\arfan\OneDrive\Desktop\forgery\data\Cedar\full_org\original_16_16.png,1,16
C:\Users\arfan\OneDrive\Desktop\forgery\data\Cedar\full_org\original_29_13.png,C:\Users\arfan\OneDrive\Desktop\forgery\data\Cedar\full_forg\forgeries_29_11.png,0,29
C:\Users\arfan\OneDrive\Desktop\forgery\data\Cedar\full_org\original_31_1.png,C:\Users\arfan\OneDrive\Desktop\forgery\data\Cedar\full_forg\forgeries_31_10.png,0,31
C:\Users\arfan\OneDrive\Desktop\forgery\data\Cedar\full_org\original_18_14.png,C:\Users\arfan\OneDrive\Desktop\forgery\data\Cedar\full_forg\forgeries_18_13.png,0,18
C:\Users\arfan\OneDrive\Desktop\forgery\data\Cedar\full_org\original_15_4.png,C:\Users\arfan\OneDrive\Desktop\forgery\data\Cedar\full_forg\forgeries_15_10.png,0,15
C:\Users\arfan\OneDrive\Desktop\forgery\data\Cedar\full_org\original_49_12.png,C:\Users\arfan\OneDrive\Desktop\forgery\data\Cedar\full_org\original_49_20.png,1,49
C:\Users\arfan\OneDrive\Desktop\forgery\data\Cedar\full_org\original_38_9.png,C:\Users\arfan\OneDrive\Desktop\forgery\data\Cedar\full_forg\forgeries_38_21.png,0,38
C:\Users\arfan\OneDrive\Desktop\forgery\data\Cedar\full_org\original_26_21.png,C:\Users\arfan\OneDrive\Desktop\forgery\data\Cedar\full_forg\forgeries_26_15.png,0,26
C:\Users\arfan\OneDrive\Desktop\forgery\data\Cedar\full_org\original_54_21.png,C:\Users\arfan\OneDrive\Desktop\forgery\data\Cedar\full_forg\forgeries_54_20.png,0,54
C:\Users\arfan\OneDrive\Desktop\forgery\data\Cedar\full_org\original_4_1.png,C:\Users\arfan\OneDrive\Desktop\forgery\data\Cedar\full_org\original_4_24.png,1,4
C:\Users\arfan\OneDrive\Desktop\forgery\data\Cedar\full_org\original_19_22.png,C:\Users\arfan\OneDrive\Desktop\forgery\data\Cedar\full_forg\forgeries_19_4.png,0,19
C:\Users\arfan\OneDrive\Desktop\forgery\data\Cedar\full_org\original_16_11.png,C:\Users\arfan\OneDrive\Desktop\forgery\data\Cedar\full_forg\forgeries_16_19.png,0,16
C:\Users\arfan\OneDrive\Desktop\forgery\data\Cedar\full_org\original_37_5.png,C:\Users\arfan\OneDrive\Desktop\forgery\data\Cedar\full_forg\forgeries_37_13.png,0,37
C:\Users\arfan\OneDrive\Desktop\forgery\data\Cedar\full_org\original_19_20.png,C:\Users\arfan\OneDrive\Desktop\forgery\data\Cedar\full_forg\forgeries_19_8.png,0,19
C:\Users\arfan\OneDrive\Desktop\forgery\data\Cedar\full_org\original_9_4.png,C:\Users\arfan\OneDrive\Desktop\forgery\data\Cedar\full_forg\forgeries_9_16.png,0,9
C:\Users\arfan\OneDrive\Desktop\forgery\data\Cedar\full_org\original_11_18.png,C:\Users\arfan\OneDrive\Desktop\forgery\data\Cedar\full_forg\forgeries_11_20.png,0,11
C:\Users\arfan\OneDrive\Desktop\forgery\data\Cedar\full_org\original_5_18.png,C:\Users\arfan\OneDrive\Desktop\forgery\data\Cedar\full_org\original_5_3.png,1,5
C:\Users\arfan\OneDrive\Desktop\forgery\data\Cedar\full_org\original_9_12.png,C:\Users\arfan\OneDrive\Desktop\forgery\data\Cedar\full_forg\forgeries_9_4.png,0,9
C:\Users\arfan\OneDrive\Desktop\forgery\data\Cedar\full_org\original_49_11.png,C:\Users\arfan\OneDrive\Desktop\forgery\data\Cedar\full_org\original_49_5.png,1,49
C:\Users\arfan\OneDrive\Desktop\forgery\data\Cedar\full_org\original_24_16.png,C:\Users\arfan\OneDrive\Desktop\forgery\data\Cedar\full_org\original_24_17.png,1,24
C:\Users\arfan\OneDrive\Desktop\forgery\data\Cedar\full_org\original_30_16.png,C:\Users\arfan\OneDrive\Desktop\forgery\data\Cedar\full_forg\forgeries_30_12.png,0,30
C:\Users\arfan\OneDrive\Desktop\forgery\data\Cedar\full_org\original_39_22.png,C:\Users\arfan\OneDrive\Desktop\forgery\data\Cedar\full_org\original_39_6.png,1,39
C:\Users\arfan\OneDrive\Desktop\forgery\data\Cedar\full_org\original_41_22.png,C:\Users\arfan\OneDrive\Desktop\forgery\data\Cedar\full_org\original_41_23.png,1,41
C:\Users\arfan\OneDrive\Desktop\forgery\data\Cedar\full_org\original_48_10.png,C:\Users\arfan\OneDrive\Desktop\forgery\data\Cedar\full_forg\forgeries_48_20.png,0,48
C:\Users\arfan\OneDrive\Desktop\forgery\data\Cedar\full_org\original_45_15.png,C:\Users\arfan\OneDrive\Desktop\forgery\data\Cedar\full_org\original_45_24.png,1,45
C:\Users\arfan\OneDrive\Desktop\forgery\data\Cedar\full_org\original_52_24.png,C:\Users\arfan\OneDrive\Desktop\forgery\data\Cedar\full_forg\forgeries_52_1.png,0,52
C:\Users\arfan\OneDrive\Desktop\forgery\data\Cedar\full_org\original_47_21.png,C:\Users\arfan\OneDrive\Desktop\forgery\data\Cedar\full_forg\forgeries_47_11.png,0,47
C:\Users\arfan\OneDrive\Desktop\forgery\data\Cedar\full_org\original_3_19.png,C:\Users\arfan\OneDrive\Desktop\forgery\data\Cedar\full_org\original_3_9.png,1,3
C:\Users\arfan\OneDrive\Desktop\forgery\data\Cedar\full_org\original_54_11.png,C:\Users\arfan\OneDrive\Desktop\forgery\data\Cedar\full_forg\forgeries_54_23.png,0,54
C:\Users\arfan\OneDrive\Desktop\forgery\data\Cedar\full_org\original_34_14.png,C:\Users\arfan\OneDrive\Desktop\forgery\data\Cedar\full_org\original_34_2.png,1,34
C:\Users\arfan\OneDrive\Desktop\forgery\data\Cedar\full_org\original_17_14.png,C:\Users\arfan\OneDrive\Desktop\forgery\data\Cedar\full_org\original_17_19.png,1,17
C:\Users\arfan\OneDrive\Desktop\forgery\data\Cedar\full_org\original_5_12.png,C:\Users\arfan\OneDrive\Desktop\forgery\data\Cedar\full_org\original_5_2.png,1,5
C:\Users\arfan\OneDrive\Desktop\forgery\data\Cedar\full_org\original_19_18.png,C:\Users\arfan\OneDrive\Desktop\forgery\data\Cedar\full_org\original_19_9.png,1,19
C:\Users\arfan\OneDrive\Desktop\forgery\data\Cedar\full_org\original_49_22.png,C:\Users\arfan\OneDrive\Desktop\forgery\data\Cedar\full_org\original_49_5.png,1,49
C:\Users\arfan\OneDrive\Desktop\forgery\data\Cedar\full_org\original_51_14.png,C:\Users\arfan\OneDrive\Desktop\forgery\data\Cedar\full_org\original_51_17.png,1,51
C:\Users\arfan\OneDrive\Desktop\forgery\data\Cedar\full_org\original_47_24.png,C:\Users\arfan\OneDrive\Desktop\forgery\data\Cedar\full_org\original_47_5.png,1,47
C:\Users\arfan\OneDrive\Desktop\forgery\data\Cedar\full_org\original_53_16.png,C:\Users\arfan\OneDrive\Desktop\forgery\data\Cedar\full_org\original_53_4.png,1,53
C:\Users\arfan\OneDrive\Desktop\forgery\data\Cedar\full_org\original_21_19.png,C:\Users\arfan\OneDrive\Desktop\forgery\data\Cedar\full_org\original_21_3.png,1,21
C:\Users\arfan\OneDrive\Desktop\forgery\data\Cedar\full_org\original_48_20.png,C:\Users\arfan\OneDrive\Desktop\forgery\data\Cedar\full_org\original_48_6.png,1,48
C:\Users\arfan\OneDrive\Desktop\forgery\data\Cedar\full_org\original_26_2.png,C:\Users\arfan\OneDrive\Desktop\forgery\data\Cedar\full_org\original_26_23.png,1,26
C:\Users\arfan\OneDrive\Desktop\forgery\data\Cedar\full_org\original_47_6.png,C:\Users\arfan\OneDrive\Desktop\forgery\data\Cedar\full_forg\forgeries_47_22.png,0,47
C:\Users\arfan\OneDrive\Desktop\forgery\data\Cedar\full_org\original_43_13.png,C:\Users\arfan\OneDrive\Desktop\forgery\data\Cedar\full_forg\forgeries_43_3.png,0,43
C:\Users\arfan\OneDrive\Desktop\forgery\data\Cedar\full_org\original_24_14.png,C:\Users\arfan\OneDrive\Desktop\forgery\data\Cedar\full_org\original_24_22.png,1,24
C:\Users\arfan\OneDrive\Desktop\forgery\data\Cedar\full_org\original_51_7.png,C:\Users\arfan\OneDrive\Desktop\forgery\data\Cedar\full_forg\forgeries_51_7.png,0,51
C:\Users\arfan\OneDrive\Desktop\forgery\data\Cedar\full_org\original_25_10.png,C:\Users\arfan\OneDrive\Desktop\forgery\data\Cedar\full_forg\forgeries_25_11.png,0,25
C:\Users\arfan\OneDrive\Desktop\forgery\data\Cedar\full_org\original_4_14.png,C:\Users\arfan\OneDrive\Desktop\forgery\data\Cedar\full_forg\forgeries_4_13.png,0,4
C:\Users\arfan\OneDrive\Desktop\forgery\data\Cedar\full_org\original_35_22.png,C:\Users\arfan\OneDrive\Desktop\forgery\data\Cedar\full_forg\forgeries_35_23.png,0,35
C:\Users\arfan\OneDrive\Desktop\forgery\data\Cedar\full_org\original_36_15.png,C:\Users\arfan\OneDrive\Desktop\forgery\data\Cedar\full_forg\forgeries_36_12.png,0,36
C:\Users\arfan\OneDrive\Desktop\forgery\data\Cedar\full_org\original_40_8.png,C:\Users\arfan\OneDrive\Desktop\forgery\data\Cedar\full_forg\forgeries_40_14.png,0,40
C:\Users\arfan\OneDrive\Desktop\forgery\data\Cedar\full_org\original_35_10.png,C:\Users\arfan\OneDrive\Desktop\forgery\data\Cedar\full_org\original_35_3.png,1,35
C:\Users\arfan\OneDrive\Desktop\forgery\data\Cedar\full_org\original_55_11.png,C:\Users\arfan\OneDrive\Desktop\forgery\data\Cedar\full_forg\forgeries_55_17.png,0,55
C:\Users\arfan\OneDrive\Desktop\forgery\data\Cedar\full_org\original_47_18.png,C:\Users\arfan\OneDrive\Desktop\forgery\data\Cedar\full_org\original_47_24.png,1,47
C:\Users\arfan\OneDrive\Desktop\forgery\data\Cedar\full_org\original_36_21.png,C:\Users\arfan\OneDrive\Desktop\forgery\data\Cedar\full_org\original_36_4.png,1,36
C:\Users\arfan\OneDrive\Desktop\forgery\data\Cedar\full_org\original_35_4.png,C:\Users\arfan\OneDrive\Desktop\forgery\data\Cedar\full_forg\forgeries_35_2.png,0,35
C:\Users\arfan\OneDrive\Desktop\forgery\data\Cedar\full_org\original_8_12.png,C:\Users\arfan\OneDrive\Desktop\forgery\data\Cedar\full_org\original_8_8.png,1,8
C:\Users\arfan\OneDrive\Desktop\forgery\data\Cedar\full_org\original_36_22.png,C:\Users\arfan\OneDrive\Desktop\forgery\data\Cedar\full_forg\forgeries_36_8.png,0,36
C:\Users\arfan\OneDrive\Desktop\forgery\data\Cedar\full_org\original_19_20.png,C:\Users\arfan\OneDrive\Desktop\forgery\data\Cedar\full_org\original_19_5.png,1,19
C:\Users\arfan\OneDrive\Desktop\forgery\data\Cedar\full_org\original_28_19.png,C:\Users\arfan\OneDrive\Desktop\forgery\data\Cedar\full_forg\forgeries_28_15.png,0,28
C:\Users\arfan\OneDrive\Desktop\forgery\data\Cedar\full_org\original_41_10.png,C:\Users\arfan\OneDrive\Desktop\forgery\data\Cedar\full_org\original_41_5.png,1,41
C:\Users\arfan\OneDrive\Desktop\forgery\data\Cedar\full_org\original_4_16.png,C:\Users\arfan\OneDrive\Desktop\forgery\data\Cedar\full_forg\forgeries_4_2.png,0,4
C:\Users\arfan\OneDrive\Desktop\forgery\data\Cedar\full_org\original_41_4.png,C:\Users\arfan\OneDrive\Desktop\forgery\data\Cedar\full_org\original_41_6.png,1,41
C:\Users\arfan\OneDrive\Desktop\forgery\data\Cedar\full_org\original_46_12.png,C:\Users\arfan\OneDrive\Desktop\forgery\data\Cedar\full_forg\forgeries_46_3.png,0,46
C:\Users\arfan\OneDrive\Desktop\forgery\data\Cedar\full_org\original_40_1.png,C:\Users\arfan\OneDrive\Desktop\forgery\data\Cedar\full_org\original_40_22.png,1,40
C:\Users\arfan\OneDrive\Desktop\forgery\data\Cedar\full_org\original_24_7.png,C:\Users\arfan\OneDrive\Desktop\forgery\data\Cedar\full_org\original_24_8.png,1,24
C:\Users\arfan\OneDrive\Desktop\forgery\data\Cedar\full_org\original_43_3.png,C:\Users\arfan\OneDrive\Desktop\forgery\data\Cedar\full_forg\forgeries_43_13.png,0,43
C:\Users\arfan\OneDrive\Desktop\forgery\data\Cedar\full_org\original_18_1.png,C:\Users\arfan\OneDrive\Desktop\forgery\data\Cedar\full_forg\forgeries_18_22.png,0,18
C:\Users\arfan\OneDrive\Desktop\forgery\data\Cedar\full_org\original_5_21.png,C:\Users\arfan\OneDrive\Desktop\forgery\data\Cedar\full_forg\forgeries_5_9.png,0,5
C:\Users\arfan\OneDrive\Desktop\forgery\data\Cedar\full_org\original_1_23.png,C:\Users\arfan\OneDrive\Desktop\forgery\data\Cedar\full_forg\forgeries_1_8.png,0,1
C:\Users\arfan\OneDrive\Desktop\forgery\data\Cedar\full_org\original_38_11.png,C:\Users\arfan\OneDrive\Desktop\forgery\data\Cedar\full_forg\forgeries_38_3.png,0,38
C:\Users\arfan\OneDrive\Desktop\forgery\data\Cedar\full_org\original_17_11.png,C:\Users\arfan\OneDrive\Desktop\forgery\data\Cedar\full_forg\forgeries_17_22.png,0,17
C:\Users\arfan\OneDrive\Desktop\forgery\data\Cedar\full_org\original_7_19.png,C:\Users\arfan\OneDrive\Desktop\forgery\data\Cedar\full_org\original_7_23.png,1,7
C:\Users\arfan\OneDrive\Desktop\forgery\data\Cedar\full_org\original_17_20.png,C:\Users\arfan\OneDrive\Desktop\forgery\data\Cedar\full_org\original_17_7.png,1,17
C:\Users\arfan\OneDrive\Desktop\forgery\data\Cedar\full_org\original_47_3.png,C:\Users\arfan\OneDrive\Desktop\forgery\data\Cedar\full_org\original_47_6.png,1,47
C:\Users\arfan\OneDrive\Desktop\forgery\data\Cedar\full_org\original_4_4.png,C:\Users\arfan\OneDrive\Desktop\forgery\data\Cedar\full_org\original_4_7.png,1,4
C:\Users\arfan\OneDrive\Desktop\forgery\data\Cedar\full_org\original_11_4.png,C:\Users\arfan\OneDrive\Desktop\forgery\data\Cedar\full_org\original_11_9.png,1,11
C:\Users\arfan\OneDrive\Desktop\forgery\data\Cedar\full_org\original_4_18.png,C:\Users\arfan\OneDrive\Desktop\forgery\data\Cedar\full_forg\forgeries_4_22.png,0,4
C:\Users\arfan\OneDrive\Desktop\forgery\data\Cedar\full_org\original_4_3.png,C:\Users\arfan\OneDrive\Desktop\forgery\data\Cedar\full_forg\forgeries_4_12.png,0,4
C:\Users\arfan\OneDrive\Desktop\forgery\data\Cedar\full_org\original_21_19.png,C:\Users\arfan\OneDrive\Desktop\forgery\data\Cedar\full_org\original_21_8.png,1,21
C:\Users\arfan\OneDrive\Desktop\forgery\data\Cedar\full_org\original_36_11.png,C:\Users\arfan\OneDrive\Desktop\forgery\data\Cedar\full_forg\forgeries_36_1.png,0,36
C:\Users\arfan\OneDrive\Desktop\forgery\data\Cedar\full_org\original_30_22.png,C:\Users\arfan\OneDrive\Desktop\forgery\data\Cedar\full_org\original_30_23.png,1,30
C:\Users\arfan\OneDrive\Desktop\forgery\data\Cedar\full_org\original_39_5.png,C:\Users\arfan\OneDrive\Desktop\forgery\data\Cedar\full_org\original_39_9.png,1,39
C:\Users\arfan\OneDrive\Desktop\forgery\data\Cedar\full_org\original_55_21.png,C:\Users\arfan\OneDrive\Desktop\forgery\data\Cedar\full_forg\forgeries_55_2.png,0,55
C:\Users\arfan\OneDrive\Desktop\forgery\data\Cedar\full_org\original_40_1.png,C:\Users\arfan\OneDrive\Desktop\forgery\data\Cedar\full_forg\forgeries_40_15.png,0,40
C:\Users\arfan\OneDrive\Desktop\forgery\data\Cedar\full_org\original_2_14.png,C:\Users\arfan\OneDrive\Desktop\forgery\data\Cedar\full_org\original_2_16.png,1,2
C:\Users\arfan\OneDrive\Desktop\forgery\data\Cedar\full_org\original_36_10.png,C:\Users\arfan\OneDrive\Desktop\forgery\data\Cedar\full_forg\forgeries_36_6.png,0,36
C:\Users\arfan\OneDrive\Desktop\forgery\data\Cedar\full_org\original_54_3.png,C:\Users\arfan\OneDrive\Desktop\forgery\data\Cedar\full_org\original_54_9.png,1,54
C:\Users\arfan\OneDrive\Desktop\forgery\data\Cedar\full_org\original_12_8.png,C:\Users\arfan\OneDrive\Desktop\forgery\data\Cedar\full_forg\forgeries_12_2.png,0,12
C:\Users\arfan\OneDrive\Desktop\forgery\data\Cedar\full_org\original_9_19.png,C:\Users\arfan\OneDrive\Desktop\forgery\data\Cedar\full_forg\forgeries_9_23.png,0,9
C:\Users\arfan\OneDrive\Desktop\forgery\data\Cedar\full_org\original_28_17.png,C:\Users\arfan\OneDrive\Desktop\forgery\data\Cedar\full_forg\forgeries_28_13.png,0,28
C:\Users\arfan\OneDrive\Desktop\forgery\data\Cedar\full_org\original_25_20.png,C:\Users\arfan\OneDrive\Desktop\forgery\data\Cedar\full_org\original_25_7.png,1,25
C:\Users\arfan\OneDrive\Desktop\forgery\data\Cedar\full_org\original_24_5.png,C:\Users\arfan\OneDrive\Desktop\forgery\data\Cedar\full_forg\forgeries_24_10.png,0,24
C:\Users\arfan\OneDrive\Desktop\forgery\data\Cedar\full_org\original_12_3.png,C:\Users\arfan\OneDrive\Desktop\forgery\data\Cedar\full_org\original_12_7.png,1,12
C:\Users\arfan\OneDrive\Desktop\forgery\data\Cedar\full_org\original_2_23.png,C:\Users\arfan\OneDrive\Desktop\forgery\data\Cedar\full_forg\forgeries_2_6.png,0,2
C:\Users\arfan\OneDrive\Desktop\forgery\data\Cedar\full_org\original_21_20.png,C:\Users\arfan\OneDrive\Desktop\forgery\data\Cedar\full_forg\forgeries_21_3.png,0,21
C:\Users\arfan\OneDrive\Desktop\forgery\data\Cedar\full_org\original_53_19.png,C:\Users\arfan\OneDrive\Desktop\forgery\data\Cedar\full_org\original_53_24.png,1,53
C:\Users\arfan\OneDrive\Desktop\forgery\data\Cedar\full_org\original_12_22.png,C:\Users\arfan\OneDrive\Desktop\forgery\data\Cedar\full_org\original_12_8.png,1,12
C:\Users\arfan\OneDrive\Desktop\forgery\data\Cedar\full_org\original_52_14.png,C:\Users\arfan\OneDrive\Desktop\forgery\data\Cedar\full_forg\forgeries_52_24.png,0,52
C:\Users\arfan\OneDrive\Desktop\forgery\data\Cedar\full_org\original_5_20.png,C:\Users\arfan\OneDrive\Desktop\forgery\data\Cedar\full_forg\forgeries_5_13.png,0,5
C:\Users\arfan\OneDrive\Desktop\forgery\data\Cedar\full_org\original_36_21.png,C:\Users\arfan\OneDrive\Desktop\forgery\data\Cedar\full_forg\forgeries_36_3.png,0,36
C:\Users\arfan\OneDrive\Desktop\forgery\data\Cedar\full_org\original_28_2.png,C:\Users\arfan\OneDrive\Desktop\forgery\data\Cedar\full_org\original_28_7.png,1,28
C:\Users\arfan\OneDrive\Desktop\forgery\data\Cedar\full_org\original_38_24.png,C:\Users\arfan\OneDrive\Desktop\forgery\data\Cedar\full_forg\forgeries_38_4.png,0,38
C:\Users\arfan\OneDrive\Desktop\forgery\data\Cedar\full_org\original_30_18.png,C:\Users\arfan\OneDrive\Desktop\forgery\data\Cedar\full_forg\forgeries_30_23.png,0,30
C:\Users\arfan\OneDrive\Desktop\forgery\data\Cedar\full_org\original_30_17.png,C:\Users\arfan\OneDrive\Desktop\forgery\data\Cedar\full_org\original_30_8.png,1,30
C:\Users\arfan\OneDrive\Desktop\forgery\data\Cedar\full_org\original_23_17.png,C:\Users\arfan\OneDrive\Desktop\forgery\data\Cedar\full_org\original_23_24.png,1,23
C:\Users\arfan\OneDrive\Desktop\forgery\data\Cedar\full_org\original_24_1.png,C:\Users\arfan\OneDrive\Desktop\forgery\data\Cedar\full_org\original_24_21.png,1,24
C:\Users\arfan\OneDrive\Desktop\forgery\data\Cedar\full_org\original_9_1.png,C:\Users\arfan\OneDrive\Desktop\forgery\data\Cedar\full_org\original_9_17.png,1,9
C:\Users\arfan\OneDrive\Desktop\forgery\data\Cedar\full_org\original_19_24.png,C:\Users\arfan\OneDrive\Desktop\forgery\data\Cedar\full_org\original_19_7.png,1,19
C:\Users\arfan\OneDrive\Desktop\forgery\data\Cedar\full_org\original_41_2.png,C:\Users\arfan\OneDrive\Desktop\forgery\data\Cedar\full_forg\forgeries_41_8.png,0,41
C:\Users\arfan\OneDrive\Desktop\forgery\data\Cedar\full_org\original_9_7.png,C:\Users\arfan\OneDrive\Desktop\forgery\data\Cedar\full_forg\forgeries_9_12.png,0,9
C:\Users\arfan\OneDrive\Desktop\forgery\data\Cedar\full_org\original_45_2.png,C:\Users\arfan\OneDrive\Desktop\forgery\data\Cedar\full_forg\forgeries_45_3.png,0,45
C:\Users\arfan\OneDrive\Desktop\forgery\data\Cedar\full_org\original_40_1.png,C:\Users\arfan\OneDrive\Desktop\forgery\data\Cedar\full_org\original_40_4.png,1,40
C:\Users\arfan\OneDrive\Desktop\forgery\data\Cedar\full_org\original_52_20.png,C:\Users\arfan\OneDrive\Desktop\forgery\data\Cedar\full_org\original_52_3.png,1,52
C:\Users\arfan\OneDrive\Desktop\forgery\data\Cedar\full_org\original_48_18.png,C:\Users\arfan\OneDrive\Desktop\forgery\data\Cedar\full_org\original_48_20.png,1,48
C:\Users\arfan\OneDrive\Desktop\forgery\data\Cedar\full_org\original_38_15.png,C:\Users\arfan\OneDrive\Desktop\forgery\data\Cedar\full_forg\forgeries_38_4.png,0,38
C:\Users\arfan\OneDrive\Desktop\forgery\data\Cedar\full_org\original_45_12.png,C:\Users\arfan\OneDrive\Desktop\forgery\data\Cedar\full_org\original_45_8.png,1,45
C:\Users\arfan\OneDrive\Desktop\forgery\data\Cedar\full_org\original_52_19.png,C:\Users\arfan\OneDrive\Desktop\forgery\data\Cedar\full_org\original_52_4.png,1,52
C:\Users\arfan\OneDrive\Desktop\forgery\data\Cedar\full_org\original_1_14.png,C:\Users\arfan\OneDrive\Desktop\forgery\data\Cedar\full_org\original_1_20.png,1,1
C:\Users\arfan\OneDrive\Desktop\forgery\data\Cedar\full_org\original_47_20.png,C:\Users\arfan\OneDrive\Desktop\forgery\data\Cedar\full_forg\forgeries_47_20.png,0,47
C:\Users\arfan\OneDrive\Desktop\forgery\data\Cedar\full_org\original_40_11.png,C:\Users\arfan\OneDrive\Desktop\forgery\data\Cedar\full_forg\forgeries_40_4.png,0,40
C:\Users\arfan\OneDrive\Desktop\forgery\data\Cedar\full_org\original_37_15.png,C:\Users\arfan\OneDrive\Desktop\forgery\data\Cedar\full_org\original_37_7.png,1,37
C:\Users\arfan\OneDrive\Desktop\forgery\data\Cedar\full_org\original_4_2.png,C:\Users\arfan\OneDrive\Desktop\forgery\data\Cedar\full_org\original_4_8.png,1,4
C:\Users\arfan\OneDrive\Desktop\forgery\data\Cedar\full_org\original_30_22.png,C:\Users\arfan\OneDrive\Desktop\forgery\data\Cedar\full_forg\forgeries_30_9.png,0,30
C:\Users\arfan\OneDrive\Desktop\forgery\data\Cedar\full_org\original_16_15.png,C:\Users\arfan\OneDrive\Desktop\forgery\data\Cedar\full_org\original_16_2.png,1,16
C:\Users\arfan\OneDrive\Desktop\forgery\data\Cedar\full_org\original_28_3.png,C:\Users\arfan\OneDrive\Desktop\forgery\data\Cedar\full_org\original_28_5.png,1,28
C:\Users\arfan\OneDrive\Desktop\forgery\data\Cedar\full_org\original_31_11.png,C:\Users\arfan\OneDrive\Desktop\forgery\data\Cedar\full_org\original_31_20.png,1,31
C:\Users\arfan\OneDrive\Desktop\forgery\data\Cedar\full_org\original_12_12.png,C:\Users\arfan\OneDrive\Desktop\forgery\data\Cedar\full_org\original_12_2.png,1,12
C:\Users\arfan\OneDrive\Desktop\forgery\data\Cedar\full_org\original_46_11.png,C:\Users\arfan\OneDrive\Desktop\forgery\data\Cedar\full_forg\forgeries_46_12.png,0,46
C:\Users\arfan\OneDrive\Desktop\forgery\data\Cedar\full_org\original_8_16.png,C:\Users\arfan\OneDrive\Desktop\forgery\data\Cedar\full_forg\forgeries_8_14.png,0,8
C:\Users\arfan\OneDrive\Desktop\forgery\data\Cedar\full_org\original_23_15.png,C:\Users\arfan\OneDrive\Desktop\forgery\data\Cedar\full_org\original_23_22.png,1,23
C:\Users\arfan\OneDrive\Desktop\forgery\data\Cedar\full_org\original_11_11.png,C:\Users\arfan\OneDrive\Desktop\forgery\data\Cedar\full_org\original_11_15.png,1,11
C:\Users\arfan\OneDrive\Desktop\forgery\data\Cedar\full_org\original_48_2.png,C:\Users\arfan\OneDrive\Desktop\forgery\data\Cedar\full_forg\forgeries_48_13.png,0,48
C:\Users\arfan\OneDrive\Desktop\forgery\data\Cedar\full_org\original_17_16.png,C:\Users\arfan\OneDrive\Desktop\forgery\data\Cedar\full_forg\forgeries_17_6.png,0,17
C:\Users\arfan\OneDrive\Desktop\forgery\data\Cedar\full_org\original_12_16.png,C:\Users\arfan\OneDrive\Desktop\forgery\data\Cedar\full_forg\forgeries_12_23.png,0,12
C:\Users\arfan\OneDrive\Desktop\forgery\data\Cedar\full_org\original_5_17.png,C:\Users\arfan\OneDrive\Desktop\forgery\data\Cedar\full_org\original_5_21.png,1,5
C:\Users\arfan\OneDrive\Desktop\forgery\data\Cedar\full_org\original_40_23.png,C:\Users\arfan\OneDrive\Desktop\forgery\data\Cedar\full_forg\forgeries_40_15.png,0,40
C:\Users\arfan\OneDrive\Desktop\forgery\data\Cedar\full_org\original_34_11.png,C:\Users\arfan\OneDrive\Desktop\forgery\data\Cedar\full_org\original_34_8.png,1,34
C:\Users\arfan\OneDrive\Desktop\forgery\data\Cedar\full_org\original_16_20.png,C:\Users\arfan\OneDrive\Desktop\forgery\data\Cedar\full_org\original_16_24.png,1,16
C:\Users\arfan\OneDrive\Desktop\forgery\data\Cedar\full_org\original_5_5.png,C:\Users\arfan\OneDrive\Desktop\forgery\data\Cedar\full_org\original_5_6.png,1,5
C:\Users\arfan\OneDrive\Desktop\forgery\data\Cedar\full_org\original_4_1.png,C:\Users\arfan\OneDrive\Desktop\forgery\data\Cedar\full_org\original_4_13.png,1,4
C:\Users\arfan\OneDrive\Desktop\forgery\data\Cedar\full_org\original_10_2.png,C:\Users\arfan\OneDrive\Desktop\forgery\data\Cedar\full_org\original_10_3.png,1,10
C:\Users\arfan\OneDrive\Desktop\forgery\data\Cedar\full_org\original_22_2.png,C:\Users\arfan\OneDrive\Desktop\forgery\data\Cedar\full_forg\forgeries_22_20.png,0,22
C:\Users\arfan\OneDrive\Desktop\forgery\data\Cedar\full_org\original_45_11.png,C:\Users\arfan\OneDrive\Desktop\forgery\data\Cedar\full_org\original_45_13.png,1,45
C:\Users\arfan\OneDrive\Desktop\forgery\data\Cedar\full_org\original_19_20.png,C:\Users\arfan\OneDrive\Desktop\forgery\data\Cedar\full_org\original_19_3.png,1,19
C:\Users\arfan\OneDrive\Desktop\forgery\data\Cedar\full_org\original_4_18.png,C:\Users\arfan\OneDrive\Desktop\forgery\data\Cedar\full_forg\forgeries_4_15.png,0,4
C:\Users\arfan\OneDrive\Desktop\forgery\data\Cedar\full_org\original_22_12.png,C:\Users\arfan\OneDrive\Desktop\forgery\data\Cedar\full_forg\forgeries_22_18.png,0,22
C:\Users\arfan\OneDrive\Desktop\forgery\data\Cedar\full_org\original_49_1.png,C:\Users\arfan\OneDrive\Desktop\forgery\data\Cedar\full_org\original_49_9.png,1,49
C:\Users\arfan\OneDrive\Desktop\forgery\data\Cedar\full_org\original_46_1.png,C:\Users\arfan\OneDrive\Desktop\forgery\data\Cedar\full_org\original_46_24.png,1,46
C:\Users\arfan\OneDrive\Desktop\forgery\data\Cedar\full_org\original_10_20.png,C:\Users\arfan\OneDrive\Desktop\forgery\data\Cedar\full_forg\forgeries_10_1.png,0,10
C:\Users\arfan\OneDrive\Desktop\forgery\data\Cedar\full_org\original_39_10.png,C:\Users\arfan\OneDrive\Desktop\forgery\data\Cedar\full_org\original_39_20.png,1,39
C:\Users\arfan\OneDrive\Desktop\forgery\data\Cedar\full_org\original_9_22.png,C:\Users\arfan\OneDrive\Desktop\forgery\data\Cedar\full_org\original_9_7.png,1,9
C:\Users\arfan\OneDrive\Desktop\forgery\data\Cedar\full_org\original_17_2.png,C:\Users\arfan\OneDrive\Desktop\forgery\data\Cedar\full_org\original_17_5.png,1,17
C:\Users\arfan\OneDrive\Desktop\forgery\data\Cedar\full_org\original_29_5.png,C:\Users\arfan\OneDrive\Desktop\forgery\data\Cedar\full_forg\forgeries_29_2.png,0,29
C:\Users\arfan\OneDrive\Desktop\forgery\data\Cedar\full_org\original_1_12.png,C:\Users\arfan\OneDrive\Desktop\forgery\data\Cedar\full_org\original_1_3.png,1,1
C:\Users\arfan\OneDrive\Desktop\forgery\data\Cedar\full_org\original_26_2.png,C:\Users\arfan\OneDrive\Desktop\forgery\data\Cedar\full_org\original_26_4.png,1,26
C:\Users\arfan\OneDrive\Desktop\forgery\data\Cedar\full_org\original_3_21.png,C:\Users\arfan\OneDrive\Desktop\forgery\data\Cedar\full_org\original_3_3.png,1,3
C:\Users\arfan\OneDrive\Desktop\forgery\data\Cedar\full_org\original_45_4.png,C:\Users\arfan\OneDrive\Desktop\forgery\data\Cedar\full_forg\forgeries_45_8.png,0,45
C:\Users\arfan\OneDrive\Desktop\forgery\data\Cedar\full_org\original_48_22.png,C:\Users\arfan\OneDrive\Desktop\forgery\data\Cedar\full_forg\forgeries_48_21.png,0,48
C:\Users\arfan\OneDrive\Desktop\forgery\data\Cedar\full_org\original_1_12.png,C:\Users\arfan\OneDrive\Desktop\forgery\data\Cedar\full_forg\forgeries_1_11.png,0,1
C:\Users\arfan\OneDrive\Desktop\forgery\data\Cedar\full_org\original_15_20.png,C:\Users\arfan\OneDrive\Desktop\forgery\data\Cedar\full_forg\forgeries_15_21.png,0,15
C:\Users\arfan\OneDrive\Desktop\forgery\data\Cedar\full_org\original_21_19.png,C:\Users\arfan\OneDrive\Desktop\forgery\data\Cedar\full_org\original_21_9.png,1,21
C:\Users\arfan\OneDrive\Desktop\forgery\data\Cedar\full_org\original_12_12.png,C:\Users\arfan\OneDrive\Desktop\forgery\data\Cedar\full_org\original_12_16.png,1,12
C:\Users\arfan\OneDrive\Desktop\forgery\data\Cedar\full_org\original_11_1.png,C:\Users\arfan\OneDrive\Desktop\forgery\data\Cedar\full_org\original_11_12.png,1,11
C:\Users\arfan\OneDrive\Desktop\forgery\data\Cedar\full_org\original_23_3.png,C:\Users\arfan\OneDrive\Desktop\forgery\data\Cedar\full_forg\forgeries_23_14.png,0,23
C:\Users\arfan\OneDrive\Desktop\forgery\data\Cedar\full_org\original_15_1.png,C:\Users\arfan\OneDrive\Desktop\forgery\data\Cedar\full_forg\forgeries_15_5.png,0,15
C:\Users\arfan\OneDrive\Desktop\forgery\data\Cedar\full_org\original_5_17.png,C:\Users\arfan\OneDrive\Desktop\forgery\data\Cedar\full_forg\forgeries_5_16.png,0,5
C:\Users\arfan\OneDrive\Desktop\forgery\data\Cedar\full_org\original_47_4.png,C:\Users\arfan\OneDrive\Desktop\forgery\data\Cedar\full_forg\forgeries_47_13.png,0,47
C:\Users\arfan\OneDrive\Desktop\forgery\data\Cedar\full_org\original_40_22.png,C:\Users\arfan\OneDrive\Desktop\forgery\data\Cedar\full_org\original_40_4.png,1,40
C:\Users\arfan\OneDrive\Desktop\forgery\data\Cedar\full_org\original_51_22.png,C:\Users\arfan\OneDrive\Desktop\forgery\data\Cedar\full_forg\forgeries_51_17.png,0,51
C:\Users\arfan\OneDrive\Desktop\forgery\data\Cedar\full_org\original_24_7.png,C:\Users\arfan\OneDrive\Desktop\forgery\data\Cedar\full_forg\forgeries_24_3.png,0,24
C:\Users\arfan\OneDrive\Desktop\forgery\data\Cedar\full_org\original_16_1.png,C:\Users\arfan\OneDrive\Desktop\forgery\data\Cedar\full_org\original_16_9.png,1,16
C:\Users\arfan\OneDrive\Desktop\forgery\data\Cedar\full_org\original_52_22.png,C:\Users\arfan\OneDrive\Desktop\forgery\data\Cedar\full_org\original_52_5.png,1,52
C:\Users\arfan\OneDrive\Desktop\forgery\data\Cedar\full_org\original_54_23.png,C:\Users\arfan\OneDrive\Desktop\forgery\data\Cedar\full_forg\forgeries_54_10.png,0,54
C:\Users\arfan\OneDrive\Desktop\forgery\data\Cedar\full_org\original_34_12.png,C:\Users\arfan\OneDrive\Desktop\forgery\data\Cedar\full_org\original_34_16.png,1,34
C:\Users\arfan\OneDrive\Desktop\forgery\data\Cedar\full_org\original_25_11.png,C:\Users\arfan\OneDrive\Desktop\forgery\data\Cedar\full_org\original_25_8.png,1,25
C:\Users\arfan\OneDrive\Desktop\forgery\data\Cedar\full_org\original_1_9.png,C:\Users\arfan\OneDrive\Desktop\forgery\data\Cedar\full_forg\forgeries_1_9.png,0,1
C:\Users\arfan\OneDrive\Desktop\forgery\data\Cedar\full_org\original_46_11.png,C:\Users\arfan\OneDrive\Desktop\forgery\data\Cedar\full_org\original_46_6.png,1,46
C:\Users\arfan\OneDrive\Desktop\forgery\data\Cedar\full_org\original_9_21.png,C:\Users\arfan\OneDrive\Desktop\forgery\data\Cedar\full_org\original_9_3.png,1,9
C:\Users\arfan\OneDrive\Desktop\forgery\data\Cedar\full_org\original_47_18.png,C:\Users\arfan\OneDrive\Desktop\forgery\data\Cedar\full_org\original_47_5.png,1,47
C:\Users\arfan\OneDrive\Desktop\forgery\data\Cedar\full_org\original_37_11.png,C:\Users\arfan\OneDrive\Desktop\forgery\data\Cedar\full_org\original_37_23.png,1,37
C:\Users\arfan\OneDrive\Desktop\forgery\data\Cedar\full_org\original_49_19.png,C:\Users\arfan\OneDrive\Desktop\forgery\data\Cedar\full_forg\forgeries_49_23.png,0,49
C:\Users\arfan\OneDrive\Desktop\forgery\data\Cedar\full_org\original_28_13.png,C:\Users\arfan\OneDrive\Desktop\forgery\data\Cedar\full_org\original_28_9.png,1,28
C:\Users\arfan\OneDrive\Desktop\forgery\data\Cedar\full_org\original_36_15.png,C:\Users\arfan\OneDrive\Desktop\forgery\data\Cedar\full_org\original_36_3.png,1,36
C:\Users\arfan\OneDrive\Desktop\forgery\data\Cedar\full_org\original_18_19.png,C:\Users\arfan\OneDrive\Desktop\forgery\data\Cedar\full_org\original_18_24.png,1,18
C:\Users\arfan\OneDrive\Desktop\forgery\data\Cedar\full_org\original_30_20.png,C:\Users\arfan\OneDrive\Desktop\forgery\data\Cedar\full_org\original_30_8.png,1,30
C:\Users\arfan\OneDrive\Desktop\forgery\data\Cedar\full_org\original_48_10.png,C:\Users\arfan\OneDrive\Desktop\forgery\data\Cedar\full_org\original_48_17.png,1,48
C:\Users\arfan\OneDrive\Desktop\forgery\data\Cedar\full_org\original_19_21.png,C:\Users\arfan\OneDrive\Desktop\forgery\data\Cedar\full_forg\forgeries_19_7.png,0,19
C:\Users\arfan\OneDrive\Desktop\forgery\data\Cedar\full_org\original_22_5.png,C:\Users\arfan\OneDrive\Desktop\forgery\data\Cedar\full_forg\forgeries_22_23.png,0,22
C:\Users\arfan\OneDrive\Desktop\forgery\data\Cedar\full_org\original_7_15.png,C:\Users\arfan\OneDrive\Desktop\forgery\data\Cedar\full_forg\forgeries_7_21.png,0,7
C:\Users\arfan\OneDrive\Desktop\forgery\data\Cedar\full_org\original_47_15.png,C:\Users\arfan\OneDrive\Desktop\forgery\data\Cedar\full_org\original_47_4.png,1,47
C:\Users\arfan\OneDrive\Desktop\forgery\data\Cedar\full_org\original_19_14.png,C:\Users\arfan\OneDrive\Desktop\forgery\data\Cedar\full_forg\forgeries_19_5.png,0,19
C:\Users\arfan\OneDrive\Desktop\forgery\data\Cedar\full_org\original_22_10.png,C:\Users\arfan\OneDrive\Desktop\forgery\data\Cedar\full_forg\forgeries_22_6.png,0,22
C:\Users\arfan\OneDrive\Desktop\forgery\data\Cedar\full_org\original_21_3.png,C:\Users\arfan\OneDrive\Desktop\forgery\data\Cedar\full_org\original_21_5.png,1,21
C:\Users\arfan\OneDrive\Desktop\forgery\data\Cedar\full_org\original_26_12.png,C:\Users\arfan\OneDrive\Desktop\forgery\data\Cedar\full_org\original_26_9.png,1,26
C:\Users\arfan\OneDrive\Desktop\forgery\data\Cedar\full_org\original_8_22.png,C:\Users\arfan\OneDrive\Desktop\forgery\data\Cedar\full_forg\forgeries_8_12.png,0,8
C:\Users\arfan\OneDrive\Desktop\forgery\data\Cedar\full_org\original_16_16.png,C:\Users\arfan\OneDrive\Desktop\forgery\data\Cedar\full_forg\forgeries_16_14.png,0,16
C:\Users\arfan\OneDrive\Desktop\forgery\data\Cedar\full_org\original_8_21.png,C:\Users\arfan\OneDrive\Desktop\forgery\data\Cedar\full_org\original_8_22.png,1,8
C:\Users\arfan\OneDrive\Desktop\forgery\data\Cedar\full_org\original_28_11.png,C:\Users\arfan\OneDrive\Desktop\forgery\data\Cedar\full_forg\forgeries_28_18.png,0,28
C:\Users\arfan\OneDrive\Desktop\forgery\data\Cedar\full_org\original_29_18.png,C:\Users\arfan\OneDrive\Desktop\forgery\data\Cedar\full_forg\forgeries_29_1.png,0,29
C:\Users\arfan\OneDrive\Desktop\forgery\data\Cedar\full_org\original_41_4.png,C:\Users\arfan\OneDrive\Desktop\forgery\data\Cedar\full_org\original_41_5.png,1,41
C:\Users\arfan\OneDrive\Desktop\forgery\data\Cedar\full_org\original_31_12.png,C:\Users\arfan\OneDrive\Desktop\forgery\data\Cedar\full_forg\forgeries_31_11.png,0,31
C:\Users\arfan\OneDrive\Desktop\forgery\data\Cedar\full_org\original_5_14.png,C:\Users\arfan\OneDrive\Desktop\forgery\data\Cedar\full_org\original_5_15.png,1,5
C:\Users\arfan\OneDrive\Desktop\forgery\data\Cedar\full_org\original_19_18.png,C:\Users\arfan\OneDrive\Desktop\forgery\data\Cedar\full_org\original_19_22.png,1,19
C:\Users\arfan\OneDrive\Desktop\forgery\data\Cedar\full_org\original_30_9.png,C:\Users\arfan\OneDrive\Desktop\forgery\data\Cedar\full_forg\forgeries_30_9.png,0,30
C:\Users\arfan\OneDrive\Desktop\forgery\data\Cedar\full_org\original_23_10.png,C:\Users\arfan\OneDrive\Desktop\forgery\data\Cedar\full_forg\forgeries_23_20.png,0,23
C:\Users\arfan\OneDrive\Desktop\forgery\data\Cedar\full_org\original_43_1.png,C:\Users\arfan\OneDrive\Desktop\forgery\data\Cedar\full_org\original_43_24.png,1,43
C:\Users\arfan\OneDrive\Desktop\forgery\data\Cedar\full_org\original_38_24.png,C:\Users\arfan\OneDrive\Desktop\forgery\data\Cedar\full_org\original_38_5.png,1,38
C:\Users\arfan\OneDrive\Desktop\forgery\data\Cedar\full_org\original_21_19.png,C:\Users\arfan\OneDrive\Desktop\forgery\data\Cedar\full_org\original_21_20.png,1,21
C:\Users\arfan\OneDrive\Desktop\forgery\data\Cedar\full_org\original_47_18.png,C:\Users\arfan\OneDrive\Desktop\forgery\data\Cedar\full_org\original_47_21.png,1,47
C:\Users\arfan\OneDrive\Desktop\forgery\data\Cedar\full_org\original_12_3.png,C:\Users\arfan\OneDrive\Desktop\forgery\data\Cedar\full_forg\forgeries_12_11.png,0,12
C:\Users\arfan\OneDrive\Desktop\forgery\data\Cedar\full_org\original_15_16.png,C:\Users\arfan\OneDrive\Desktop\forgery\data\Cedar\full_org\original_15_5.png,1,15
C:\Users\arfan\OneDrive\Desktop\forgery\data\Cedar\full_org\original_39_3.png,C:\Users\arfan\OneDrive\Desktop\forgery\data\Cedar\full_forg\forgeries_39_13.png,0,39
C:\Users\arfan\OneDrive\Desktop\forgery\data\Cedar\full_org\original_31_15.png,C:\Users\arfan\OneDrive\Desktop\forgery\data\Cedar\full_forg\forgeries_31_2.png,0,31
C:\Users\arfan\OneDrive\Desktop\forgery\data\Cedar\full_org\original_1_12.png,C:\Users\arfan\OneDrive\Desktop\forgery\data\Cedar\full_forg\forgeries_1_7.png,0,1
C:\Users\arfan\OneDrive\Desktop\forgery\data\Cedar\full_org\original_51_13.png,C:\Users\arfan\OneDrive\Desktop\forgery\data\Cedar\full_org\original_51_6.png,1,51
C:\Users\arfan\OneDrive\Desktop\forgery\data\Cedar\full_org\original_45_21.png,C:\Users\arfan\OneDrive\Desktop\forgery\data\Cedar\full_org\original_45_22.png,1,45
C:\Users\arfan\OneDrive\Desktop\forgery\data\Cedar\full_org\original_37_6.png,C:\Users\arfan\OneDrive\Desktop\forgery\data\Cedar\full_org\original_37_8.png,1,37
C:\Users\arfan\OneDrive\Desktop\forgery\data\Cedar\full_org\original_17_10.png,C:\Users\arfan\OneDrive\Desktop\forgery\data\Cedar\full_org\original_17_7.png,1,17
C:\Users\arfan\OneDrive\Desktop\forgery\data\Cedar\full_org\original_30_1.png,C:\Users\arfan\OneDrive\Desktop\forgery\data\Cedar\full_org\original_30_17.png,1,30
C:\Users\arfan\OneDrive\Desktop\forgery\data\Cedar\full_org\original_15_13.png,C:\Users\arfan\OneDrive\Desktop\forgery\data\Cedar\full_forg\forgeries_15_3.png,0,15
C:\Users\arfan\OneDrive\Desktop\forgery\data\Cedar\full_org\original_47_22.png,C:\Users\arfan\OneDrive\Desktop\forgery\data\Cedar\full_org\original_47_24.png,1,47
C:\Users\arfan\OneDrive\Desktop\forgery\data\Cedar\full_org\original_45_6.png,C:\Users\arfan\OneDrive\Desktop\forgery\data\Cedar\full_org\original_45_7.png,1,45
C:\Users\arfan\OneDrive\Desktop\forgery\data\Cedar\full_org\original_36_22.png,C:\Users\arfan\OneDrive\Desktop\forgery\data\Cedar\full_forg\forgeries_36_2.png,0,36
C:\Users\arfan\OneDrive\Desktop\forgery\data\Cedar\full_org\original_4_13.png,C:\Users\arfan\OneDrive\Desktop\forgery\data\Cedar\full_org\original_4_16.png,1,4
C:\Users\arfan\OneDrive\Desktop\forgery\data\Cedar\full_org\original_53_20.png,C:\Users\arfan\OneDrive\Desktop\forgery\data\Cedar\full_forg\forgeries_53_11.png,0,53
C:\Users\arfan\OneDrive\Desktop\forgery\data\Cedar\full_org\original_35_7.png,C:\Users\arfan\OneDrive\Desktop\forgery\data\Cedar\full_forg\forgeries_35_7.png,0,35
C:\Users\arfan\OneDrive\Desktop\forgery\data\Cedar\full_org\original_41_11.png,C:\Users\arfan\OneDrive\Desktop\forgery\data\Cedar\full_forg\forgeries_41_13.png,0,41
C:\Users\arfan\OneDrive\Desktop\forgery\data\Cedar\full_org\original_2_8.png,C:\Users\arfan\OneDrive\Desktop\forgery\data\Cedar\full_forg\forgeries_2_11.png,0,2
C:\Users\arfan\OneDrive\Desktop\forgery\data\Cedar\full_org\original_2_10.png,C:\Users\arfan\OneDrive\Desktop\forgery\data\Cedar\full_forg\forgeries_2_20.png,0,2
C:\Users\arfan\OneDrive\Desktop\forgery\data\Cedar\full_org\original_10_13.png,C:\Users\arfan\OneDrive\Desktop\forgery\data\Cedar\full_org\original_10_17.png,1,10
C:\Users\arfan\OneDrive\Desktop\forgery\data\Cedar\full_org\original_55_13.png,C:\Users\arfan\OneDrive\Desktop\forgery\data\Cedar\full_org\original_55_5.png,1,55
C:\Users\arfan\OneDrive\Desktop\forgery\data\Cedar\full_org\original_48_14.png,C:\Users\arfan\OneDrive\Desktop\forgery\data\Cedar\full_org\original_48_16.png,1,48
C:\Users\arfan\OneDrive\Desktop\forgery\data\Cedar\full_org\original_19_1.png,C:\Users\arfan\OneDrive\Desktop\forgery\data\Cedar\full_org\original_19_3.png,1,19
C:\Users\arfan\OneDrive\Desktop\forgery\data\Cedar\full_org\original_19_23.png,C:\Users\arfan\OneDrive\Desktop\forgery\data\Cedar\full_org\original_19_9.png,1,19
C:\Users\arfan\OneDrive\Desktop\forgery\data\Cedar\full_org\original_28_16.png,C:\Users\arfan\OneDrive\Desktop\forgery\data\Cedar\full_forg\forgeries_28_24.png,0,28
C:\Users\arfan\OneDrive\Desktop\forgery\data\Cedar\full_org\original_45_6.png,C:\Users\arfan\OneDrive\Desktop\forgery\data\Cedar\full_forg\forgeries_45_10.png,0,45
C:\Users\arfan\OneDrive\Desktop\forgery\data\Cedar\full_org\original_3_13.png,C:\Users\arfan\OneDrive\Desktop\forgery\data\Cedar\full_forg\forgeries_3_16.png,0,3
C:\Users\arfan\OneDrive\Desktop\forgery\data\Cedar\full_org\original_15_12.png,C:\Users\arfan\OneDrive\Desktop\forgery\data\Cedar\full_org\original_15_17.png,1,15
C:\Users\arfan\OneDrive\Desktop\forgery\data\Cedar\full_org\original_43_19.png,C:\Users\arfan\OneDrive\Desktop\forgery\data\Cedar\full_forg\forgeries_43_7.png,0,43
C:\Users\arfan\OneDrive\Desktop\forgery\data\Cedar\full_org\original_1_23.png,C:\Users\arfan\OneDrive\Desktop\forgery\data\Cedar\full_org\original_1_3.png,1,1
C:\Users\arfan\OneDrive\Desktop\forgery\data\Cedar\full_org\original_37_9.png,C:\Users\arfan\OneDrive\Desktop\forgery\data\Cedar\full_forg\forgeries_37_19.png,0,37
C:\Users\arfan\OneDrive\Desktop\forgery\data\Cedar\full_org\original_2_11.png,C:\Users\arfan\OneDrive\Desktop\forgery\data\Cedar\full_org\original_2_18.png,1,2
C:\Users\arfan\OneDrive\Desktop\forgery\data\Cedar\full_org\original_52_12.png,C:\Users\arfan\OneDrive\Desktop\forgery\data\Cedar\full_forg\forgeries_52_12.png,0,52
C:\Users\arfan\OneDrive\Desktop\forgery\data\Cedar\full_org\original_5_6.png,C:\Users\arfan\OneDrive\Desktop\forgery\data\Cedar\full_forg\forgeries_5_21.png,0,5
C:\Users\arfan\OneDrive\Desktop\forgery\data\Cedar\full_org\original_2_3.png,C:\Users\arfan\OneDrive\Desktop\forgery\data\Cedar\full_forg\forgeries_2_5.png,0,2
C:\Users\arfan\OneDrive\Desktop\forgery\data\Cedar\full_org\original_7_23.png,C:\Users\arfan\OneDrive\Desktop\forgery\data\Cedar\full_org\original_7_24.png,1,7
C:\Users\arfan\OneDrive\Desktop\forgery\data\Cedar\full_org\original_38_6.png,C:\Users\arfan\OneDrive\Desktop\forgery\data\Cedar\full_forg\forgeries_38_2.png,0,38
C:\Users\arfan\OneDrive\Desktop\forgery\data\Cedar\full_org\original_51_18.png,C:\Users\arfan\OneDrive\Desktop\forgery\data\Cedar\full_org\original_51_24.png,1,51
C:\Users\arfan\OneDrive\Desktop\forgery\data\Cedar\full_org\original_51_8.png,C:\Users\arfan\OneDrive\Desktop\forgery\data\Cedar\full_forg\forgeries_51_9.png,0,51
C:\Users\arfan\OneDrive\Desktop\forgery\data\Cedar\full_org\original_15_21.png,C:\Users\arfan\OneDrive\Desktop\forgery\data\Cedar\full_forg\forgeries_15_24.png,0,15
C:\Users\arfan\OneDrive\Desktop\forgery\data\Cedar\full_org\original_34_13.png,C:\Users\arfan\OneDrive\Desktop\forgery\data\Cedar\full_org\original_34_2.png,1,34
C:\Users\arfan\OneDrive\Desktop\forgery\data\Cedar\full_org\original_28_9.png,C:\Users\arfan\OneDrive\Desktop\forgery\data\Cedar\full_forg\forgeries_28_1.png,0,28
C:\Users\arfan\OneDrive\Desktop\forgery\data\Cedar\full_org\original_24_8.png,C:\Users\arfan\OneDrive\Desktop\forgery\data\Cedar\full_forg\forgeries_24_22.png,0,24
C:\Users\arfan\OneDrive\Desktop\forgery\data\Cedar\full_org\original_47_5.png,C:\Users\arfan\OneDrive\Desktop\forgery\data\Cedar\full_org\original_47_7.png,1,47
C:\Users\arfan\OneDrive\Desktop\forgery\data\Cedar\full_org\original_26_19.png,C:\Users\arfan\OneDrive\Desktop\forgery\data\Cedar\full_forg\forgeries_26_23.png,0,26
C:\Users\arfan\OneDrive\Desktop\forgery\data\Cedar\full_org\original_16_16.png,C:\Users\arfan\OneDrive\Desktop\forgery\data\Cedar\full_forg\forgeries_16_24.png,0,16
C:\Users\arfan\OneDrive\Desktop\forgery\data\Cedar\full_org\original_9_3.png,C:\Users\arfan\OneDrive\Desktop\forgery\data\Cedar\full_forg\forgeries_9_22.png,0,9
C:\Users\arfan\OneDrive\Desktop\forgery\data\Cedar\full_org\original_7_2.png,C:\Users\arfan\OneDrive\Desktop\forgery\data\Cedar\full_org\original_7_22.png,1,7
C:\Users\arfan\OneDrive\Desktop\forgery\data\Cedar\full_org\original_22_2.png,C:\Users\arfan\OneDrive\Desktop\forgery\data\Cedar\full_org\original_22_20.png,1,22
C:\Users\arfan\OneDrive\Desktop\forgery\data\Cedar\full_org\original_12_3.png,C:\Users\arfan\OneDrive\Desktop\forgery\data\Cedar\full_org\original_12_9.png,1,12
C:\Users\arfan\OneDrive\Desktop\forgery\data\Cedar\full_org\original_34_3.png,C:\Users\arfan\OneDrive\Desktop\forgery\data\Cedar\full_forg\forgeries_34_3.png,0,34
C:\Users\arfan\OneDrive\Desktop\forgery\data\Cedar\full_org\original_31_12.png,C:\Users\arfan\OneDrive\Desktop\forgery\data\Cedar\full_org\original_31_15.png,1,31
C:\Users\arfan\OneDrive\Desktop\forgery\data\Cedar\full_org\original_15_9.png,C:\Users\arfan\OneDrive\Desktop\forgery\data\Cedar\full_forg\forgeries_15_11.png,0,15
C:\Users\arfan\OneDrive\Desktop\forgery\data\Cedar\full_org\original_22_11.png,C:\Users\arfan\OneDrive\Desktop\forgery\data\Cedar\full_org\original_22_22.png,1,22
C:\Users\arfan\OneDrive\Desktop\forgery\data\Cedar\full_org\original_5_2.png,C:\Users\arfan\OneDrive\Desktop\forgery\data\Cedar\full_forg\forgeries_5_20.png,0,5
C:\Users\arfan\OneDrive\Desktop\forgery\data\Cedar\full_org\original_23_20.png,C:\Users\arfan\OneDrive\Desktop\forgery\data\Cedar\full_forg\forgeries_23_19.png,0,23
C:\Users\arfan\OneDrive\Desktop\forgery\data\Cedar\full_org\original_9_1.png,C:\Users\arfan\OneDrive\Desktop\forgery\data\Cedar\full_org\original_9_9.png,1,9
C:\Users\arfan\OneDrive\Desktop\forgery\data\Cedar\full_org\original_29_3.png,C:\Users\arfan\OneDrive\Desktop\forgery\data\Cedar\full_forg\forgeries_29_24.png,0,29
C:\Users\arfan\OneDrive\Desktop\forgery\data\Cedar\full_org\original_35_19.png,C:\Users\arfan\OneDrive\Desktop\forgery\data\Cedar\full_forg\forgeries_35_7.png,0,35
C:\Users\arfan\OneDrive\Desktop\forgery\data\Cedar\full_org\original_54_7.png,C:\Users\arfan\OneDrive\Desktop\forgery\data\Cedar\full_forg\forgeries_54_22.png,0,54
C:\Users\arfan\OneDrive\Desktop\forgery\data\Cedar\full_org\original_53_2.png,C:\Users\arfan\OneDrive\Desktop\forgery\data\Cedar\full_org\original_53_7.png,1,53
C:\Users\arfan\OneDrive\Desktop\forgery\data\Cedar\full_org\original_23_4.png,C:\Users\arfan\OneDrive\Desktop\forgery\data\Cedar\full_org\original_23_9.png,1,23
C:\Users\arfan\OneDrive\Desktop\forgery\data\Cedar\full_org\original_40_13.png,C:\Users\arfan\OneDrive\Desktop\forgery\data\Cedar\full_forg\forgeries_40_22.png,0,40
C:\Users\arfan\OneDrive\Desktop\forgery\data\Cedar\full_org\original_16_10.png,C:\Users\arfan\OneDrive\Desktop\forgery\data\Cedar\full_org\original_16_4.png,1,16
C:\Users\arfan\OneDrive\Desktop\forgery\data\Cedar\full_org\original_21_20.png,C:\Users\arfan\OneDrive\Desktop\forgery\data\Cedar\full_forg\forgeries_21_20.png,0,21
C:\Users\arfan\OneDrive\Desktop\forgery\data\Cedar\full_org\original_26_11.png,C:\Users\arfan\OneDrive\Desktop\forgery\data\Cedar\full_org\original_26_20.png,1,26
C:\Users\arfan\OneDrive\Desktop\forgery\data\Cedar\full_org\original_47_6.png,C:\Users\arfan\OneDrive\Desktop\forgery\data\Cedar\full_forg\forgeries_47_13.png,0,47
C:\Users\arfan\OneDrive\Desktop\forgery\data\Cedar\full_org\original_53_12.png,C:\Users\arfan\OneDrive\Desktop\forgery\data\Cedar\full_forg\forgeries_53_22.png,0,53
C:\Users\arfan\OneDrive\Desktop\forgery\data\Cedar\full_org\original_47_21.png,C:\Users\arfan\OneDrive\Desktop\forgery\data\Cedar\full_forg\forgeries_47_3.png,0,47
C:\Users\arfan\OneDrive\Desktop\forgery\data\Cedar\full_org\original_52_10.png,C:\Users\arfan\OneDrive\Desktop\forgery\data\Cedar\full_org\original_52_2.png,1,52
C:\Users\arfan\OneDrive\Desktop\forgery\data\Cedar\full_org\original_55_2.png,C:\Users\arfan\OneDrive\Desktop\forgery\data\Cedar\full_forg\forgeries_55_7.png,0,55
C:\Users\arfan\OneDrive\Desktop\forgery\data\Cedar\full_org\original_53_3.png,C:\Users\arfan\OneDrive\Desktop\forgery\data\Cedar\full_forg\forgeries_53_18.png,0,53
C:\Users\arfan\OneDrive\Desktop\forgery\data\Cedar\full_org\original_34_4.png,C:\Users\arfan\OneDrive\Desktop\forgery\data\Cedar\full_org\original_34_6.png,1,34
C:\Users\arfan\OneDrive\Desktop\forgery\data\Cedar\full_org\original_36_15.png,C:\Users\arfan\OneDrive\Desktop\forgery\data\Cedar\full_org\original_36_24.png,1,36
C:\Users\arfan\OneDrive\Desktop\forgery\data\Cedar\full_org\original_29_9.png,C:\Users\arfan\OneDrive\Desktop\forgery\data\Cedar\full_forg\forgeries_29_7.png,0,29
C:\Users\arfan\OneDrive\Desktop\forgery\data\Cedar\full_org\original_15_14.png,C:\Users\arfan\OneDrive\Desktop\forgery\data\Cedar\full_forg\forgeries_15_14.png,0,15
C:\Users\arfan\OneDrive\Desktop\forgery\data\Cedar\full_org\original_49_17.png,C:\Users\arfan\OneDrive\Desktop\forgery\data\Cedar\full_org\original_49_5.png,1,49
C:\Users\arfan\OneDrive\Desktop\forgery\data\Cedar\full_org\original_47_18.png,C:\Users\arfan\OneDrive\Desktop\forgery\data\Cedar\full_org\original_47_3.png,1,47
C:\Users\arfan\OneDrive\Desktop\forgery\data\Cedar\full_org\original_22_5.png,C:\Users\arfan\OneDrive\Desktop\forgery\data\Cedar\full_forg\forgeries_22_24.png,0,22
C:\Users\arfan\OneDrive\Desktop\forgery\data\Cedar\full_org\original_28_23.png,C:\Users\arfan\OneDrive\Desktop\forgery\data\Cedar\full_forg\forgeries_28_2.png,0,28
C:\Users\arfan\OneDrive\Desktop\forgery\data\Cedar\full_org\original_46_6.png,C:\Users\arfan\OneDrive\Desktop\forgery\data\Cedar\full_forg\forgeries_46_24.png,0,46
C:\Users\arfan\OneDrive\Desktop\forgery\data\Cedar\full_org\original_9_24.png,C:\Users\arfan\OneDrive\Desktop\forgery\data\Cedar\full_forg\forgeries_9_1.png,0,9
C:\Users\arfan\OneDrive\Desktop\forgery\data\Cedar\full_org\original_28_16.png,C:\Users\arfan\OneDrive\Desktop\forgery\data\Cedar\full_org\original_28_17.png,1,28
C:\Users\arfan\OneDrive\Desktop\forgery\data\Cedar\full_org\original_19_1.png,C:\Users\arfan\OneDrive\Desktop\forgery\data\Cedar\full_org\original_19_6.png,1,19
C:\Users\arfan\OneDrive\Desktop\forgery\data\Cedar\full_org\original_31_20.png,C:\Users\arfan\OneDrive\Desktop\forgery\data\Cedar\full_org\original_31_7.png,1,31
C:\Users\arfan\OneDrive\Desktop\forgery\data\Cedar\full_org\original_7_14.png,C:\Users\arfan\OneDrive\Desktop\forgery\data\Cedar\full_forg\forgeries_7_24.png,0,7
C:\Users\arfan\OneDrive\Desktop\forgery\data\Cedar\full_org\original_12_14.png,C:\Users\arfan\OneDrive\Desktop\forgery\data\Cedar\full_org\original_12_2.png,1,12
C:\Users\arfan\OneDrive\Desktop\forgery\data\Cedar\full_org\original_11_15.png,C:\Users\arfan\OneDrive\Desktop\forgery\data\Cedar\full_org\original_11_23.png,1,11
C:\Users\arfan\OneDrive\Desktop\forgery\data\Cedar\full_org\original_55_20.png,C:\Users\arfan\OneDrive\Desktop\forgery\data\Cedar\full_forg\forgeries_55_11.png,0,55
C:\Users\arfan\OneDrive\Desktop\forgery\data\Cedar\full_org\original_8_16.png,C:\Users\arfan\OneDrive\Desktop\forgery\data\Cedar\full_org\original_8_21.png,1,8
C:\Users\arfan\OneDrive\Desktop\forgery\data\Cedar\full_org\original_15_17.png,C:\Users\arfan\OneDrive\Desktop\forgery\data\Cedar\full_org\original_15_21.png,1,15
C:\Users\arfan\OneDrive\Desktop\forgery\data\Cedar\full_org\original_51_23.png,C:\Users\arfan\OneDrive\Desktop\forgery\data\Cedar\full_forg\forgeries_51_22.png,0,51
C:\Users\arfan\OneDrive\Desktop\forgery\data\Cedar\full_org\original_34_19.png,C:\Users\arfan\OneDrive\Desktop\forgery\data\Cedar\full_org\original_34_22.png,1,34
C:\Users\arfan\OneDrive\Desktop\forgery\data\Cedar\full_org\original_37_2.png,C:\Users\arfan\OneDrive\Desktop\forgery\data\Cedar\full_org\original_37_5.png,1,37
C:\Users\arfan\OneDrive\Desktop\forgery\data\Cedar\full_org\original_5_17.png,C:\Users\arfan\OneDrive\Desktop\forgery\data\Cedar\full_forg\forgeries_5_17.png,0,5
C:\Users\arfan\OneDrive\Desktop\forgery\data\Cedar\full_org\original_38_22.png,C:\Users\arfan\OneDrive\Desktop\forgery\data\Cedar\full_org\original_38_3.png,1,38
C:\Users\arfan\OneDrive\Desktop\forgery\data\Cedar\full_org\original_16_23.png,C:\Users\arfan\OneDrive\Desktop\forgery\data\Cedar\full_org\original_16_3.png,1,16
C:\Users\arfan\OneDrive\Desktop\forgery\data\Cedar\full_org\original_30_11.png,C:\Users\arfan\OneDrive\Desktop\forgery\data\Cedar\full_org\original_30_16.png,1,30
C:\Users\arfan\OneDrive\Desktop\forgery\data\Cedar\full_org\original_19_17.png,C:\Users\arfan\OneDrive\Desktop\forgery\data\Cedar\full_org\original_19_19.png,1,19
C:\Users\arfan\OneDrive\Desktop\forgery\data\Cedar\full_org\original_7_17.png,C:\Users\arfan\OneDrive\Desktop\forgery\data\Cedar\full_forg\forgeries_7_5.png,0,7
C:\Users\arfan\OneDrive\Desktop\forgery\data\Cedar\full_org\original_34_20.png,C:\Users\arfan\OneDrive\Desktop\forgery\data\Cedar\full_forg\forgeries_34_8.png,0,34
C:\Users\arfan\OneDrive\Desktop\forgery\data\Cedar\full_org\original_1_3.png,C:\Users\arfan\OneDrive\Desktop\forgery\data\Cedar\full_forg\forgeries_1_14.png,0,1
C:\Users\arfan\OneDrive\Desktop\forgery\data\Cedar\full_org\original_26_1.png,C:\Users\arfan\OneDrive\Desktop\forgery\data\Cedar\full_org\original_26_3.png,1,26
C:\Users\arfan\OneDrive\Desktop\forgery\data\Cedar\full_org\original_31_7.png,C:\Users\arfan\OneDrive\Desktop\forgery\data\Cedar\full_forg\forgeries_31_7.png,0,31
C:\Users\arfan\OneDrive\Desktop\forgery\data\Cedar\full_org\original_7_12.png,C:\Users\arfan\OneDrive\Desktop\forgery\data\Cedar\full_org\original_7_2.png,1,7
C:\Users\arfan\OneDrive\Desktop\forgery\data\Cedar\full_org\original_38_14.png,C:\Users\arfan\OneDrive\Desktop\forgery\data\Cedar\full_org\original_38_21.png,1,38
C:\Users\arfan\OneDrive\Desktop\forgery\data\Cedar\full_org\original_4_7.png,C:\Users\arfan\OneDrive\Desktop\forgery\data\Cedar\full_forg\forgeries_4_14.png,0,4
C:\Users\arfan\OneDrive\Desktop\forgery\data\Cedar\full_org\original_8_5.png,C:\Users\arfan\OneDrive\Desktop\forgery\data\Cedar\full_forg\forgeries_8_2.png,0,8
C:\Users\arfan\OneDrive\Desktop\forgery\data\Cedar\full_org\original_34_16.png,C:\Users\arfan\OneDrive\Desktop\forgery\data\Cedar\full_forg\forgeries_34_1.png,0,34
C:\Users\arfan\OneDrive\Desktop\forgery\data\Cedar\full_org\original_23_13.png,C:\Users\arfan\OneDrive\Desktop\forgery\data\Cedar\full_org\original_23_20.png,1,23
C:\Users\arfan\OneDrive\Desktop\forgery\data\Cedar\full_org\original_21_18.png,C:\Users\arfan\OneDrive\Desktop\forgery\data\Cedar\full_org\original_21_6.png,1,21
C:\Users\arfan\OneDrive\Desktop\forgery\data\Cedar\full_org\original_1_18.png,C:\Users\arfan\OneDrive\Desktop\forgery\data\Cedar\full_org\original_1_19.png,1,1
C:\Users\arfan\OneDrive\Desktop\forgery\data\Cedar\full_org\original_55_18.png,C:\Users\arfan\OneDrive\Desktop\forgery\data\Cedar\full_org\original_55_22.png,1,55
C:\Users\arfan\OneDrive\Desktop\forgery\data\Cedar\full_org\original_9_16.png,C:\Users\arfan\OneDrive\Desktop\forgery\data\Cedar\full_org\original_9_9.png,1,9
C:\Users\arfan\OneDrive\Desktop\forgery\data\Cedar\full_org\original_51_3.png,C:\Users\arfan\OneDrive\Desktop\forgery\data\Cedar\full_org\original_51_6.png,1,51
C:\Users\arfan\OneDrive\Desktop\forgery\data\Cedar\full_org\original_7_14.png,C:\Users\arfan\OneDrive\Desktop\forgery\data\Cedar\full_forg\forgeries_7_5.png,0,7
C:\Users\arfan\OneDrive\Desktop\forgery\data\Cedar\full_org\original_43_15.png,C:\Users\arfan\OneDrive\Desktop\forgery\data\Cedar\full_forg\forgeries_43_17.png,0,43
C:\Users\arfan\OneDrive\Desktop\forgery\data\Cedar\full_org\original_5_23.png,C:\Users\arfan\OneDrive\Desktop\forgery\data\Cedar\full_forg\forgeries_5_7.png,0,5
C:\Users\arfan\OneDrive\Desktop\forgery\data\Cedar\full_org\original_39_12.png,C:\Users\arfan\OneDrive\Desktop\forgery\data\Cedar\full_forg\forgeries_39_20.png,0,39
C:\Users\arfan\OneDrive\Desktop\forgery\data\Cedar\full_org\original_8_1.png,C:\Users\arfan\OneDrive\Desktop\forgery\data\Cedar\full_org\original_8_16.png,1,8
C:\Users\arfan\OneDrive\Desktop\forgery\data\Cedar\full_org\original_1_18.png,C:\Users\arfan\OneDrive\Desktop\forgery\data\Cedar\full_org\original_1_7.png,1,1
C:\Users\arfan\OneDrive\Desktop\forgery\data\Cedar\full_org\original_43_14.png,C:\Users\arfan\OneDrive\Desktop\forgery\data\Cedar\full_forg\forgeries_43_12.png,0,43
C:\Users\arfan\OneDrive\Desktop\forgery\data\Cedar\full_org\original_19_4.png,C:\Users\arfan\OneDrive\Desktop\forgery\data\Cedar\full_forg\forgeries_19_3.png,0,19
C:\Users\arfan\OneDrive\Desktop\forgery\data\Cedar\full_org\original_49_11.png,C:\Users\arfan\OneDrive\Desktop\forgery\data\Cedar\full_org\original_49_23.png,1,49
C:\Users\arfan\OneDrive\Desktop\forgery\data\Cedar\full_org\original_45_2.png,C:\Users\arfan\OneDrive\Desktop\forgery\data\Cedar\full_forg\forgeries_45_14.png,0,45
C:\Users\arfan\OneDrive\Desktop\forgery\data\Cedar\full_org\original_54_4.png,C:\Users\arfan\OneDrive\Desktop\forgery\data\Cedar\full_org\original_54_9.png,1,54
C:\Users\arfan\OneDrive\Desktop\forgery\data\Cedar\full_org\original_16_1.png,C:\Users\arfan\OneDrive\Desktop\forgery\data\Cedar\full_org\original_16_15.png,1,16
C:\Users\arfan\OneDrive\Desktop\forgery\data\Cedar\full_org\original_10_22.png,C:\Users\arfan\OneDrive\Desktop\forgery\data\Cedar\full_org\original_10_7.png,1,10
C:\Users\arfan\OneDrive\Desktop\forgery\data\Cedar\full_org\original_16_24.png,C:\Users\arfan\OneDrive\Desktop\forgery\data\Cedar\full_org\original_16_3.png,1,16
C:\Users\arfan\OneDrive\Desktop\forgery\data\Cedar\full_org\original_29_16.png,C:\Users\arfan\OneDrive\Desktop\forgery\data\Cedar\full_org\original_29_5.png,1,29
C:\Users\arfan\OneDrive\Desktop\forgery\data\Cedar\full_org\original_18_21.png,C:\Users\arfan\OneDrive\Desktop\forgery\data\Cedar\full_forg\forgeries_18_3.png,0,18
C:\Users\arfan\OneDrive\Desktop\forgery\data\Cedar\full_org\original_46_16.png,C:\Users\arfan\OneDrive\Desktop\forgery\data\Cedar\full_org\original_46_8.png,1,46
C:\Users\arfan\OneDrive\Desktop\forgery\data\Cedar\full_org\original_55_19.png,C:\Users\arfan\OneDrive\Desktop\forgery\data\Cedar\full_org\original_55_20.png,1,55
C:\Users\arfan\OneDrive\Desktop\forgery\data\Cedar\full_org\original_29_21.png,C:\Users\arfan\OneDrive\Desktop\forgery\data\Cedar\full_forg\forgeries_29_24.png,0,29
C:\Users\arfan\OneDrive\Desktop\forgery\data\Cedar\full_org\original_18_10.png,C:\Users\arfan\OneDrive\Desktop\forgery\data\Cedar\full_org\original_18_20.png,1,18
C:\Users\arfan\OneDrive\Desktop\forgery\data\Cedar\full_org\original_43_21.png,C:\Users\arfan\OneDrive\Desktop\forgery\data\Cedar\full_forg\forgeries_43_6.png,0,43
C:\Users\arfan\OneDrive\Desktop\forgery\data\Cedar\full_org\original_15_10.png,C:\Users\arfan\OneDrive\Desktop\forgery\data\Cedar\full_org\original_15_23.png,1,15
C:\Users\arfan\OneDrive\Desktop\forgery\data\Cedar\full_org\original_25_14.png,C:\Users\arfan\OneDrive\Desktop\forgery\data\Cedar\full_forg\forgeries_25_9.png,0,25
C:\Users\arfan\OneDrive\Desktop\forgery\data\Cedar\full_org\original_35_22.png,C:\Users\arfan\OneDrive\Desktop\forgery\data\Cedar\full_forg\forgeries_35_7.png,0,35
C:\Users\arfan\OneDrive\Desktop\forgery\data\Cedar\full_org\original_49_10.png,C:\Users\arfan\OneDrive\Desktop\forgery\data\Cedar\full_org\original_49_16.png,1,49
C:\Users\arfan\OneDrive\Desktop\forgery\data\Cedar\full_org\original_40_21.png,C:\Users\arfan\OneDrive\Desktop\forgery\data\Cedar\full_forg\forgeries_40_15.png,0,40
C:\Users\arfan\OneDrive\Desktop\forgery\data\Cedar\full_org\original_3_6.png,C:\Users\arfan\OneDrive\Desktop\forgery\data\Cedar\full_forg\forgeries_3_7.png,0,3
C:\Users\arfan\OneDrive\Desktop\forgery\data\Cedar\full_org\original_25_24.png,C:\Users\arfan\OneDrive\Desktop\forgery\data\Cedar\full_forg\forgeries_25_2.png,0,25
C:\Users\arfan\OneDrive\Desktop\forgery\data\Cedar\full_org\original_15_1.png,C:\Users\arfan\OneDrive\Desktop\forgery\data\Cedar\full_org\original_15_11.png,1,15
C:\Users\arfan\OneDrive\Desktop\forgery\data\Cedar\full_org\original_54_21.png,C:\Users\arfan\OneDrive\Desktop\forgery\data\Cedar\full_org\original_54_4.png,1,54
C:\Users\arfan\OneDrive\Desktop\forgery\data\Cedar\full_org\original_25_14.png,C:\Users\arfan\OneDrive\Desktop\forgery\data\Cedar\full_org\original_25_18.png,1,25
C:\Users\arfan\OneDrive\Desktop\forgery\data\Cedar\full_org\original_17_10.png,C:\Users\arfan\OneDrive\Desktop\forgery\data\Cedar\full_forg\forgeries_17_23.png,0,17
C:\Users\arfan\OneDrive\Desktop\forgery\data\Cedar\full_org\original_30_10.png,C:\Users\arfan\OneDrive\Desktop\forgery\data\Cedar\full_org\original_30_7.png,1,30
C:\Users\arfan\OneDrive\Desktop\forgery\data\Cedar\full_org\original_31_9.png,C:\Users\arfan\OneDrive\Desktop\forgery\data\Cedar\full_forg\forgeries_31_3.png,0,31
C:\Users\arfan\OneDrive\Desktop\forgery\data\Cedar\full_org\original_34_18.png,C:\Users\arfan\OneDrive\Desktop\forgery\data\Cedar\full_forg\forgeries_34_16.png,0,34
C:\Users\arfan\OneDrive\Desktop\forgery\data\Cedar\full_org\original_22_11.png,C:\Users\arfan\OneDrive\Desktop\forgery\data\Cedar\full_org\original_22_23.png,1,22
C:\Users\arfan\OneDrive\Desktop\forgery\data\Cedar\full_org\original_1_10.png,C:\Users\arfan\OneDrive\Desktop\forgery\data\Cedar\full_org\original_1_13.png,1,1
C:\Users\arfan\OneDrive\Desktop\forgery\data\Cedar\full_org\original_38_15.png,C:\Users\arfan\OneDrive\Desktop\forgery\data\Cedar\full_org\original_38_18.png,1,38
C:\Users\arfan\OneDrive\Desktop\forgery\data\Cedar\full_org\original_19_21.png,C:\Users\arfan\OneDrive\Desktop\forgery\data\Cedar\full_org\original_19_6.png,1,19
C:\Users\arfan\OneDrive\Desktop\forgery\data\Cedar\full_org\original_41_2.png,C:\Users\arfan\OneDrive\Desktop\forgery\data\Cedar\full_org\original_41_24.png,1,41
C:\Users\arfan\OneDrive\Desktop\forgery\data\Cedar\full_org\original_43_16.png,C:\Users\arfan\OneDrive\Desktop\forgery\data\Cedar\full_forg\forgeries_43_5.png,0,43
C:\Users\arfan\OneDrive\Desktop\forgery\data\Cedar\full_org\original_37_12.png,C:\Users\arfan\OneDrive\Desktop\forgery\data\Cedar\full_org\original_37_17.png,1,37
C:\Users\arfan\OneDrive\Desktop\forgery\data\Cedar\full_org\original_5_5.png,C:\Users\arfan\OneDrive\Desktop\forgery\data\Cedar\full_forg\forgeries_5_22.png,0,5
C:\Users\arfan\OneDrive\Desktop\forgery\data\Cedar\full_org\original_2_24.png,C:\Users\arfan\OneDrive\Desktop\forgery\data\Cedar\full_forg\forgeries_2_18.png,0,2
C:\Users\arfan\OneDrive\Desktop\forgery\data\Cedar\full_org\original_16_16.png,C:\Users\arfan\OneDrive\Desktop\forgery\data\Cedar\full_forg\forgeries_16_13.png,0,16
C:\Users\arfan\OneDrive\Desktop\forgery\data\Cedar\full_org\original_23_19.png,C:\Users\arfan\OneDrive\Desktop\forgery\data\Cedar\full_org\original_23_4.png,1,23
C:\Users\arfan\OneDrive\Desktop\forgery\data\Cedar\full_org\original_26_2.png,C:\Users\arfan\OneDrive\Desktop\forgery\data\Cedar\full_org\original_26_20.png,1,26
C:\Users\arfan\OneDrive\Desktop\forgery\data\Cedar\full_org\original_24_17.png,C:\Users\arfan\OneDrive\Desktop\forgery\data\Cedar\full_forg\forgeries_24_7.png,0,24
C:\Users\arfan\OneDrive\Desktop\forgery\data\Cedar\full_org\original_28_17.png,C:\Users\arfan\OneDrive\Desktop\forgery\data\Cedar\full_org\original_28_20.png,1,28
C:\Users\arfan\OneDrive\Desktop\forgery\data\Cedar\full_org\original_3_11.png,C:\Users\arfan\OneDrive\Desktop\forgery\data\Cedar\full_org\original_3_20.png,1,3
C:\Users\arfan\OneDrive\Desktop\forgery\data\Cedar\full_org\original_55_19.png,C:\Users\arfan\OneDrive\Desktop\forgery\data\Cedar\full_org\original_55_2.png,1,55
C:\Users\arfan\OneDrive\Desktop\forgery\data\Cedar\full_org\original_10_20.png,C:\Users\arfan\OneDrive\Desktop\forgery\data\Cedar\full_org\original_10_21.png,1,10
C:\Users\arfan\OneDrive\Desktop\forgery\data\Cedar\full_org\original_3_23.png,C:\Users\arfan\OneDrive\Desktop\forgery\data\Cedar\full_org\original_3_8.png,1,3
C:\Users\arfan\OneDrive\Desktop\forgery\data\Cedar\full_org\original_40_19.png,C:\Users\arfan\OneDrive\Desktop\forgery\data\Cedar\full_forg\forgeries_40_21.png,0,40
C:\Users\arfan\OneDrive\Desktop\forgery\data\Cedar\full_org\original_23_6.png,C:\Users\arfan\OneDrive\Desktop\forgery\data\Cedar\full_forg\forgeries_23_3.png,0,23
C:\Users\arfan\OneDrive\Desktop\forgery\data\Cedar\full_org\original_1_15.png,C:\Users\arfan\OneDrive\Desktop\forgery\data\Cedar\full_org\original_1_23.png,1,1
C:\Users\arfan\OneDrive\Desktop\forgery\data\Cedar\full_org\original_10_21.png,C:\Users\arfan\OneDrive\Desktop\forgery\data\Cedar\full_org\original_10_4.png,1,10
C:\Users\arfan\OneDrive\Desktop\forgery\data\Cedar\full_org\original_17_15.png,C:\Users\arfan\OneDrive\Desktop\forgery\data\Cedar\full_forg\forgeries_17_12.png,0,17
C:\Users\arfan\OneDrive\Desktop\forgery\data\Cedar\full_org\original_25_24.png,C:\Users\arfan\OneDrive\Desktop\forgery\data\Cedar\full_forg\forgeries_25_12.png,0,25
C:\Users\arfan\OneDrive\Desktop\forgery\data\Cedar\full_org\original_17_5.png,C:\Users\arfan\OneDrive\Desktop\forgery\data\Cedar\full_forg\forgeries_17_12.png,0,17
C:\Users\arfan\OneDrive\Desktop\forgery\data\Cedar\full_org\original_10_17.png,C:\Users\arfan\OneDrive\Desktop\forgery\data\Cedar\full_forg\forgeries_10_19.png,0,10
C:\Users\arfan\OneDrive\Desktop\forgery\data\Cedar\full_org\original_25_18.png,C:\Users\arfan\OneDrive\Desktop\forgery\data\Cedar\full_forg\forgeries_25_18.png,0,25
C:\Users\arfan\OneDrive\Desktop\forgery\data\Cedar\full_org\original_18_10.png,C:\Users\arfan\OneDrive\Desktop\forgery\data\Cedar\full_org\original_18_17.png,1,18
C:\Users\arfan\OneDrive\Desktop\forgery\data\Cedar\full_org\original_7_15.png,C:\Users\arfan\OneDrive\Desktop\forgery\data\Cedar\full_forg\forgeries_7_4.png,0,7
C:\Users\arfan\OneDrive\Desktop\forgery\data\Cedar\full_org\original_15_18.png,C:\Users\arfan\OneDrive\Desktop\forgery\data\Cedar\full_org\original_15_8.png,1,15
C:\Users\arfan\OneDrive\Desktop\forgery\data\Cedar\full_org\original_3_24.png,C:\Users\arfan\OneDrive\Desktop\forgery\data\Cedar\full_forg\forgeries_3_18.png,0,3
C:\Users\arfan\OneDrive\Desktop\forgery\data\Cedar\full_org\original_54_15.png,C:\Users\arfan\OneDrive\Desktop\forgery\data\Cedar\full_forg\forgeries_54_23.png,0,54
C:\Users\arfan\OneDrive\Desktop\forgery\data\Cedar\full_org\original_4_17.png,C:\Users\arfan\OneDrive\Desktop\forgery\data\Cedar\full_org\original_4_24.png,1,4
C:\Users\arfan\OneDrive\Desktop\forgery\data\Cedar\full_org\original_4_13.png,C:\Users\arfan\OneDrive\Desktop\forgery\data\Cedar\full_forg\forgeries_4_19.png,0,4
C:\Users\arfan\OneDrive\Desktop\forgery\data\Cedar\full_org\original_34_23.png,C:\Users\arfan\OneDrive\Desktop\forgery\data\Cedar\full_forg\forgeries_34_2.png,0,34
C:\Users\arfan\OneDrive\Desktop\forgery\data\Cedar\full_org\original_23_19.png,C:\Users\arfan\OneDrive\Desktop\forgery\data\Cedar\full_org\original_23_7.png,1,23
C:\Users\arfan\OneDrive\Desktop\forgery\data\Cedar\full_org\original_35_22.png,C:\Users\arfan\OneDrive\Desktop\forgery\data\Cedar\full_org\original_35_8.png,1,35
C:\Users\arfan\OneDrive\Desktop\forgery\data\Cedar\full_org\original_38_10.png,C:\Users\arfan\OneDrive\Desktop\forgery\data\Cedar\full_org\original_38_8.png,1,38
C:\Users\arfan\OneDrive\Desktop\forgery\data\Cedar\full_org\original_7_21.png,C:\Users\arfan\OneDrive\Desktop\forgery\data\Cedar\full_org\original_7_24.png,1,7
C:\Users\arfan\OneDrive\Desktop\forgery\data\Cedar\full_org\original_3_12.png,C:\Users\arfan\OneDrive\Desktop\forgery\data\Cedar\full_forg\forgeries_3_1.png,0,3
C:\Users\arfan\OneDrive\Desktop\forgery\data\Cedar\full_org\original_5_11.png,C:\Users\arfan\OneDrive\Desktop\forgery\data\Cedar\full_org\original_5_9.png,1,5
C:\Users\arfan\OneDrive\Desktop\forgery\data\Cedar\full_org\original_26_24.png,C:\Users\arfan\OneDrive\Desktop\forgery\data\Cedar\full_forg\forgeries_26_15.png,0,26
C:\Users\arfan\OneDrive\Desktop\forgery\data\Cedar\full_org\original_54_7.png,C:\Users\arfan\OneDrive\Desktop\forgery\data\Cedar\full_forg\forgeries_54_4.png,0,54
C:\Users\arfan\OneDrive\Desktop\forgery\data\Cedar\full_org\original_9_19.png,C:\Users\arfan\OneDrive\Desktop\forgery\data\Cedar\full_org\original_9_8.png,1,9
C:\Users\arfan\OneDrive\Desktop\forgery\data\Cedar\full_org\original_29_13.png,C:\Users\arfan\OneDrive\Desktop\forgery\data\Cedar\full_forg\forgeries_29_16.png,0,29
C:\Users\arfan\OneDrive\Desktop\forgery\data\Cedar\full_org\original_22_16.png,C:\Users\arfan\OneDrive\Desktop\forgery\data\Cedar\full_forg\forgeries_22_4.png,0,22
C:\Users\arfan\OneDrive\Desktop\forgery\data\Cedar\full_org\original_5_16.png,C:\Users\arfan\OneDrive\Desktop\forgery\data\Cedar\full_forg\forgeries_5_20.png,0,5
C:\Users\arfan\OneDrive\Desktop\forgery\data\Cedar\full_org\original_21_18.png,C:\Users\arfan\OneDrive\Desktop\forgery\data\Cedar\full_org\original_21_19.png,1,21
C:\Users\arfan\OneDrive\Desktop\forgery\data\Cedar\full_org\original_48_15.png,C:\Users\arfan\OneDrive\Desktop\forgery\data\Cedar\full_org\original_48_18.png,1,48
C:\Users\arfan\OneDrive\Desktop\forgery\data\Cedar\full_org\original_19_18.png,C:\Users\arfan\OneDrive\Desktop\forgery\data\Cedar\full_forg\forgeries_19_7.png,0,19
C:\Users\arfan\OneDrive\Desktop\forgery\data\Cedar\full_org\original_23_18.png,C:\Users\arfan\OneDrive\Desktop\forgery\data\Cedar\full_org\original_23_23.png,1,23
C:\Users\arfan\OneDrive\Desktop\forgery\data\Cedar\full_org\original_39_23.png,C:\Users\arfan\OneDrive\Desktop\forgery\data\Cedar\full_forg\forgeries_39_22.png,0,39
C:\Users\arfan\OneDrive\Desktop\forgery\data\Cedar\full_org\original_19_16.png,C:\Users\arfan\OneDrive\Desktop\forgery\data\Cedar\full_forg\forgeries_19_15.png,0,19
C:\Users\arfan\OneDrive\Desktop\forgery\data\Cedar\full_org\original_19_24.png,C:\Users\arfan\OneDrive\Desktop\forgery\data\Cedar\full_org\original_19_4.png,1,19
C:\Users\arfan\OneDrive\Desktop\forgery\data\Cedar\full_org\original_37_2.png,C:\Users\arfan\OneDrive\Desktop\forgery\data\Cedar\full_org\original_37_7.png,1,37
C:\Users\arfan\OneDrive\Desktop\forgery\data\Cedar\full_org\original_48_17.png,C:\Users\arfan\OneDrive\Desktop\forgery\data\Cedar\full_forg\forgeries_48_11.png,0,48
C:\Users\arfan\OneDrive\Desktop\forgery\data\Cedar\full_org\original_55_17.png,C:\Users\arfan\OneDrive\Desktop\forgery\data\Cedar\full_org\original_55_3.png,1,55
C:\Users\arfan\OneDrive\Desktop\forgery\data\Cedar\full_org\original_22_7.png,C:\Users\arfan\OneDrive\Desktop\forgery\data\Cedar\full_forg\forgeries_22_24.png,0,22
C:\Users\arfan\OneDrive\Desktop\forgery\data\Cedar\full_org\original_25_14.png,C:\Users\arfan\OneDrive\Desktop\forgery\data\Cedar\full_forg\forgeries_25_17.png,0,25
C:\Users\arfan\OneDrive\Desktop\forgery\data\Cedar\full_org\original_26_3.png,C:\Users\arfan\OneDrive\Desktop\forgery\data\Cedar\full_forg\forgeries_26_8.png,0,26
C:\Users\arfan\OneDrive\Desktop\forgery\data\Cedar\full_org\original_9_11.png,C:\Users\arfan\OneDrive\Desktop\forgery\data\Cedar\full_org\original_9_20.png,1,9
C:\Users\arfan\OneDrive\Desktop\forgery\data\Cedar\full_org\original_21_20.png,C:\Users\arfan\OneDrive\Desktop\forgery\data\Cedar\full_org\original_21_4.png,1,21
C:\Users\arfan\OneDrive\Desktop\forgery\data\Cedar\full_org\original_46_21.png,C:\Users\arfan\OneDrive\Desktop\forgery\data\Cedar\full_org\original_46_6.png,1,46
C:\Users\arfan\OneDrive\Desktop\forgery\data\Cedar\full_org\original_43_16.png,C:\Users\arfan\OneDrive\Desktop\forgery\data\Cedar\full_org\original_43_18.png,1,43
C:\Users\arfan\OneDrive\Desktop\forgery\data\Cedar\full_org\original_4_19.png,C:\Users\arfan\OneDrive\Desktop\forgery\data\Cedar\full_forg\forgeries_4_3.png,0,4
C:\Users\arfan\OneDrive\Desktop\forgery\data\Cedar\full_org\original_51_4.png,C:\Users\arfan\OneDrive\Desktop\forgery\data\Cedar\full_org\original_51_8.png,1,51
C:\Users\arfan\OneDrive\Desktop\forgery\data\Cedar\full_org\original_51_17.png,C:\Users\arfan\OneDrive\Desktop\forgery\data\Cedar\full_org\original_51_6.png,1,51
C:\Users\arfan\OneDrive\Desktop\forgery\data\Cedar\full_org\original_17_1.png,C:\Users\arfan\OneDrive\Desktop\forgery\data\Cedar\full_forg\forgeries_17_7.png,0,17
C:\Users\arfan\OneDrive\Desktop\forgery\data\Cedar\full_org\original_39_10.png,C:\Users\arfan\OneDrive\Desktop\forgery\data\Cedar\full_org\original_39_3.png,1,39
C:\Users\arfan\OneDrive\Desktop\forgery\data\Cedar\full_org\original_40_13.png,C:\Users\arfan\OneDrive\Desktop\forgery\data\Cedar\full_org\original_40_15.png,1,40
C:\Users\arfan\OneDrive\Desktop\forgery\data\Cedar\full_org\original_55_7.png,C:\Users\arfan\OneDrive\Desktop\forgery\data\Cedar\full_forg\forgeries_55_24.png,0,55
C:\Users\arfan\OneDrive\Desktop\forgery\data\Cedar\full_org\original_38_22.png,C:\Users\arfan\OneDrive\Desktop\forgery\data\Cedar\full_org\original_38_23.png,1,38
C:\Users\arfan\OneDrive\Desktop\forgery\data\Cedar\full_org\original_11_21.png,C:\Users\arfan\OneDrive\Desktop\forgery\data\Cedar\full_forg\forgeries_11_3.png,0,11
C:\Users\arfan\OneDrive\Desktop\forgery\data\Cedar\full_org\original_21_15.png,C:\Users\arfan\OneDrive\Desktop\forgery\data\Cedar\full_forg\forgeries_21_23.png,0,21
C:\Users\arfan\OneDrive\Desktop\forgery\data\Cedar\full_org\original_26_16.png,C:\Users\arfan\OneDrive\Desktop\forgery\data\Cedar\full_org\original_26_21.png,1,26
C:\Users\arfan\OneDrive\Desktop\forgery\data\Cedar\full_org\original_10_14.png,C:\Users\arfan\OneDrive\Desktop\forgery\data\Cedar\full_forg\forgeries_10_12.png,0,10
C:\Users\arfan\OneDrive\Desktop\forgery\data\Cedar\full_org\original_17_20.png,C:\Users\arfan\OneDrive\Desktop\forgery\data\Cedar\full_org\original_17_9.png,1,17
C:\Users\arfan\OneDrive\Desktop\forgery\data\Cedar\full_org\original_49_13.png,C:\Users\arfan\OneDrive\Desktop\forgery\data\Cedar\full_forg\forgeries_49_23.png,0,49
C:\Users\arfan\OneDrive\Desktop\forgery\data\Cedar\full_org\original_15_15.png,C:\Users\arfan\OneDrive\Desktop\forgery\data\Cedar\full_forg\forgeries_15_10.png,0,15
C:\Users\arfan\OneDrive\Desktop\forgery\data\Cedar\full_org\original_25_11.png,C:\Users\arfan\OneDrive\Desktop\forgery\data\Cedar\full_org\original_25_17.png,1,25
C:\Users\arfan\OneDrive\Desktop\forgery\data\Cedar\full_org\original_34_5.png,C:\Users\arfan\OneDrive\Desktop\forgery\data\Cedar\full_org\original_34_8.png,1,34
C:\Users\arfan\OneDrive\Desktop\forgery\data\Cedar\full_org\original_39_1.png,C:\Users\arfan\OneDrive\Desktop\forgery\data\Cedar\full_org\original_39_23.png,1,39
C:\Users\arfan\OneDrive\Desktop\forgery\data\Cedar\full_org\original_37_17.png,C:\Users\arfan\OneDrive\Desktop\forgery\data\Cedar\full_org\original_37_20.png,1,37
C:\Users\arfan\OneDrive\Desktop\forgery\data\Cedar\full_org\original_12_11.png,C:\Users\arfan\OneDrive\Desktop\forgery\data\Cedar\full_org\original_12_24.png,1,12
C:\Users\arfan\OneDrive\Desktop\forgery\data\Cedar\full_org\original_55_10.png,C:\Users\arfan\OneDrive\Desktop\forgery\data\Cedar\full_forg\forgeries_55_10.png,0,55
C:\Users\arfan\OneDrive\Desktop\forgery\data\Cedar\full_org\original_18_7.png,C:\Users\arfan\OneDrive\Desktop\forgery\data\Cedar\full_forg\forgeries_18_9.png,0,18
C:\Users\arfan\OneDrive\Desktop\forgery\data\Cedar\full_org\original_43_23.png,C:\Users\arfan\OneDrive\Desktop\forgery\data\Cedar\full_org\original_43_3.png,1,43
C:\Users\arfan\OneDrive\Desktop\forgery\data\Cedar\full_org\original_51_21.png,C:\Users\arfan\OneDrive\Desktop\forgery\data\Cedar\full_org\original_51_6.png,1,51
C:\Users\arfan\OneDrive\Desktop\forgery\data\Cedar\full_org\original_40_20.png,C:\Users\arfan\OneDrive\Desktop\forgery\data\Cedar\full_forg\forgeries_40_18.png,0,40
C:\Users\arfan\OneDrive\Desktop\forgery\data\Cedar\full_org\original_55_16.png,C:\Users\arfan\OneDrive\Desktop\forgery\data\Cedar\full_forg\forgeries_55_17.png,0,55
C:\Users\arfan\OneDrive\Desktop\forgery\data\Cedar\full_org\original_28_13.png,C:\Users\arfan\OneDrive\Desktop\forgery\data\Cedar\full_forg\forgeries_28_3.png,0,28
C:\Users\arfan\OneDrive\Desktop\forgery\data\Cedar\full_org\original_45_18.png,C:\Users\arfan\OneDrive\Desktop\forgery\data\Cedar\full_forg\forgeries_45_8.png,0,45
C:\Users\arfan\OneDrive\Desktop\forgery\data\Cedar\full_org\original_7_17.png,C:\Users\arfan\OneDrive\Desktop\forgery\data\Cedar\full_org\original_7_9.png,1,7
C:\Users\arfan\OneDrive\Desktop\forgery\data\Cedar\full_org\original_36_8.png,C:\Users\arfan\OneDrive\Desktop\forgery\data\Cedar\full_forg\forgeries_36_22.png,0,36
C:\Users\arfan\OneDrive\Desktop\forgery\data\Cedar\full_org\original_45_22.png,C:\Users\arfan\OneDrive\Desktop\forgery\data\Cedar\full_forg\forgeries_45_14.png,0,45
C:\Users\arfan\OneDrive\Desktop\forgery\data\Cedar\full_org\original_39_13.png,C:\Users\arfan\OneDrive\Desktop\forgery\data\Cedar\full_forg\forgeries_39_7.png,0,39
C:\Users\arfan\OneDrive\Desktop\forgery\data\Cedar\full_org\original_24_1.png,C:\Users\arfan\OneDrive\Desktop\forgery\data\Cedar\full_forg\forgeries_24_2.png,0,24
C:\Users\arfan\OneDrive\Desktop\forgery\data\Cedar\full_org\original_18_9.png,C:\Users\arfan\OneDrive\Desktop\forgery\data\Cedar\full_forg\forgeries_18_10.png,0,18
C:\Users\arfan\OneDrive\Desktop\forgery\data\Cedar\full_org\original_43_9.png,C:\Users\arfan\OneDrive\Desktop\forgery\data\Cedar\full_forg\forgeries_43_11.png,0,43
C:\Users\arfan\OneDrive\Desktop\forgery\data\Cedar\full_org\original_54_24.png,C:\Users\arfan\OneDrive\Desktop\forgery\data\Cedar\full_forg\forgeries_54_1.png,0,54
C:\Users\arfan\OneDrive\Desktop\forgery\data\Cedar\full_org\original_21_16.png,C:\Users\arfan\OneDrive\Desktop\forgery\data\Cedar\full_org\original_21_20.png,1,21
C:\Users\arfan\OneDrive\Desktop\forgery\data\Cedar\full_org\original_51_12.png,C:\Users\arfan\OneDrive\Desktop\forgery\data\Cedar\full_org\original_51_4.png,1,51
C:\Users\arfan\OneDrive\Desktop\forgery\data\Cedar\full_org\original_28_8.png,C:\Users\arfan\OneDrive\Desktop\forgery\data\Cedar\full_forg\forgeries_28_10.png,0,28
C:\Users\arfan\OneDrive\Desktop\forgery\data\Cedar\full_org\original_10_5.png,C:\Users\arfan\OneDrive\Desktop\forgery\data\Cedar\full_org\original_10_8.png,1,10
C:\Users\arfan\OneDrive\Desktop\forgery\data\Cedar\full_org\original_10_14.png,C:\Users\arfan\OneDrive\Desktop\forgery\data\Cedar\full_org\original_10_8.png,1,10
C:\Users\arfan\OneDrive\Desktop\forgery\data\Cedar\full_org\original_39_13.png,C:\Users\arfan\OneDrive\Desktop\forgery\data\Cedar\full_org\original_39_19.png,1,39
C:\Users\arfan\OneDrive\Desktop\forgery\data\Cedar\full_org\original_19_22.png,C:\Users\arfan\OneDrive\Desktop\forgery\data\Cedar\full_forg\forgeries_19_8.png,0,19
C:\Users\arfan\OneDrive\Desktop\forgery\data\Cedar\full_org\original_45_24.png,C:\Users\arfan\OneDrive\Desktop\forgery\data\Cedar\full_org\original_45_5.png,1,45
C:\Users\arfan\OneDrive\Desktop\forgery\data\Cedar\full_org\original_37_12.png,C:\Users\arfan\OneDrive\Desktop\forgery\data\Cedar\full_org\original_37_8.png,1,37
C:\Users\arfan\OneDrive\Desktop\forgery\data\Cedar\full_org\original_29_11.png,C:\Users\arfan\OneDrive\Desktop\forgery\data\Cedar\full_forg\forgeries_29_7.png,0,29
C:\Users\arfan\OneDrive\Desktop\forgery\data\Cedar\full_org\original_21_17.png,C:\Users\arfan\OneDrive\Desktop\forgery\data\Cedar\full_org\original_21_23.png,1,21
C:\Users\arfan\OneDrive\Desktop\forgery\data\Cedar\full_org\original_9_11.png,C:\Users\arfan\OneDrive\Desktop\forgery\data\Cedar\full_org\original_9_3.png,1,9
C:\Users\arfan\OneDrive\Desktop\forgery\data\Cedar\full_org\original_17_4.png,C:\Users\arfan\OneDrive\Desktop\forgery\data\Cedar\full_org\original_17_9.png,1,17
C:\Users\arfan\OneDrive\Desktop\forgery\data\Cedar\full_org\original_8_18.png,C:\Users\arfan\OneDrive\Desktop\forgery\data\Cedar\full_org\original_8_20.png,1,8
C:\Users\arfan\OneDrive\Desktop\forgery\data\Cedar\full_org\original_10_15.png,C:\Users\arfan\OneDrive\Desktop\forgery\data\Cedar\full_forg\forgeries_10_17.png,0,10
C:\Users\arfan\OneDrive\Desktop\forgery\data\Cedar\full_org\original_54_17.png,C:\Users\arfan\OneDrive\Desktop\forgery\data\Cedar\full_org\original_54_24.png,1,54
C:\Users\arfan\OneDrive\Desktop\forgery\data\Cedar\full_org\original_25_11.png,C:\Users\arfan\OneDrive\Desktop\forgery\data\Cedar\full_org\original_25_24.png,1,25
C:\Users\arfan\OneDrive\Desktop\forgery\data\Cedar\full_org\original_5_2.png,C:\Users\arfan\OneDrive\Desktop\forgery\data\Cedar\full_org\original_5_5.png,1,5
C:\Users\arfan\OneDrive\Desktop\forgery\data\Cedar\full_org\original_37_18.png,C:\Users\arfan\OneDrive\Desktop\forgery\data\Cedar\full_forg\forgeries_37_7.png,0,37
C:\Users\arfan\OneDrive\Desktop\forgery\data\Cedar\full_org\original_28_5.png,C:\Users\arfan\OneDrive\Desktop\forgery\data\Cedar\full_forg\forgeries_28_17.png,0,28
C:\Users\arfan\OneDrive\Desktop\forgery\data\Cedar\full_org\original_19_9.png,C:\Users\arfan\OneDrive\Desktop\forgery\data\Cedar\full_forg\forgeries_19_2.png,0,19
C:\Users\arfan\OneDrive\Desktop\forgery\data\Cedar\full_org\original_2_17.png,C:\Users\arfan\OneDrive\Desktop\forgery\data\Cedar\full_forg\forgeries_2_16.png,0,2
C:\Users\arfan\OneDrive\Desktop\forgery\data\Cedar\full_org\original_2_20.png,C:\Users\arfan\OneDrive\Desktop\forgery\data\Cedar\full_org\original_2_5.png,1,2
C:\Users\arfan\OneDrive\Desktop\forgery\data\Cedar\full_org\original_7_6.png,C:\Users\arfan\OneDrive\Desktop\forgery\data\Cedar\full_forg\forgeries_7_8.png,0,7
C:\Users\arfan\OneDrive\Desktop\forgery\data\Cedar\full_org\original_45_4.png,C:\Users\arfan\OneDrive\Desktop\forgery\data\Cedar\full_forg\forgeries_45_17.png,0,45
C:\Users\arfan\OneDrive\Desktop\forgery\data\Cedar\full_org\original_28_23.png,C:\Users\arfan\OneDrive\Desktop\forgery\data\Cedar\full_forg\forgeries_28_3.png,0,28
C:\Users\arfan\OneDrive\Desktop\forgery\data\Cedar\full_org\original_10_1.png,C:\Users\arfan\OneDrive\Desktop\forgery\data\Cedar\full_org\original_10_19.png,1,10
C:\Users\arfan\OneDrive\Desktop\forgery\data\Cedar\full_org\original_18_3.png,C:\Users\arfan\OneDrive\Desktop\forgery\data\Cedar\full_org\original_18_8.png,1,18
C:\Users\arfan\OneDrive\Desktop\forgery\data\Cedar\full_org\original_34_20.png,C:\Users\arfan\OneDrive\Desktop\forgery\data\Cedar\full_org\original_34_4.png,1,34
C:\Users\arfan\OneDrive\Desktop\forgery\data\Cedar\full_org\original_10_3.png,C:\Users\arfan\OneDrive\Desktop\forgery\data\Cedar\full_forg\forgeries_10_12.png,0,10
C:\Users\arfan\OneDrive\Desktop\forgery\data\Cedar\full_org\original_1_12.png,C:\Users\arfan\OneDrive\Desktop\forgery\data\Cedar\full_org\original_1_16.png,1,1
C:\Users\arfan\OneDrive\Desktop\forgery\data\Cedar\full_org\original_26_13.png,C:\Users\arfan\OneDrive\Desktop\forgery\data\Cedar\full_org\original_26_14.png,1,26
C:\Users\arfan\OneDrive\Desktop\forgery\data\Cedar\full_org\original_11_22.png,C:\Users\arfan\OneDrive\Desktop\forgery\data\Cedar\full_org\original_11_7.png,1,11
C:\Users\arfan\OneDrive\Desktop\forgery\data\Cedar\full_org\original_48_15.png,C:\Users\arfan\OneDrive\Desktop\forgery\data\Cedar\full_org\original_48_23.png,1,48
C:\Users\arfan\OneDrive\Desktop\forgery\data\Cedar\full_org\original_12_20.png,C:\Users\arfan\OneDrive\Desktop\forgery\data\Cedar\full_forg\forgeries_12_21.png,0,12
C:\Users\arfan\OneDrive\Desktop\forgery\data\Cedar\full_org\original_1_21.png,C:\Users\arfan\OneDrive\Desktop\forgery\data\Cedar\full_forg\forgeries_1_2.png,0,1
C:\Users\arfan\OneDrive\Desktop\forgery\data\Cedar\full_org\original_11_14.png,C:\Users\arfan\OneDrive\Desktop\forgery\data\Cedar\full_org\original_11_5.png,1,11
C:\Users\arfan\OneDrive\Desktop\forgery\data\Cedar\full_org\original_17_23.png,C:\Users\arfan\OneDrive\Desktop\forgery\data\Cedar\full_forg\forgeries_17_22.png,0,17
C:\Users\arfan\OneDrive\Desktop\forgery\data\Cedar\full_org\original_17_2.png,C:\Users\arfan\OneDrive\Desktop\forgery\data\Cedar\full_org\original_17_3.png,1,17
C:\Users\arfan\OneDrive\Desktop\forgery\data\Cedar\full_org\original_15_13.png,C:\Users\arfan\OneDrive\Desktop\forgery\data\Cedar\full_org\original_15_18.png,1,15
C:\Users\arfan\OneDrive\Desktop\forgery\data\Cedar\full_org\original_41_22.png,C:\Users\arfan\OneDrive\Desktop\forgery\data\Cedar\full_org\original_41_3.png,1,41
C:\Users\arfan\OneDrive\Desktop\forgery\data\Cedar\full_org\original_39_21.png,C:\Users\arfan\OneDrive\Desktop\forgery\data\Cedar\full_forg\forgeries_39_5.png,0,39
C:\Users\arfan\OneDrive\Desktop\forgery\data\Cedar\full_org\original_31_24.png,C:\Users\arfan\OneDrive\Desktop\forgery\data\Cedar\full_forg\forgeries_31_2.png,0,31
C:\Users\arfan\OneDrive\Desktop\forgery\data\Cedar\full_org\original_11_15.png,C:\Users\arfan\OneDrive\Desktop\forgery\data\Cedar\full_forg\forgeries_11_5.png,0,11
C:\Users\arfan\OneDrive\Desktop\forgery\data\Cedar\full_org\original_37_10.png,C:\Users\arfan\OneDrive\Desktop\forgery\data\Cedar\full_org\original_37_2.png,1,37
C:\Users\arfan\OneDrive\Desktop\forgery\data\Cedar\full_org\original_34_14.png,C:\Users\arfan\OneDrive\Desktop\forgery\data\Cedar\full_org\original_34_7.png,1,34
C:\Users\arfan\OneDrive\Desktop\forgery\data\Cedar\full_org\original_53_18.png,C:\Users\arfan\OneDrive\Desktop\forgery\data\Cedar\full_forg\forgeries_53_23.png,0,53
C:\Users\arfan\OneDrive\Desktop\forgery\data\Cedar\full_org\original_11_1.png,C:\Users\arfan\OneDrive\Desktop\forgery\data\Cedar\full_forg\forgeries_11_4.png,0,11
C:\Users\arfan\OneDrive\Desktop\forgery\data\Cedar\full_org\original_37_4.png,C:\Users\arfan\OneDrive\Desktop\forgery\data\Cedar\full_forg\forgeries_37_6.png,0,37
C:\Users\arfan\OneDrive\Desktop\forgery\data\Cedar\full_org\original_47_2.png,C:\Users\arfan\OneDrive\Desktop\forgery\data\Cedar\full_org\original_47_3.png,1,47
C:\Users\arfan\OneDrive\Desktop\forgery\data\Cedar\full_org\original_11_13.png,C:\Users\arfan\OneDrive\Desktop\forgery\data\Cedar\full_org\original_11_20.png,1,11
C:\Users\arfan\OneDrive\Desktop\forgery\data\Cedar\full_org\original_52_5.png,C:\Users\arfan\OneDrive\Desktop\forgery\data\Cedar\full_forg\forgeries_52_21.png,0,52
C:\Users\arfan\OneDrive\Desktop\forgery\data\Cedar\full_org\original_25_11.png,C:\Users\arfan\OneDrive\Desktop\forgery\data\Cedar\full_org\original_25_22.png,1,25
C:\Users\arfan\OneDrive\Desktop\forgery\data\Cedar\full_org\original_17_2.png,C:\Users\arfan\OneDrive\Desktop\forgery\data\Cedar\full_forg\forgeries_17_6.png,0,17
C:\Users\arfan\OneDrive\Desktop\forgery\data\Cedar\full_org\original_29_17.png,C:\Users\arfan\OneDrive\Desktop\forgery\data\Cedar\full_org\original_29_6.png,1,29
C:\Users\arfan\OneDrive\Desktop\forgery\data\Cedar\full_org\original_48_20.png,C:\Users\arfan\OneDrive\Desktop\forgery\data\Cedar\full_org\original_48_22.png,1,48
C:\Users\arfan\OneDrive\Desktop\forgery\data\Cedar\full_org\original_48_3.png,C:\Users\arfan\OneDrive\Desktop\forgery\data\Cedar\full_forg\forgeries_48_4.png,0,48
C:\Users\arfan\OneDrive\Desktop\forgery\data\Cedar\full_org\original_3_19.png,C:\Users\arfan\OneDrive\Desktop\forgery\data\Cedar\full_forg\forgeries_3_23.png,0,3
C:\Users\arfan\OneDrive\Desktop\forgery\data\Cedar\full_org\original_25_18.png,C:\Users\arfan\OneDrive\Desktop\forgery\data\Cedar\full_org\original_25_8.png,1,25
C:\Users\arfan\OneDrive\Desktop\forgery\data\Cedar\full_org\original_53_11.png,C:\Users\arfan\OneDrive\Desktop\forgery\data\Cedar\full_forg\forgeries_53_4.png,0,53
C:\Users\arfan\OneDrive\Desktop\forgery\data\Cedar\full_org\original_48_24.png,C:\Users\arfan\OneDrive\Desktop\forgery\data\Cedar\full_forg\forgeries_48_10.png,0,48
C:\Users\arfan\OneDrive\Desktop\forgery\data\Cedar\full_org\original_28_19.png,C:\Users\arfan\OneDrive\Desktop\forgery\data\Cedar\full_org\original_28_3.png,1,28
C:\Users\arfan\OneDrive\Desktop\forgery\data\Cedar\full_org\original_23_20.png,C:\Users\arfan\OneDrive\Desktop\forgery\data\Cedar\full_forg\forgeries_23_15.png,0,23
C:\Users\arfan\OneDrive\Desktop\forgery\data\Cedar\full_org\original_53_24.png,C:\Users\arfan\OneDrive\Desktop\forgery\data\Cedar\full_org\original_53_6.png,1,53
C:\Users\arfan\OneDrive\Desktop\forgery\data\Cedar\full_org\original_31_24.png,C:\Users\arfan\OneDrive\Desktop\forgery\data\Cedar\full_forg\forgeries_31_24.png,0,31
C:\Users\arfan\OneDrive\Desktop\forgery\data\Cedar\full_org\original_53_16.png,C:\Users\arfan\OneDrive\Desktop\forgery\data\Cedar\full_org\original_53_19.png,1,53
C:\Users\arfan\OneDrive\Desktop\forgery\data\Cedar\full_org\original_46_5.png,C:\Users\arfan\OneDrive\Desktop\forgery\data\Cedar\full_forg\forgeries_46_20.png,0,46
C:\Users\arfan\OneDrive\Desktop\forgery\data\Cedar\full_org\original_43_8.png,C:\Users\arfan\OneDrive\Desktop\forgery\data\Cedar\full_forg\forgeries_43_21.png,0,43
C:\Users\arfan\OneDrive\Desktop\forgery\data\Cedar\full_org\original_11_11.png,C:\Users\arfan\OneDrive\Desktop\forgery\data\Cedar\full_forg\forgeries_11_21.png,0,11
C:\Users\arfan\OneDrive\Desktop\forgery\data\Cedar\full_org\original_43_10.png,C:\Users\arfan\OneDrive\Desktop\forgery\data\Cedar\full_org\original_43_4.png,1,43
C:\Users\arfan\OneDrive\Desktop\forgery\data\Cedar\full_org\original_7_5.png,C:\Users\arfan\OneDrive\Desktop\forgery\data\Cedar\full_forg\forgeries_7_15.png,0,7
C:\Users\arfan\OneDrive\Desktop\forgery\data\Cedar\full_org\original_12_3.png,C:\Users\arfan\OneDrive\Desktop\forgery\data\Cedar\full_org\original_12_6.png,1,12
C:\Users\arfan\OneDrive\Desktop\forgery\data\Cedar\full_org\original_29_13.png,C:\Users\arfan\OneDrive\Desktop\forgery\data\Cedar\full_forg\forgeries_29_13.png,0,29
C:\Users\arfan\OneDrive\Desktop\forgery\data\Cedar\full_org\original_38_9.png,C:\Users\arfan\OneDrive\Desktop\forgery\data\Cedar\full_forg\forgeries_38_20.png,0,38
C:\Users\arfan\OneDrive\Desktop\forgery\data\Cedar\full_org\original_5_17.png,C:\Users\arfan\OneDrive\Desktop\forgery\data\Cedar\full_forg\forgeries_5_9.png,0,5
C:\Users\arfan\OneDrive\Desktop\forgery\data\Cedar\full_org\original_16_9.png,C:\Users\arfan\OneDrive\Desktop\forgery\data\Cedar\full_forg\forgeries_16_1.png,0,16
C:\Users\arfan\OneDrive\Desktop\forgery\data\Cedar\full_org\original_19_5.png,C:\Users\arfan\OneDrive\Desktop\forgery\data\Cedar\full_org\original_19_9.png,1,19
C:\Users\arfan\OneDrive\Desktop\forgery\data\Cedar\full_org\original_2_19.png,C:\Users\arfan\OneDrive\Desktop\forgery\data\Cedar\full_org\original_2_4.png,1,2
C:\Users\arfan\OneDrive\Desktop\forgery\data\Cedar\full_org\original_38_24.png,C:\Users\arfan\OneDrive\Desktop\forgery\data\Cedar\full_forg\forgeries_38_10.png,0,38
C:\Users\arfan\OneDrive\Desktop\forgery\data\Cedar\full_org\original_1_24.png,C:\Users\arfan\OneDrive\Desktop\forgery\data\Cedar\full_forg\forgeries_1_23.png,0,1
C:\Users\arfan\OneDrive\Desktop\forgery\data\Cedar\full_org\original_53_14.png,C:\Users\arfan\OneDrive\Desktop\forgery\data\Cedar\full_forg\forgeries_53_14.png,0,53
C:\Users\arfan\OneDrive\Desktop\forgery\data\Cedar\full_org\original_24_22.png,C:\Users\arfan\OneDrive\Desktop\forgery\data\Cedar\full_forg\forgeries_24_23.png,0,24
C:\Users\arfan\OneDrive\Desktop\forgery\data\Cedar\full_org\original_47_19.png,C:\Users\arfan\OneDrive\Desktop\forgery\data\Cedar\full_org\original_47_23.png,1,47
C:\Users\arfan\OneDrive\Desktop\forgery\data\Cedar\full_org\original_45_7.png,C:\Users\arfan\OneDrive\Desktop\forgery\data\Cedar\full_org\original_45_8.png,1,45
C:\Users\arfan\OneDrive\Desktop\forgery\data\Cedar\full_org\original_48_11.png,C:\Users\arfan\OneDrive\Desktop\forgery\data\Cedar\full_forg\forgeries_48_16.png,0,48
C:\Users\arfan\OneDrive\Desktop\forgery\data\Cedar\full_org\original_55_10.png,C:\Users\arfan\OneDrive\Desktop\forgery\data\Cedar\full_org\original_55_3.png,1,55
C:\Users\arfan\OneDrive\Desktop\forgery\data\Cedar\full_org\original_35_16.png,C:\Users\arfan\OneDrive\Desktop\forgery\data\Cedar\full_org\original_35_22.png,1,35
C:\Users\arfan\OneDrive\Desktop\forgery\data\Cedar\full_org\original_16_4.png,C:\Users\arfan\OneDrive\Desktop\forgery\data\Cedar\full_forg\forgeries_16_14.png,0,16
C:\Users\arfan\OneDrive\Desktop\forgery\data\Cedar\full_org\original_45_20.png,C:\Users\arfan\OneDrive\Desktop\forgery\data\Cedar\full_forg\forgeries_45_9.png,0,45
C:\Users\arfan\OneDrive\Desktop\forgery\data\Cedar\full_org\original_9_22.png,C:\Users\arfan\OneDrive\Desktop\forgery\data\Cedar\full_forg\forgeries_9_24.png,0,9
C:\Users\arfan\OneDrive\Desktop\forgery\data\Cedar\full_org\original_12_9.png,C:\Users\arfan\OneDrive\Desktop\forgery\data\Cedar\full_forg\forgeries_12_24.png,0,12
C:\Users\arfan\OneDrive\Desktop\forgery\data\Cedar\full_org\original_40_5.png,C:\Users\arfan\OneDrive\Desktop\forgery\data\Cedar\full_forg\forgeries_40_19.png,0,40
C:\Users\arfan\OneDrive\Desktop\forgery\data\Cedar\full_org\original_48_22.png,C:\Users\arfan\OneDrive\Desktop\forgery\data\Cedar\full_org\original_48_5.png,1,48
C:\Users\arfan\OneDrive\Desktop\forgery\data\Cedar\full_org\original_40_15.png,C:\Users\arfan\OneDrive\Desktop\forgery\data\Cedar\full_forg\forgeries_40_7.png,0,40
C:\Users\arfan\OneDrive\Desktop\forgery\data\Cedar\full_org\original_11_10.png,C:\Users\arfan\OneDrive\Desktop\forgery\data\Cedar\full_org\original_11_24.png,1,11
C:\Users\arfan\OneDrive\Desktop\forgery\data\Cedar\full_org\original_30_15.png,C:\Users\arfan\OneDrive\Desktop\forgery\data\Cedar\full_forg\forgeries_30_19.png,0,30
C:\Users\arfan\OneDrive\Desktop\forgery\data\Cedar\full_org\original_15_11.png,C:\Users\arfan\OneDrive\Desktop\forgery\data\Cedar\full_org\original_15_6.png,1,15
C:\Users\arfan\OneDrive\Desktop\forgery\data\Cedar\full_org\original_17_23.png,C:\Users\arfan\OneDrive\Desktop\forgery\data\Cedar\full_org\original_17_24.png,1,17
C:\Users\arfan\OneDrive\Desktop\forgery\data\Cedar\full_org\original_47_22.png,C:\Users\arfan\OneDrive\Desktop\forgery\data\Cedar\full_forg\forgeries_47_8.png,0,47
C:\Users\arfan\OneDrive\Desktop\forgery\data\Cedar\full_org\original_11_4.png,C:\Users\arfan\OneDrive\Desktop\forgery\data\Cedar\full_org\original_11_5.png,1,11
C:\Users\arfan\OneDrive\Desktop\forgery\data\Cedar\full_org\original_4_10.png,C:\Users\arfan\OneDrive\Desktop\forgery\data\Cedar\full_org\original_4_16.png,1,4
C:\Users\arfan\OneDrive\Desktop\forgery\data\Cedar\full_org\original_25_9.png,C:\Users\arfan\OneDrive\Desktop\forgery\data\Cedar\full_forg\forgeries_25_2.png,0,25
C:\Users\arfan\OneDrive\Desktop\forgery\data\Cedar\full_org\original_11_8.png,C:\Users\arfan\OneDrive\Desktop\forgery\data\Cedar\full_forg\forgeries_11_7.png,0,11
C:\Users\arfan\OneDrive\Desktop\forgery\data\Cedar\full_org\original_40_3.png,C:\Users\arfan\OneDrive\Desktop\forgery\data\Cedar\full_org\original_40_4.png,1,40
C:\Users\arfan\OneDrive\Desktop\forgery\data\Cedar\full_org\original_8_3.png,C:\Users\arfan\OneDrive\Desktop\forgery\data\Cedar\full_forg\forgeries_8_17.png,0,8
C:\Users\arfan\OneDrive\Desktop\forgery\data\Cedar\full_org\original_24_4.png,C:\Users\arfan\OneDrive\Desktop\forgery\data\Cedar\full_forg\forgeries_24_22.png,0,24
C:\Users\arfan\OneDrive\Desktop\forgery\data\Cedar\full_org\original_49_24.png,C:\Users\arfan\OneDrive\Desktop\forgery\data\Cedar\full_forg\forgeries_49_23.png,0,49
C:\Users\arfan\OneDrive\Desktop\forgery\data\Cedar\full_org\original_1_2.png,C:\Users\arfan\OneDrive\Desktop\forgery\data\Cedar\full_org\original_1_24.png,1,1
C:\Users\arfan\OneDrive\Desktop\forgery\data\Cedar\full_org\original_3_19.png,C:\Users\arfan\OneDrive\Desktop\forgery\data\Cedar\full_org\original_3_21.png,1,3
C:\Users\arfan\OneDrive\Desktop\forgery\data\Cedar\full_org\original_16_9.png,C:\Users\arfan\OneDrive\Desktop\forgery\data\Cedar\full_forg\forgeries_16_13.png,0,16
C:\Users\arfan\OneDrive\Desktop\forgery\data\Cedar\full_org\original_15_19.png,C:\Users\arfan\OneDrive\Desktop\forgery\data\Cedar\full_org\original_15_24.png,1,15
C:\Users\arfan\OneDrive\Desktop\forgery\data\Cedar\full_org\original_36_12.png,C:\Users\arfan\OneDrive\Desktop\forgery\data\Cedar\full_org\original_36_20.png,1,36
C:\Users\arfan\OneDrive\Desktop\forgery\data\Cedar\full_org\original_31_22.png,C:\Users\arfan\OneDrive\Desktop\forgery\data\Cedar\full_forg\forgeries_31_6.png,0,31
C:\Users\arfan\OneDrive\Desktop\forgery\data\Cedar\full_org\original_15_1.png,C:\Users\arfan\OneDrive\Desktop\forgery\data\Cedar\full_org\original_15_22.png,1,15
C:\Users\arfan\OneDrive\Desktop\forgery\data\Cedar\full_org\original_12_12.png,C:\Users\arfan\OneDrive\Desktop\forgery\data\Cedar\full_org\original_12_6.png,1,12
C:\Users\arfan\OneDrive\Desktop\forgery\data\Cedar\full_org\original_51_13.png,C:\Users\arfan\OneDrive\Desktop\forgery\data\Cedar\full_org\original_51_17.png,1,51
C:\Users\arfan\OneDrive\Desktop\forgery\data\Cedar\full_org\original_25_4.png,C:\Users\arfan\OneDrive\Desktop\forgery\data\Cedar\full_forg\forgeries_25_4.png,0,25
C:\Users\arfan\OneDrive\Desktop\forgery\data\Cedar\full_org\original_5_4.png,C:\Users\arfan\OneDrive\Desktop\forgery\data\Cedar\full_forg\forgeries_5_19.png,0,5
C:\Users\arfan\OneDrive\Desktop\forgery\data\Cedar\full_org\original_38_4.png,C:\Users\arfan\OneDrive\Desktop\forgery\data\Cedar\full_forg\forgeries_38_6.png,0,38
C:\Users\arfan\OneDrive\Desktop\forgery\data\Cedar\full_org\original_16_7.png,C:\Users\arfan\OneDrive\Desktop\forgery\data\Cedar\full_org\original_16_9.png,1,16
C:\Users\arfan\OneDrive\Desktop\forgery\data\Cedar\full_org\original_18_11.png,C:\Users\arfan\OneDrive\Desktop\forgery\data\Cedar\full_org\original_18_18.png,1,18
C:\Users\arfan\OneDrive\Desktop\forgery\data\Cedar\full_org\original_23_21.png,C:\Users\arfan\OneDrive\Desktop\forgery\data\Cedar\full_org\original_23_7.png,1,23
C:\Users\arfan\OneDrive\Desktop\forgery\data\Cedar\full_org\original_3_11.png,C:\Users\arfan\OneDrive\Desktop\forgery\data\Cedar\full_org\original_3_12.png,1,3
C:\Users\arfan\OneDrive\Desktop\forgery\data\Cedar\full_org\original_35_11.png,C:\Users\arfan\OneDrive\Desktop\forgery\data\Cedar\full_org\original_35_21.png,1,35
C:\Users\arfan\OneDrive\Desktop\forgery\data\Cedar\full_org\original_40_21.png,C:\Users\arfan\OneDrive\Desktop\forgery\data\Cedar\full_org\original_40_6.png,1,40
C:\Users\arfan\OneDrive\Desktop\forgery\data\Cedar\full_org\original_12_2.png,C:\Users\arfan\OneDrive\Desktop\forgery\data\Cedar\full_org\original_12_23.png,1,12
C:\Users\arfan\OneDrive\Desktop\forgery\data\Cedar\full_org\original_9_5.png,C:\Users\arfan\OneDrive\Desktop\forgery\data\Cedar\full_org\original_9_6.png,1,9
C:\Users\arfan\OneDrive\Desktop\forgery\data\Cedar\full_org\original_30_13.png,C:\Users\arfan\OneDrive\Desktop\forgery\data\Cedar\full_org\original_30_18.png,1,30
C:\Users\arfan\OneDrive\Desktop\forgery\data\Cedar\full_org\original_41_12.png,C:\Users\arfan\OneDrive\Desktop\forgery\data\Cedar\full_org\original_41_4.png,1,41
C:\Users\arfan\OneDrive\Desktop\forgery\data\Cedar\full_org\original_12_22.png,C:\Users\arfan\OneDrive\Desktop\forgery\data\Cedar\full_forg\forgeries_12_17.png,0,12
C:\Users\arfan\OneDrive\Desktop\forgery\data\Cedar\full_org\original_22_21.png,C:\Users\arfan\OneDrive\Desktop\forgery\data\Cedar\full_forg\forgeries_22_8.png,0,22
C:\Users\arfan\OneDrive\Desktop\forgery\data\Cedar\full_org\original_11_5.png,C:\Users\arfan\OneDrive\Desktop\forgery\data\Cedar\full_forg\forgeries_11_21.png,0,11
C:\Users\arfan\OneDrive\Desktop\forgery\data\Cedar\full_org\original_55_21.png,C:\Users\arfan\OneDrive\Desktop\forgery\data\Cedar\full_org\original_55_7.png,1,55
C:\Users\arfan\OneDrive\Desktop\forgery\data\Cedar\full_org\original_40_1.png,C:\Users\arfan\OneDrive\Desktop\forgery\data\Cedar\full_org\original_40_16.png,1,40
C:\Users\arfan\OneDrive\Desktop\forgery\data\Cedar\full_org\original_36_14.png,C:\Users\arfan\OneDrive\Desktop\forgery\data\Cedar\full_forg\forgeries_36_17.png,0,36
C:\Users\arfan\OneDrive\Desktop\forgery\data\Cedar\full_org\original_53_21.png,C:\Users\arfan\OneDrive\Desktop\forgery\data\Cedar\full_forg\forgeries_53_19.png,0,53
C:\Users\arfan\OneDrive\Desktop\forgery\data\Cedar\full_org\original_8_7.png,C:\Users\arfan\OneDrive\Desktop\forgery\data\Cedar\full_forg\forgeries_8_12.png,0,8
C:\Users\arfan\OneDrive\Desktop\forgery\data\Cedar\full_org\original_53_13.png,C:\Users\arfan\OneDrive\Desktop\forgery\data\Cedar\full_forg\forgeries_53_11.png,0,53
C:\Users\arfan\OneDrive\Desktop\forgery\data\Cedar\full_org\original_31_1.png,C:\Users\arfan\OneDrive\Desktop\forgery\data\Cedar\full_org\original_31_19.png,1,31
C:\Users\arfan\OneDrive\Desktop\forgery\data\Cedar\full_org\original_38_19.png,C:\Users\arfan\OneDrive\Desktop\forgery\data\Cedar\full_forg\forgeries_38_22.png,0,38
C:\Users\arfan\OneDrive\Desktop\forgery\data\Cedar\full_org\original_21_14.png,C:\Users\arfan\OneDrive\Desktop\forgery\data\Cedar\full_forg\forgeries_21_18.png,0,21
C:\Users\arfan\OneDrive\Desktop\forgery\data\Cedar\full_org\original_17_14.png,C:\Users\arfan\OneDrive\Desktop\forgery\data\Cedar\full_forg\forgeries_17_24.png,0,17
C:\Users\arfan\OneDrive\Desktop\forgery\data\Cedar\full_org\original_18_9.png,C:\Users\arfan\OneDrive\Desktop\forgery\data\Cedar\full_forg\forgeries_18_19.png,0,18
C:\Users\arfan\OneDrive\Desktop\forgery\data\Cedar\full_org\original_3_16.png,C:\Users\arfan\OneDrive\Desktop\forgery\data\Cedar\full_forg\forgeries_3_9.png,0,3
C:\Users\arfan\OneDrive\Desktop\forgery\data\Cedar\full_org\original_12_1.png,C:\Users\arfan\OneDrive\Desktop\forgery\data\Cedar\full_forg\forgeries_12_8.png,0,12
C:\Users\arfan\OneDrive\Desktop\forgery\data\Cedar\full_org\original_51_14.png,C:\Users\arfan\OneDrive\Desktop\forgery\data\Cedar\full_org\original_51_23.png,1,51
C:\Users\arfan\OneDrive\Desktop\forgery\data\Cedar\full_org\original_29_14.png,C:\Users\arfan\OneDrive\Desktop\forgery\data\Cedar\full_forg\forgeries_29_13.png,0,29
C:\Users\arfan\OneDrive\Desktop\forgery\data\Cedar\full_org\original_18_11.png,C:\Users\arfan\OneDrive\Desktop\forgery\data\Cedar\full_org\original_18_4.png,1,18
C:\Users\arfan\OneDrive\Desktop\forgery\data\Cedar\full_org\original_51_21.png,C:\Users\arfan\OneDrive\Desktop\forgery\data\Cedar\full_org\original_51_8.png,1,51
C:\Users\arfan\OneDrive\Desktop\forgery\data\Cedar\full_org\original_12_12.png,C:\Users\arfan\OneDrive\Desktop\forgery\data\Cedar\full_org\original_12_5.png,1,12
C:\Users\arfan\OneDrive\Desktop\forgery\data\Cedar\full_org\original_10_20.png,C:\Users\arfan\OneDrive\Desktop\forgery\data\Cedar\full_forg\forgeries_10_10.png,0,10
C:\Users\arfan\OneDrive\Desktop\forgery\data\Cedar\full_org\original_47_11.png,C:\Users\arfan\OneDrive\Desktop\forgery\data\Cedar\full_forg\forgeries_47_2.png,0,47
C:\Users\arfan\OneDrive\Desktop\forgery\data\Cedar\full_org\original_52_11.png,C:\Users\arfan\OneDrive\Desktop\forgery\data\Cedar\full_forg\forgeries_52_8.png,0,52
C:\Users\arfan\OneDrive\Desktop\forgery\data\Cedar\full_org\original_23_21.png,C:\Users\arfan\OneDrive\Desktop\forgery\data\Cedar\full_org\original_23_9.png,1,23
C:\Users\arfan\OneDrive\Desktop\forgery\data\Cedar\full_org\original_2_6.png,C:\Users\arfan\OneDrive\Desktop\forgery\data\Cedar\full_forg\forgeries_2_12.png,0,2
C:\Users\arfan\OneDrive\Desktop\forgery\data\Cedar\full_org\original_52_13.png,C:\Users\arfan\OneDrive\Desktop\forgery\data\Cedar\full_org\original_52_5.png,1,52
C:\Users\arfan\OneDrive\Desktop\forgery\data\Cedar\full_org\original_5_8.png,C:\Users\arfan\OneDrive\Desktop\forgery\data\Cedar\full_forg\forgeries_5_13.png,0,5
C:\Users\arfan\OneDrive\Desktop\forgery\data\Cedar\full_org\original_10_19.png,C:\Users\arfan\OneDrive\Desktop\forgery\data\Cedar\full_org\original_10_22.png,1,10
C:\Users\arfan\OneDrive\Desktop\forgery\data\Cedar\full_org\original_45_22.png,C:\Users\arfan\OneDrive\Desktop\forgery\data\Cedar\full_forg\forgeries_45_2.png,0,45
C:\Users\arfan\OneDrive\Desktop\forgery\data\Cedar\full_org\original_12_17.png,C:\Users\arfan\OneDrive\Desktop\forgery\data\Cedar\full_org\original_12_19.png,1,12
C:\Users\arfan\OneDrive\Desktop\forgery\data\Cedar\full_org\original_5_17.png,C:\Users\arfan\OneDrive\Desktop\forgery\data\Cedar\full_forg\forgeries_5_21.png,0,5
C:\Users\arfan\OneDrive\Desktop\forgery\data\Cedar\full_org\original_29_2.png,C:\Users\arfan\OneDrive\Desktop\forgery\data\Cedar\full_forg\forgeries_29_2.png,0,29
C:\Users\arfan\OneDrive\Desktop\forgery\data\Cedar\full_org\original_47_13.png,C:\Users\arfan\OneDrive\Desktop\forgery\data\Cedar\full_forg\forgeries_47_10.png,0,47
C:\Users\arfan\OneDrive\Desktop\forgery\data\Cedar\full_org\original_3_12.png,C:\Users\arfan\OneDrive\Desktop\forgery\data\Cedar\full_org\original_3_13.png,1,3
C:\Users\arfan\OneDrive\Desktop\forgery\data\Cedar\full_org\original_31_12.png,C:\Users\arfan\OneDrive\Desktop\forgery\data\Cedar\full_org\original_31_18.png,1,31
C:\Users\arfan\OneDrive\Desktop\forgery\data\Cedar\full_org\original_40_16.png,C:\Users\arfan\OneDrive\Desktop\forgery\data\Cedar\full_forg\forgeries_40_23.png,0,40
C:\Users\arfan\OneDrive\Desktop\forgery\data\Cedar\full_org\original_43_15.png,C:\Users\arfan\OneDrive\Desktop\forgery\data\Cedar\full_org\original_43_23.png,1,43
C:\Users\arfan\OneDrive\Desktop\forgery\data\Cedar\full_org\original_4_2.png,C:\Users\arfan\OneDrive\Desktop\forgery\data\Cedar\full_forg\forgeries_4_23.png,0,4
C:\Users\arfan\OneDrive\Desktop\forgery\data\Cedar\full_org\original_48_14.png,C:\Users\arfan\OneDrive\Desktop\forgery\data\Cedar\full_forg\forgeries_48_12.png,0,48
C:\Users\arfan\OneDrive\Desktop\forgery\data\Cedar\full_org\original_22_5.png,C:\Users\arfan\OneDrive\Desktop\forgery\data\Cedar\full_org\original_22_6.png,1,22
C:\Users\arfan\OneDrive\Desktop\forgery\data\Cedar\full_org\original_53_5.png,C:\Users\arfan\OneDrive\Desktop\forgery\data\Cedar\full_forg\forgeries_53_12.png,0,53
C:\Users\arfan\OneDrive\Desktop\forgery\data\Cedar\full_org\original_43_17.png,C:\Users\arfan\OneDrive\Desktop\forgery\data\Cedar\full_org\original_43_4.png,1,43
C:\Users\arfan\OneDrive\Desktop\forgery\data\Cedar\full_org\original_12_8.png,C:\Users\arfan\OneDrive\Desktop\forgery\data\Cedar\full_forg\forgeries_12_11.png,0,12
C:\Users\arfan\OneDrive\Desktop\forgery\data\Cedar\full_org\original_2_2.png,C:\Users\arfan\OneDrive\Desktop\forgery\data\Cedar\full_org\original_2_5.png,1,2
C:\Users\arfan\OneDrive\Desktop\forgery\data\Cedar\full_org\original_43_6.png,C:\Users\arfan\OneDrive\Desktop\forgery\data\Cedar\full_org\original_43_7.png,1,43
C:\Users\arfan\OneDrive\Desktop\forgery\data\Cedar\full_org\original_34_13.png,C:\Users\arfan\OneDrive\Desktop\forgery\data\Cedar\full_forg\forgeries_34_8.png,0,34
C:\Users\arfan\OneDrive\Desktop\forgery\data\Cedar\full_org\original_11_18.png,C:\Users\arfan\OneDrive\Desktop\forgery\data\Cedar\full_forg\forgeries_11_6.png,0,11
C:\Users\arfan\OneDrive\Desktop\forgery\data\Cedar\full_org\original_35_24.png,C:\Users\arfan\OneDrive\Desktop\forgery\data\Cedar\full_org\original_35_3.png,1,35
C:\Users\arfan\OneDrive\Desktop\forgery\data\Cedar\full_org\original_54_20.png,C:\Users\arfan\OneDrive\Desktop\forgery\data\Cedar\full_forg\forgeries_54_1.png,0,54
C:\Users\arfan\OneDrive\Desktop\forgery\data\Cedar\full_org\original_17_12.png,C:\Users\arfan\OneDrive\Desktop\forgery\data\Cedar\full_forg\forgeries_17_2.png,0,17
C:\Users\arfan\OneDrive\Desktop\forgery\data\Cedar\full_org\original_15_12.png,C:\Users\arfan\OneDrive\Desktop\forgery\data\Cedar\full_forg\forgeries_15_19.png,0,15
C:\Users\arfan\OneDrive\Desktop\forgery\data\Cedar\full_org\original_40_22.png,C:\Users\arfan\OneDrive\Desktop\forgery\data\Cedar\full_org\original_40_7.png,1,40
C:\Users\arfan\OneDrive\Desktop\forgery\data\Cedar\full_org\original_21_12.png,C:\Users\arfan\OneDrive\Desktop\forgery\data\Cedar\full_org\original_21_2.png,1,21
C:\Users\arfan\OneDrive\Desktop\forgery\data\Cedar\full_org\original_46_11.png,C:\Users\arfan\OneDrive\Desktop\forgery\data\Cedar\full_forg\forgeries_46_11.png,0,46
C:\Users\arfan\OneDrive\Desktop\forgery\data\Cedar\full_org\original_5_10.png,C:\Users\arfan\OneDrive\Desktop\forgery\data\Cedar\full_org\original_5_15.png,1,5
C:\Users\arfan\OneDrive\Desktop\forgery\data\Cedar\full_org\original_48_11.png,C:\Users\arfan\OneDrive\Desktop\forgery\data\Cedar\full_forg\forgeries_48_15.png,0,48
C:\Users\arfan\OneDrive\Desktop\forgery\data\Cedar\full_org\original_5_2.png,C:\Users\arfan\OneDrive\Desktop\forgery\data\Cedar\full_org\original_5_21.png,1,5
C:\Users\arfan\OneDrive\Desktop\forgery\data\Cedar\full_org\original_41_23.png,C:\Users\arfan\OneDrive\Desktop\forgery\data\Cedar\full_forg\forgeries_41_11.png,0,41
C:\Users\arfan\OneDrive\Desktop\forgery\data\Cedar\full_org\original_10_14.png,C:\Users\arfan\OneDrive\Desktop\forgery\data\Cedar\full_org\original_10_7.png,1,10
C:\Users\arfan\OneDrive\Desktop\forgery\data\Cedar\full_org\original_23_17.png,C:\Users\arfan\OneDrive\Desktop\forgery\data\Cedar\full_org\original_23_2.png,1,23
C:\Users\arfan\OneDrive\Desktop\forgery\data\Cedar\full_org\original_2_14.png,C:\Users\arfan\OneDrive\Desktop\forgery\data\Cedar\full_forg\forgeries_2_16.png,0,2
C:\Users\arfan\OneDrive\Desktop\forgery\data\Cedar\full_org\original_18_2.png,C:\Users\arfan\OneDrive\Desktop\forgery\data\Cedar\full_org\original_18_8.png,1,18
C:\Users\arfan\OneDrive\Desktop\forgery\data\Cedar\full_org\original_36_1.png,C:\Users\arfan\OneDrive\Desktop\forgery\data\Cedar\full_org\original_36_16.png,1,36
C:\Users\arfan\OneDrive\Desktop\forgery\data\Cedar\full_org\original_21_24.png,C:\Users\arfan\OneDrive\Desktop\forgery\data\Cedar\full_forg\forgeries_21_20.png,0,21
C:\Users\arfan\OneDrive\Desktop\forgery\data\Cedar\full_org\original_36_17.png,C:\Users\arfan\OneDrive\Desktop\forgery\data\Cedar\full_forg\forgeries_36_3.png,0,36
C:\Users\arfan\OneDrive\Desktop\forgery\data\Cedar\full_org\original_37_17.png,C:\Users\arfan\OneDrive\Desktop\forgery\data\Cedar\full_org\original_37_18.png,1,37
C:\Users\arfan\OneDrive\Desktop\forgery\data\Cedar\full_org\original_53_23.png,C:\Users\arfan\OneDrive\Desktop\forgery\data\Cedar\full_org\original_53_5.png,1,53
C:\Users\arfan\OneDrive\Desktop\forgery\data\Cedar\full_org\original_55_14.png,C:\Users\arfan\OneDrive\Desktop\forgery\data\Cedar\full_org\original_55_16.png,1,55
C:\Users\arfan\OneDrive\Desktop\forgery\data\Cedar\full_org\original_23_12.png,C:\Users\arfan\OneDrive\Desktop\forgery\data\Cedar\full_forg\forgeries_23_16.png,0,23
C:\Users\arfan\OneDrive\Desktop\forgery\data\Cedar\full_org\original_41_15.png,C:\Users\arfan\OneDrive\Desktop\forgery\data\Cedar\full_forg\forgeries_41_24.png,0,41
C:\Users\arfan\OneDrive\Desktop\forgery\data\Cedar\full_org\original_37_24.png,C:\Users\arfan\OneDrive\Desktop\forgery\data\Cedar\full_forg\forgeries_37_14.png,0,37
C:\Users\arfan\OneDrive\Desktop\forgery\data\Cedar\full_org\original_24_19.png,C:\Users\arfan\OneDrive\Desktop\forgery\data\Cedar\full_forg\forgeries_24_7.png,0,24
C:\Users\arfan\OneDrive\Desktop\forgery\data\Cedar\full_org\original_30_1.png,C:\Users\arfan\OneDrive\Desktop\forgery\data\Cedar\full_org\original_30_20.png,1,30
C:\Users\arfan\OneDrive\Desktop\forgery\data\Cedar\full_org\original_5_9.png,C:\Users\arfan\OneDrive\Desktop\forgery\data\Cedar\full_forg\forgeries_5_5.png,0,5
C:\Users\arfan\OneDrive\Desktop\forgery\data\Cedar\full_org\original_35_11.png,C:\Users\arfan\OneDrive\Desktop\forgery\data\Cedar\full_forg\forgeries_35_17.png,0,35
C:\Users\arfan\OneDrive\Desktop\forgery\data\Cedar\full_org\original_30_12.png,C:\Users\arfan\OneDrive\Desktop\forgery\data\Cedar\full_org\original_30_4.png,1,30
C:\Users\arfan\OneDrive\Desktop\forgery\data\Cedar\full_org\original_25_4.png,C:\Users\arfan\OneDrive\Desktop\forgery\data\Cedar\full_org\original_25_6.png,1,25
C:\Users\arfan\OneDrive\Desktop\forgery\data\Cedar\full_org\original_2_16.png,C:\Users\arfan\OneDrive\Desktop\forgery\data\Cedar\full_org\original_2_9.png,1,2
C:\Users\arfan\OneDrive\Desktop\forgery\data\Cedar\full_org\original_46_18.png,C:\Users\arfan\OneDrive\Desktop\forgery\data\Cedar\full_org\original_46_2.png,1,46
C:\Users\arfan\OneDrive\Desktop\forgery\data\Cedar\full_org\original_45_4.png,C:\Users\arfan\OneDrive\Desktop\forgery\data\Cedar\full_forg\forgeries_45_23.png,0,45
C:\Users\arfan\OneDrive\Desktop\forgery\data\Cedar\full_org\original_39_8.png,C:\Users\arfan\OneDrive\Desktop\forgery\data\Cedar\full_forg\forgeries_39_8.png,0,39
C:\Users\arfan\OneDrive\Desktop\forgery\data\Cedar\full_org\original_21_1.png,C:\Users\arfan\OneDrive\Desktop\forgery\data\Cedar\full_org\original_21_6.png,1,21
C:\Users\arfan\OneDrive\Desktop\forgery\data\Cedar\full_org\original_29_21.png,C:\Users\arfan\OneDrive\Desktop\forgery\data\Cedar\full_forg\forgeries_29_16.png,0,29
C:\Users\arfan\OneDrive\Desktop\forgery\data\Cedar\full_org\original_49_17.png,C:\Users\arfan\OneDrive\Desktop\forgery\data\Cedar\full_org\original_49_22.png,1,49
C:\Users\arfan\OneDrive\Desktop\forgery\data\Cedar\full_org\original_1_10.png,C:\Users\arfan\OneDrive\Desktop\forgery\data\Cedar\full_forg\forgeries_1_9.png,0,1
C:\Users\arfan\OneDrive\Desktop\forgery\data\Cedar\full_org\original_38_19.png,C:\Users\arfan\OneDrive\Desktop\forgery\data\Cedar\full_org\original_38_22.png,1,38
C:\Users\arfan\OneDrive\Desktop\forgery\data\Cedar\full_org\original_31_8.png,C:\Users\arfan\OneDrive\Desktop\forgery\data\Cedar\full_forg\forgeries_31_2.png,0,31
C:\Users\arfan\OneDrive\Desktop\forgery\data\Cedar\full_org\original_30_2.png,C:\Users\arfan\OneDrive\Desktop\forgery\data\Cedar\full_org\original_30_22.png,1,30
C:\Users\arfan\OneDrive\Desktop\forgery\data\Cedar\full_org\original_39_24.png,C:\Users\arfan\OneDrive\Desktop\forgery\data\Cedar\full_forg\forgeries_39_15.png,0,39
C:\Users\arfan\OneDrive\Desktop\forgery\data\Cedar\full_org\original_38_3.png,C:\Users\arfan\OneDrive\Desktop\forgery\data\Cedar\full_org\original_38_6.png,1,38
C:\Users\arfan\OneDrive\Desktop\forgery\data\Cedar\full_org\original_49_17.png,C:\Users\arfan\OneDrive\Desktop\forgery\data\Cedar\full_org\original_49_7.png,1,49
C:\Users\arfan\OneDrive\Desktop\forgery\data\Cedar\full_org\original_48_19.png,C:\Users\arfan\OneDrive\Desktop\forgery\data\Cedar\full_org\original_48_9.png,1,48
C:\Users\arfan\OneDrive\Desktop\forgery\data\Cedar\full_org\original_48_6.png,C:\Users\arfan\OneDrive\Desktop\forgery\data\Cedar\full_forg\forgeries_48_9.png,0,48
C:\Users\arfan\OneDrive\Desktop\forgery\data\Cedar\full_org\original_8_17.png,C:\Users\arfan\OneDrive\Desktop\forgery\data\Cedar\full_forg\forgeries_8_2.png,0,8
C:\Users\arfan\OneDrive\Desktop\forgery\data\Cedar\full_org\original_53_3.png,C:\Users\arfan\OneDrive\Desktop\forgery\data\Cedar\full_forg\forgeries_53_22.png,0,53
C:\Users\arfan\OneDrive\Desktop\forgery\data\Cedar\full_org\original_36_19.png,C:\Users\arfan\OneDrive\Desktop\forgery\data\Cedar\full_org\original_36_21.png,1,36
C:\Users\arfan\OneDrive\Desktop\forgery\data\Cedar\full_org\original_11_11.png,C:\Users\arfan\OneDrive\Desktop\forgery\data\Cedar\full_forg\forgeries_11_13.png,0,11
C:\Users\arfan\OneDrive\Desktop\forgery\data\Cedar\full_org\original_34_20.png,C:\Users\arfan\OneDrive\Desktop\forgery\data\Cedar\full_org\original_34_22.png,1,34
C:\Users\arfan\OneDrive\Desktop\forgery\data\Cedar\full_org\original_41_22.png,C:\Users\arfan\OneDrive\Desktop\forgery\data\Cedar\full_forg\forgeries_41_18.png,0,41
C:\Users\arfan\OneDrive\Desktop\forgery\data\Cedar\full_org\original_29_23.png,C:\Users\arfan\OneDrive\Desktop\forgery\data\Cedar\full_forg\forgeries_29_9.png,0,29
C:\Users\arfan\OneDrive\Desktop\forgery\data\Cedar\full_org\original_49_9.png,C:\Users\arfan\OneDrive\Desktop\forgery\data\Cedar\full_forg\forgeries_49_21.png,0,49
C:\Users\arfan\OneDrive\Desktop\forgery\data\Cedar\full_org\original_11_1.png,C:\Users\arfan\OneDrive\Desktop\forgery\data\Cedar\full_org\original_11_9.png,1,11
C:\Users\arfan\OneDrive\Desktop\forgery\data\Cedar\full_org\original_15_1.png,C:\Users\arfan\OneDrive\Desktop\forgery\data\Cedar\full_org\original_15_8.png,1,15
C:\Users\arfan\OneDrive\Desktop\forgery\data\Cedar\full_org\original_41_9.png,C:\Users\arfan\OneDrive\Desktop\forgery\data\Cedar\full_forg\forgeries_41_1.png,0,41
C:\Users\arfan\OneDrive\Desktop\forgery\data\Cedar\full_org\original_37_24.png,C:\Users\arfan\OneDrive\Desktop\forgery\data\Cedar\full_org\original_37_6.png,1,37
C:\Users\arfan\OneDrive\Desktop\forgery\data\Cedar\full_org\original_54_14.png,C:\Users\arfan\OneDrive\Desktop\forgery\data\Cedar\full_org\original_54_24.png,1,54
C:\Users\arfan\OneDrive\Desktop\forgery\data\Cedar\full_org\original_34_21.png,C:\Users\arfan\OneDrive\Desktop\forgery\data\Cedar\full_forg\forgeries_34_19.png,0,34
C:\Users\arfan\OneDrive\Desktop\forgery\data\Cedar\full_org\original_24_15.png,C:\Users\arfan\OneDrive\Desktop\forgery\data\Cedar\full_forg\forgeries_24_13.png,0,24
C:\Users\arfan\OneDrive\Desktop\forgery\data\Cedar\full_org\original_55_10.png,C:\Users\arfan\OneDrive\Desktop\forgery\data\Cedar\full_forg\forgeries_55_21.png,0,55
C:\Users\arfan\OneDrive\Desktop\forgery\data\Cedar\full_org\original_1_9.png,C:\Users\arfan\OneDrive\Desktop\forgery\data\Cedar\full_forg\forgeries_1_14.png,0,1
C:\Users\arfan\OneDrive\Desktop\forgery\data\Cedar\full_org\original_21_22.png,C:\Users\arfan\OneDrive\Desktop\forgery\data\Cedar\full_forg\forgeries_21_24.png,0,21
C:\Users\arfan\OneDrive\Desktop\forgery\data\Cedar\full_org\original_39_6.png,C:\Users\arfan\OneDrive\Desktop\forgery\data\Cedar\full_forg\forgeries_39_12.png,0,39
C:\Users\arfan\OneDrive\Desktop\forgery\data\Cedar\full_org\original_36_20.png,C:\Users\arfan\OneDrive\Desktop\forgery\data\Cedar\full_org\original_36_3.png,1,36
C:\Users\arfan\OneDrive\Desktop\forgery\data\Cedar\full_org\original_34_10.png,C:\Users\arfan\OneDrive\Desktop\forgery\data\Cedar\full_forg\forgeries_34_13.png,0,34
C:\Users\arfan\OneDrive\Desktop\forgery\data\Cedar\full_org\original_7_3.png,C:\Users\arfan\OneDrive\Desktop\forgery\data\Cedar\full_org\original_7_8.png,1,7
C:\Users\arfan\OneDrive\Desktop\forgery\data\Cedar\full_org\original_23_5.png,C:\Users\arfan\OneDrive\Desktop\forgery\data\Cedar\full_forg\forgeries_23_22.png,0,23
C:\Users\arfan\OneDrive\Desktop\forgery\data\Cedar\full_org\original_48_17.png,C:\Users\arfan\OneDrive\Desktop\forgery\data\Cedar\full_org\original_48_18.png,1,48
C:\Users\arfan\OneDrive\Desktop\forgery\data\Cedar\full_org\original_55_10.png,C:\Users\arfan\OneDrive\Desktop\forgery\data\Cedar\full_org\original_55_20.png,1,55
C:\Users\arfan\OneDrive\Desktop\forgery\data\Cedar\full_org\original_29_19.png,C:\Users\arfan\OneDrive\Desktop\forgery\data\Cedar\full_org\original_29_3.png,1,29
C:\Users\arfan\OneDrive\Desktop\forgery\data\Cedar\full_org\original_16_1.png,C:\Users\arfan\OneDrive\Desktop\forgery\data\Cedar\full_org\original_16_23.png,1,16
C:\Users\arfan\OneDrive\Desktop\forgery\data\Cedar\full_org\original_41_16.png,C:\Users\arfan\OneDrive\Desktop\forgery\data\Cedar\full_forg\forgeries_41_24.png,0,41
C:\Users\arfan\OneDrive\Desktop\forgery\data\Cedar\full_org\original_10_22.png,C:\Users\arfan\OneDrive\Desktop\forgery\data\Cedar\full_forg\forgeries_10_19.png,0,10
C:\Users\arfan\OneDrive\Desktop\forgery\data\Cedar\full_org\original_2_2.png,C:\Users\arfan\OneDrive\Desktop\forgery\data\Cedar\full_forg\forgeries_2_15.png,0,2
C:\Users\arfan\OneDrive\Desktop\forgery\data\Cedar\full_org\original_12_21.png,C:\Users\arfan\OneDrive\Desktop\forgery\data\Cedar\full_org\original_12_6.png,1,12
C:\Users\arfan\OneDrive\Desktop\forgery\data\Cedar\full_org\original_8_16.png,C:\Users\arfan\OneDrive\Desktop\forgery\data\Cedar\full_org\original_8_4.png,1,8
C:\Users\arfan\OneDrive\Desktop\forgery\data\Cedar\full_org\original_35_6.png,C:\Users\arfan\OneDrive\Desktop\forgery\data\Cedar\full_forg\forgeries_35_15.png,0,35
C:\Users\arfan\OneDrive\Desktop\forgery\data\Cedar\full_org\original_7_12.png,C:\Users\arfan\OneDrive\Desktop\forgery\data\Cedar\full_forg\forgeries_7_7.png,0,7
C:\Users\arfan\OneDrive\Desktop\forgery\data\Cedar\full_org\original_40_3.png,C:\Users\arfan\OneDrive\Desktop\forgery\data\Cedar\full_org\original_40_6.png,1,40
C:\Users\arfan\OneDrive\Desktop\forgery\data\Cedar\full_org\original_41_14.png,C:\Users\arfan\OneDrive\Desktop\forgery\data\Cedar\full_forg\forgeries_41_22.png,0,41
C:\Users\arfan\OneDrive\Desktop\forgery\data\Cedar\full_org\original_53_10.png,C:\Users\arfan\OneDrive\Desktop\forgery\data\Cedar\full_org\original_53_19.png,1,53
C:\Users\arfan\OneDrive\Desktop\forgery\data\Cedar\full_org\original_8_2.png,C:\Users\arfan\OneDrive\Desktop\forgery\data\Cedar\full_forg\forgeries_8_24.png,0,8
C:\Users\arfan\OneDrive\Desktop\forgery\data\Cedar\full_org\original_24_23.png,C:\Users\arfan\OneDrive\Desktop\forgery\data\Cedar\full_org\original_24_6.png,1,24
C:\Users\arfan\OneDrive\Desktop\forgery\data\Cedar\full_org\original_1_1.png,C:\Users\arfan\OneDrive\Desktop\forgery\data\Cedar\full_org\original_1_2.png,1,1
C:\Users\arfan\OneDrive\Desktop\forgery\data\Cedar\full_org\original_10_10.png,C:\Users\arfan\OneDrive\Desktop\forgery\data\Cedar\full_forg\forgeries_10_7.png,0,10
C:\Users\arfan\OneDrive\Desktop\forgery\data\Cedar\full_org\original_43_24.png,C:\Users\arfan\OneDrive\Desktop\forgery\data\Cedar\full_forg\forgeries_43_17.png,0,43
C:\Users\arfan\OneDrive\Desktop\forgery\data\Cedar\full_org\original_9_15.png,C:\Users\arfan\OneDrive\Desktop\forgery\data\Cedar\full_forg\forgeries_9_7.png,0,9
C:\Users\arfan\OneDrive\Desktop\forgery\data\Cedar\full_org\original_37_11.png,C:\Users\arfan\OneDrive\Desktop\forgery\data\Cedar\full_forg\forgeries_37_18.png,0,37
C:\Users\arfan\OneDrive\Desktop\forgery\data\Cedar\full_org\original_16_16.png,C:\Users\arfan\OneDrive\Desktop\forgery\data\Cedar\full_org\original_16_2.png,1,16
C:\Users\arfan\OneDrive\Desktop\forgery\data\Cedar\full_org\original_36_1.png,C:\Users\arfan\OneDrive\Desktop\forgery\data\Cedar\full_forg\forgeries_36_12.png,0,36
C:\Users\arfan\OneDrive\Desktop\forgery\data\Cedar\full_org\original_24_19.png,C:\Users\arfan\OneDrive\Desktop\forgery\data\Cedar\full_org\original_24_9.png,1,24
C:\Users\arfan\OneDrive\Desktop\forgery\data\Cedar\full_org\original_37_2.png,C:\Users\arfan\OneDrive\Desktop\forgery\data\Cedar\full_forg\forgeries_37_7.png,0,37
C:\Users\arfan\OneDrive\Desktop\forgery\data\Cedar\full_org\original_40_13.png,C:\Users\arfan\OneDrive\Desktop\forgery\data\Cedar\full_org\original_40_20.png,1,40
C:\Users\arfan\OneDrive\Desktop\forgery\data\Cedar\full_org\original_39_15.png,C:\Users\arfan\OneDrive\Desktop\forgery\data\Cedar\full_forg\forgeries_39_7.png,0,39
C:\Users\arfan\OneDrive\Desktop\forgery\data\Cedar\full_org\original_26_4.png,C:\Users\arfan\OneDrive\Desktop\forgery\data\Cedar\full_forg\forgeries_26_18.png,0,26
C:\Users\arfan\OneDrive\Desktop\forgery\data\Cedar\full_org\original_30_17.png,C:\Users\arfan\OneDrive\Desktop\forgery\data\Cedar\full_forg\forgeries_30_6.png,0,30
C:\Users\arfan\OneDrive\Desktop\forgery\data\Cedar\full_org\original_29_17.png,C:\Users\arfan\OneDrive\Desktop\forgery\data\Cedar\full_org\original_29_22.png,1,29
C:\Users\arfan\OneDrive\Desktop\forgery\data\Cedar\full_org\original_17_11.png,C:\Users\arfan\OneDrive\Desktop\forgery\data\Cedar\full_forg\forgeries_17_24.png,0,17
C:\Users\arfan\OneDrive\Desktop\forgery\data\Cedar\full_org\original_30_17.png,C:\Users\arfan\OneDrive\Desktop\forgery\data\Cedar\full_org\original_30_4.png,1,30
C:\Users\arfan\OneDrive\Desktop\forgery\data\Cedar\full_org\original_51_17.png,C:\Users\arfan\OneDrive\Desktop\forgery\data\Cedar\full_forg\forgeries_51_14.png,0,51
C:\Users\arfan\OneDrive\Desktop\forgery\data\Cedar\full_org\original_41_17.png,C:\Users\arfan\OneDrive\Desktop\forgery\data\Cedar\full_forg\forgeries_41_11.png,0,41
C:\Users\arfan\OneDrive\Desktop\forgery\data\Cedar\full_org\original_48_11.png,C:\Users\arfan\OneDrive\Desktop\forgery\data\Cedar\full_org\original_48_6.png,1,48
C:\Users\arfan\OneDrive\Desktop\forgery\data\Cedar\full_org\original_51_22.png,C:\Users\arfan\OneDrive\Desktop\forgery\data\Cedar\full_forg\forgeries_51_14.png,0,51
C:\Users\arfan\OneDrive\Desktop\forgery\data\Cedar\full_org\original_37_17.png,C:\Users\arfan\OneDrive\Desktop\forgery\data\Cedar\full_org\original_37_9.png,1,37
C:\Users\arfan\OneDrive\Desktop\forgery\data\Cedar\full_org\original_3_18.png,C:\Users\arfan\OneDrive\Desktop\forgery\data\Cedar\full_forg\forgeries_3_5.png,0,3
C:\Users\arfan\OneDrive\Desktop\forgery\data\Cedar\full_org\original_12_3.png,C:\Users\arfan\OneDrive\Desktop\forgery\data\Cedar\full_forg\forgeries_12_19.png,0,12
C:\Users\arfan\OneDrive\Desktop\forgery\data\Cedar\full_org\original_49_15.png,C:\Users\arfan\OneDrive\Desktop\forgery\data\Cedar\full_forg\forgeries_49_11.png,0,49
C:\Users\arfan\OneDrive\Desktop\forgery\data\Cedar\full_org\original_26_14.png,C:\Users\arfan\OneDrive\Desktop\forgery\data\Cedar\full_org\original_26_22.png,1,26
C:\Users\arfan\OneDrive\Desktop\forgery\data\Cedar\full_org\original_43_17.png,C:\Users\arfan\OneDrive\Desktop\forgery\data\Cedar\full_org\original_43_21.png,1,43
C:\Users\arfan\OneDrive\Desktop\forgery\data\Cedar\full_org\original_43_15.png,C:\Users\arfan\OneDrive\Desktop\forgery\data\Cedar\full_org\original_43_16.png,1,43
C:\Users\arfan\OneDrive\Desktop\forgery\data\Cedar\full_org\original_36_1.png,C:\Users\arfan\OneDrive\Desktop\forgery\data\Cedar\full_org\original_36_6.png,1,36
C:\Users\arfan\OneDrive\Desktop\forgery\data\Cedar\full_org\original_37_13.png,C:\Users\arfan\OneDrive\Desktop\forgery\data\Cedar\full_forg\forgeries_37_10.png,0,37
C:\Users\arfan\OneDrive\Desktop\forgery\data\Cedar\full_org\original_3_10.png,C:\Users\arfan\OneDrive\Desktop\forgery\data\Cedar\full_org\original_3_12.png,1,3
C:\Users\arfan\OneDrive\Desktop\forgery\data\Cedar\full_org\original_45_24.png,C:\Users\arfan\OneDrive\Desktop\forgery\data\Cedar\full_org\original_45_4.png,1,45
C:\Users\arfan\OneDrive\Desktop\forgery\data\Cedar\full_org\original_45_16.png,C:\Users\arfan\OneDrive\Desktop\forgery\data\Cedar\full_forg\forgeries_45_24.png,0,45
C:\Users\arfan\OneDrive\Desktop\forgery\data\Cedar\full_org\original_47_16.png,C:\Users\arfan\OneDrive\Desktop\forgery\data\Cedar\full_forg\forgeries_47_5.png,0,47
C:\Users\arfan\OneDrive\Desktop\forgery\data\Cedar\full_org\original_36_15.png,C:\Users\arfan\OneDrive\Desktop\forgery\data\Cedar\full_org\original_36_23.png,1,36
C:\Users\arfan\OneDrive\Desktop\forgery\data\Cedar\full_org\original_52_10.png,C:\Users\arfan\OneDrive\Desktop\forgery\data\Cedar\full_forg\forgeries_52_15.png,0,52
C:\Users\arfan\OneDrive\Desktop\forgery\data\Cedar\full_org\original_35_24.png,C:\Users\arfan\OneDrive\Desktop\forgery\data\Cedar\full_org\original_35_6.png,1,35
C:\Users\arfan\OneDrive\Desktop\forgery\data\Cedar\full_org\original_30_11.png,C:\Users\arfan\OneDrive\Desktop\forgery\data\Cedar\full_org\original_30_23.png,1,30
C:\Users\arfan\OneDrive\Desktop\forgery\data\Cedar\full_org\original_2_17.png,C:\Users\arfan\OneDrive\Desktop\forgery\data\Cedar\full_forg\forgeries_2_17.png,0,2
C:\Users\arfan\OneDrive\Desktop\forgery\data\Cedar\full_org\original_23_11.png,C:\Users\arfan\OneDrive\Desktop\forgery\data\Cedar\full_org\original_23_19.png,1,23
C:\Users\arfan\OneDrive\Desktop\forgery\data\Cedar\full_org\original_18_15.png,C:\Users\arfan\OneDrive\Desktop\forgery\data\Cedar\full_forg\forgeries_18_16.png,0,18
C:\Users\arfan\OneDrive\Desktop\forgery\data\Cedar\full_org\original_11_12.png,C:\Users\arfan\OneDrive\Desktop\forgery\data\Cedar\full_forg\forgeries_11_24.png,0,11
C:\Users\arfan\OneDrive\Desktop\forgery\data\Cedar\full_org\original_23_15.png,C:\Users\arfan\OneDrive\Desktop\forgery\data\Cedar\full_org\original_23_8.png,1,23
C:\Users\arfan\OneDrive\Desktop\forgery\data\Cedar\full_org\original_21_17.png,C:\Users\arfan\OneDrive\Desktop\forgery\data\Cedar\full_forg\forgeries_21_11.png,0,21
C:\Users\arfan\OneDrive\Desktop\forgery\data\Cedar\full_org\original_16_8.png,C:\Users\arfan\OneDrive\Desktop\forgery\data\Cedar\full_org\original_16_9.png,1,16
C:\Users\arfan\OneDrive\Desktop\forgery\data\Cedar\full_org\original_3_17.png,C:\Users\arfan\OneDrive\Desktop\forgery\data\Cedar\full_org\original_3_19.png,1,3
C:\Users\arfan\OneDrive\Desktop\forgery\data\Cedar\full_org\original_54_16.png,C:\Users\arfan\OneDrive\Desktop\forgery\data\Cedar\full_org\original_54_3.png,1,54
C:\Users\arfan\OneDrive\Desktop\forgery\data\Cedar\full_org\original_46_18.png,C:\Users\arfan\OneDrive\Desktop\forgery\data\Cedar\full_org\original_46_6.png,1,46
C:\Users\arfan\OneDrive\Desktop\forgery\data\Cedar\full_org\original_46_20.png,C:\Users\arfan\OneDrive\Desktop\forgery\data\Cedar\full_org\original_46_9.png,1,46
C:\Users\arfan\OneDrive\Desktop\forgery\data\Cedar\full_org\original_26_6.png,C:\Users\arfan\OneDrive\Desktop\forgery\data\Cedar\full_forg\forgeries_26_14.png,0,26
C:\Users\arfan\OneDrive\Desktop\forgery\data\Cedar\full_org\original_11_1.png,C:\Users\arfan\OneDrive\Desktop\forgery\data\Cedar\full_forg\forgeries_11_12.png,0,11
C:\Users\arfan\OneDrive\Desktop\forgery\data\Cedar\full_org\original_35_19.png,C:\Users\arfan\OneDrive\Desktop\forgery\data\Cedar\full_forg\forgeries_35_17.png,0,35
C:\Users\arfan\OneDrive\Desktop\forgery\data\Cedar\full_org\original_48_19.png,C:\Users\arfan\OneDrive\Desktop\forgery\data\Cedar\full_forg\forgeries_48_1.png,0,48
C:\Users\arfan\OneDrive\Desktop\forgery\data\Cedar\full_org\original_7_11.png,C:\Users\arfan\OneDrive\Desktop\forgery\data\Cedar\full_org\original_7_14.png,1,7
C:\Users\arfan\OneDrive\Desktop\forgery\data\Cedar\full_org\original_18_4.png,C:\Users\arfan\OneDrive\Desktop\forgery\data\Cedar\full_forg\forgeries_18_12.png,0,18
C:\Users\arfan\OneDrive\Desktop\forgery\data\Cedar\full_org\original_10_19.png,C:\Users\arfan\OneDrive\Desktop\forgery\data\Cedar\full_forg\forgeries_10_18.png,0,10
C:\Users\arfan\OneDrive\Desktop\forgery\data\Cedar\full_org\original_49_23.png,C:\Users\arfan\OneDrive\Desktop\forgery\data\Cedar\full_org\original_49_24.png,1,49
C:\Users\arfan\OneDrive\Desktop\forgery\data\Cedar\full_org\original_29_13.png,C:\Users\arfan\OneDrive\Desktop\forgery\data\Cedar\full_forg\forgeries_29_7.png,0,29
C:\Users\arfan\OneDrive\Desktop\forgery\data\Cedar\full_org\original_55_23.png,C:\Users\arfan\OneDrive\Desktop\forgery\data\Cedar\full_forg\forgeries_55_17.png,0,55
C:\Users\arfan\OneDrive\Desktop\forgery\data\Cedar\full_org\original_47_11.png,C:\Users\arfan\OneDrive\Desktop\forgery\data\Cedar\full_org\original_47_19.png,1,47
C:\Users\arfan\OneDrive\Desktop\forgery\data\Cedar\full_org\original_38_12.png,C:\Users\arfan\OneDrive\Desktop\forgery\data\Cedar\full_org\original_38_16.png,1,38
C:\Users\arfan\OneDrive\Desktop\forgery\data\Cedar\full_org\original_4_23.png,C:\Users\arfan\OneDrive\Desktop\forgery\data\Cedar\full_org\original_4_5.png,1,4
C:\Users\arfan\OneDrive\Desktop\forgery\data\Cedar\full_org\original_30_12.png,C:\Users\arfan\OneDrive\Desktop\forgery\data\Cedar\full_org\original_30_3.png,1,30
C:\Users\arfan\OneDrive\Desktop\forgery\data\Cedar\full_org\original_16_24.png,C:\Users\arfan\OneDrive\Desktop\forgery\data\Cedar\full_forg\forgeries_16_1.png,0,16
C:\Users\arfan\OneDrive\Desktop\forgery\data\Cedar\full_org\original_36_23.png,C:\Users\arfan\OneDrive\Desktop\forgery\data\Cedar\full_forg\forgeries_36_23.png,0,36
C:\Users\arfan\OneDrive\Desktop\forgery\data\Cedar\full_org\original_23_12.png,C:\Users\arfan\OneDrive\Desktop\forgery\data\Cedar\full_org\original_23_5.png,1,23
C:\Users\arfan\OneDrive\Desktop\forgery\data\Cedar\full_org\original_29_13.png,C:\Users\arfan\OneDrive\Desktop\forgery\data\Cedar\full_forg\forgeries_29_14.png,0,29
C:\Users\arfan\OneDrive\Desktop\forgery\data\Cedar\full_org\original_31_3.png,C:\Users\arfan\OneDrive\Desktop\forgery\data\Cedar\full_org\original_31_8.png,1,31
C:\Users\arfan\OneDrive\Desktop\forgery\data\Cedar\full_org\original_55_4.png,C:\Users\arfan\OneDrive\Desktop\forgery\data\Cedar\full_forg\forgeries_55_2.png,0,55
C:\Users\arfan\OneDrive\Desktop\forgery\data\Cedar\full_org\original_30_21.png,C:\Users\arfan\OneDrive\Desktop\forgery\data\Cedar\full_org\original_30_9.png,1,30
C:\Users\arfan\OneDrive\Desktop\forgery\data\Cedar\full_org\original_22_18.png,C:\Users\arfan\OneDrive\Desktop\forgery\data\Cedar\full_org\original_22_19.png,1,22
C:\Users\arfan\OneDrive\Desktop\forgery\data\Cedar\full_org\original_40_10.png,C:\Users\arfan\OneDrive\Desktop\forgery\data\Cedar\full_org\original_40_18.png,1,40
C:\Users\arfan\OneDrive\Desktop\forgery\data\Cedar\full_org\original_34_24.png,C:\Users\arfan\OneDrive\Desktop\forgery\data\Cedar\full_forg\forgeries_34_9.png,0,34
C:\Users\arfan\OneDrive\Desktop\forgery\data\Cedar\full_org\original_48_11.png,C:\Users\arfan\OneDrive\Desktop\forgery\data\Cedar\full_forg\forgeries_48_23.png,0,48
C:\Users\arfan\OneDrive\Desktop\forgery\data\Cedar\full_org\original_28_15.png,C:\Users\arfan\OneDrive\Desktop\forgery\data\Cedar\full_org\original_28_17.png,1,28
C:\Users\arfan\OneDrive\Desktop\forgery\data\Cedar\full_org\original_12_16.png,C:\Users\arfan\OneDrive\Desktop\forgery\data\Cedar\full_forg\forgeries_12_14.png,0,12
C:\Users\arfan\OneDrive\Desktop\forgery\data\Cedar\full_org\original_22_12.png,C:\Users\arfan\OneDrive\Desktop\forgery\data\Cedar\full_org\original_22_22.png,1,22
C:\Users\arfan\OneDrive\Desktop\forgery\data\Cedar\full_org\original_7_16.png,C:\Users\arfan\OneDrive\Desktop\forgery\data\Cedar\full_forg\forgeries_7_18.png,0,7
C:\Users\arfan\OneDrive\Desktop\forgery\data\Cedar\full_org\original_38_1.png,C:\Users\arfan\OneDrive\Desktop\forgery\data\Cedar\full_org\original_38_9.png,1,38
C:\Users\arfan\OneDrive\Desktop\forgery\data\Cedar\full_org\original_28_17.png,C:\Users\arfan\OneDrive\Desktop\forgery\data\Cedar\full_org\original_28_24.png,1,28
C:\Users\arfan\OneDrive\Desktop\forgery\data\Cedar\full_org\original_8_22.png,C:\Users\arfan\OneDrive\Desktop\forgery\data\Cedar\full_org\original_8_8.png,1,8
C:\Users\arfan\OneDrive\Desktop\forgery\data\Cedar\full_org\original_12_10.png,C:\Users\arfan\OneDrive\Desktop\forgery\data\Cedar\full_org\original_12_24.png,1,12
C:\Users\arfan\OneDrive\Desktop\forgery\data\Cedar\full_org\original_35_16.png,C:\Users\arfan\OneDrive\Desktop\forgery\data\Cedar\full_org\original_35_7.png,1,35
C:\Users\arfan\OneDrive\Desktop\forgery\data\Cedar\full_org\original_53_14.png,C:\Users\arfan\OneDrive\Desktop\forgery\data\Cedar\full_org\original_53_21.png,1,53
C:\Users\arfan\OneDrive\Desktop\forgery\data\Cedar\full_org\original_8_19.png,C:\Users\arfan\OneDrive\Desktop\forgery\data\Cedar\full_org\original_8_8.png,1,8
C:\Users\arfan\OneDrive\Desktop\forgery\data\Cedar\full_org\original_30_10.png,C:\Users\arfan\OneDrive\Desktop\forgery\data\Cedar\full_forg\forgeries_30_22.png,0,30
C:\Users\arfan\OneDrive\Desktop\forgery\data\Cedar\full_org\original_24_1.png,C:\Users\arfan\OneDrive\Desktop\forgery\data\Cedar\full_org\original_24_13.png,1,24
C:\Users\arfan\OneDrive\Desktop\forgery\data\Cedar\full_org\original_10_23.png,C:\Users\arfan\OneDrive\Desktop\forgery\data\Cedar\full_org\original_10_5.png,1,10
C:\Users\arfan\OneDrive\Desktop\forgery\data\Cedar\full_org\original_21_17.png,C:\Users\arfan\OneDrive\Desktop\forgery\data\Cedar\full_forg\forgeries_21_20.png,0,21
C:\Users\arfan\OneDrive\Desktop\forgery\data\Cedar\full_org\original_19_22.png,C:\Users\arfan\OneDrive\Desktop\forgery\data\Cedar\full_org\original_19_7.png,1,19
C:\Users\arfan\OneDrive\Desktop\forgery\data\Cedar\full_org\original_3_9.png,C:\Users\arfan\OneDrive\Desktop\forgery\data\Cedar\full_forg\forgeries_3_6.png,0,3
C:\Users\arfan\OneDrive\Desktop\forgery\data\Cedar\full_org\original_43_14.png,C:\Users\arfan\OneDrive\Desktop\forgery\data\Cedar\full_forg\forgeries_43_11.png,0,43
C:\Users\arfan\OneDrive\Desktop\forgery\data\Cedar\full_org\original_2_2.png,C:\Users\arfan\OneDrive\Desktop\forgery\data\Cedar\full_org\original_2_20.png,1,2
C:\Users\arfan\OneDrive\Desktop\forgery\data\Cedar\full_org\original_51_14.png,C:\Users\arfan\OneDrive\Desktop\forgery\data\Cedar\full_forg\forgeries_51_21.png,0,51
C:\Users\arfan\OneDrive\Desktop\forgery\data\Cedar\full_org\original_7_12.png,C:\Users\arfan\OneDrive\Desktop\forgery\data\Cedar\full_org\original_7_22.png,1,7
C:\Users\arfan\OneDrive\Desktop\forgery\data\Cedar\full_org\original_2_6.png,C:\Users\arfan\OneDrive\Desktop\forgery\data\Cedar\full_org\original_2_8.png,1,2
C:\Users\arfan\OneDrive\Desktop\forgery\data\Cedar\full_org\original_35_16.png,C:\Users\arfan\OneDrive\Desktop\forgery\data\Cedar\full_org\original_35_3.png,1,35
C:\Users\arfan\OneDrive\Desktop\forgery\data\Cedar\full_org\original_15_1.png,C:\Users\arfan\OneDrive\Desktop\forgery\data\Cedar\full_forg\forgeries_15_16.png,0,15
C:\Users\arfan\OneDrive\Desktop\forgery\data\Cedar\full_org\original_36_1.png,C:\Users\arfan\OneDrive\Desktop\forgery\data\Cedar\full_org\original_36_11.png,1,36
C:\Users\arfan\OneDrive\Desktop\forgery\data\Cedar\full_org\original_4_11.png,C:\Users\arfan\OneDrive\Desktop\forgery\data\Cedar\full_forg\forgeries_4_23.png,0,4
C:\Users\arfan\OneDrive\Desktop\forgery\data\Cedar\full_org\original_18_15.png,C:\Users\arfan\OneDrive\Desktop\forgery\data\Cedar\full_org\original_18_2.png,1,18
C:\Users\arfan\OneDrive\Desktop\forgery\data\Cedar\full_org\original_1_23.png,C:\Users\arfan\OneDrive\Desktop\forgery\data\Cedar\full_org\original_1_9.png,1,1
C:\Users\arfan\OneDrive\Desktop\forgery\data\Cedar\full_org\original_7_2.png,C:\Users\arfan\OneDrive\Desktop\forgery\data\Cedar\full_org\original_7_21.png,1,7
C:\Users\arfan\OneDrive\Desktop\forgery\data\Cedar\full_org\original_39_9.png,C:\Users\arfan\OneDrive\Desktop\forgery\data\Cedar\full_forg\forgeries_39_10.png,0,39
C:\Users\arfan\OneDrive\Desktop\forgery\data\Cedar\full_org\original_24_14.png,C:\Users\arfan\OneDrive\Desktop\forgery\data\Cedar\full_forg\forgeries_24_10.png,0,24
C:\Users\arfan\OneDrive\Desktop\forgery\data\Cedar\full_org\original_39_17.png,C:\Users\arfan\OneDrive\Desktop\forgery\data\Cedar\full_org\original_39_22.png,1,39
C:\Users\arfan\OneDrive\Desktop\forgery\data\Cedar\full_org\original_31_18.png,C:\Users\arfan\OneDrive\Desktop\forgery\data\Cedar\full_org\original_31_19.png,1,31
C:\Users\arfan\OneDrive\Desktop\forgery\data\Cedar\full_org\original_54_11.png,C:\Users\arfan\OneDrive\Desktop\forgery\data\Cedar\full_org\original_54_20.png,1,54
C:\Users\arfan\OneDrive\Desktop\forgery\data\Cedar\full_org\original_31_16.png,C:\Users\arfan\OneDrive\Desktop\forgery\data\Cedar\full_org\original_31_17.png,1,31
C:\Users\arfan\OneDrive\Desktop\forgery\data\Cedar\full_org\original_46_18.png,C:\Users\arfan\OneDrive\Desktop\forgery\data\Cedar\full_org\original_46_23.png,1,46
C:\Users\arfan\OneDrive\Desktop\forgery\data\Cedar\full_org\original_45_22.png,C:\Users\arfan\OneDrive\Desktop\forgery\data\Cedar\full_org\original_45_7.png,1,45
C:\Users\arfan\OneDrive\Desktop\forgery\data\Cedar\full_org\original_52_14.png,C:\Users\arfan\OneDrive\Desktop\forgery\data\Cedar\full_forg\forgeries_52_19.png,0,52
C:\Users\arfan\OneDrive\Desktop\forgery\data\Cedar\full_org\original_9_10.png,C:\Users\arfan\OneDrive\Desktop\forgery\data\Cedar\full_forg\forgeries_9_18.png,0,9
C:\Users\arfan\OneDrive\Desktop\forgery\data\Cedar\full_org\original_25_15.png,C:\Users\arfan\OneDrive\Desktop\forgery\data\Cedar\full_org\original_25_22.png,1,25
C:\Users\arfan\OneDrive\Desktop\forgery\data\Cedar\full_org\original_10_9.png,C:\Users\arfan\OneDrive\Desktop\forgery\data\Cedar\full_forg\forgeries_10_6.png,0,10
C:\Users\arfan\OneDrive\Desktop\forgery\data\Cedar\full_org\original_1_17.png,C:\Users\arfan\OneDrive\Desktop\forgery\data\Cedar\full_forg\forgeries_1_15.png,0,1
C:\Users\arfan\OneDrive\Desktop\forgery\data\Cedar\full_org\original_46_12.png,C:\Users\arfan\OneDrive\Desktop\forgery\data\Cedar\full_forg\forgeries_46_11.png,0,46
C:\Users\arfan\OneDrive\Desktop\forgery\data\Cedar\full_org\original_52_11.png,C:\Users\arfan\OneDrive\Desktop\forgery\data\Cedar\full_forg\forgeries_52_2.png,0,52
C:\Users\arfan\OneDrive\Desktop\forgery\data\Cedar\full_org\original_1_23.png,C:\Users\arfan\OneDrive\Desktop\forgery\data\Cedar\full_forg\forgeries_1_22.png,0,1
C:\Users\arfan\OneDrive\Desktop\forgery\data\Cedar\full_org\original_22_2.png,C:\Users\arfan\OneDrive\Desktop\forgery\data\Cedar\full_forg\forgeries_22_5.png,0,22
C:\Users\arfan\OneDrive\Desktop\forgery\data\Cedar\full_org\original_23_8.png,C:\Users\arfan\OneDrive\Desktop\forgery\data\Cedar\full_forg\forgeries_23_10.png,0,23
C:\Users\arfan\OneDrive\Desktop\forgery\data\Cedar\full_org\original_17_12.png,C:\Users\arfan\OneDrive\Desktop\forgery\data\Cedar\full_org\original_17_24.png,1,17
C:\Users\arfan\OneDrive\Desktop\forgery\data\Cedar\full_org\original_36_23.png,C:\Users\arfan\OneDrive\Desktop\forgery\data\Cedar\full_forg\forgeries_36_12.png,0,36
C:\Users\arfan\OneDrive\Desktop\forgery\data\Cedar\full_org\original_45_12.png,C:\Users\arfan\OneDrive\Desktop\forgery\data\Cedar\full_forg\forgeries_45_4.png,0,45
C:\Users\arfan\OneDrive\Desktop\forgery\data\Cedar\full_org\original_53_10.png,C:\Users\arfan\OneDrive\Desktop\forgery\data\Cedar\full_forg\forgeries_53_13.png,0,53
C:\Users\arfan\OneDrive\Desktop\forgery\data\Cedar\full_org\original_39_11.png,C:\Users\arfan\OneDrive\Desktop\forgery\data\Cedar\full_org\original_39_19.png,1,39
C:\Users\arfan\OneDrive\Desktop\forgery\data\Cedar\full_org\original_8_15.png,C:\Users\arfan\OneDrive\Desktop\forgery\data\Cedar\full_forg\forgeries_8_2.png,0,8
C:\Users\arfan\OneDrive\Desktop\forgery\data\Cedar\full_org\original_12_15.png,C:\Users\arfan\OneDrive\Desktop\forgery\data\Cedar\full_org\original_12_23.png,1,12
C:\Users\arfan\OneDrive\Desktop\forgery\data\Cedar\full_org\original_39_1.png,C:\Users\arfan\OneDrive\Desktop\forgery\data\Cedar\full_org\original_39_13.png,1,39
C:\Users\arfan\OneDrive\Desktop\forgery\data\Cedar\full_org\original_3_2.png,C:\Users\arfan\OneDrive\Desktop\forgery\data\Cedar\full_forg\forgeries_3_9.png,0,3
C:\Users\arfan\OneDrive\Desktop\forgery\data\Cedar\full_org\original_40_12.png,C:\Users\arfan\OneDrive\Desktop\forgery\data\Cedar\full_org\original_40_23.png,1,40
C:\Users\arfan\OneDrive\Desktop\forgery\data\Cedar\full_org\original_55_24.png,C:\Users\arfan\OneDrive\Desktop\forgery\data\Cedar\full_forg\forgeries_55_23.png,0,55
C:\Users\arfan\OneDrive\Desktop\forgery\data\Cedar\full_org\original_2_23.png,C:\Users\arfan\OneDrive\Desktop\forgery\data\Cedar\full_org\original_2_8.png,1,2
C:\Users\arfan\OneDrive\Desktop\forgery\data\Cedar\full_org\original_55_24.png,C:\Users\arfan\OneDrive\Desktop\forgery\data\Cedar\full_org\original_55_9.png,1,55
C:\Users\arfan\OneDrive\Desktop\forgery\data\Cedar\full_org\original_38_16.png,C:\Users\arfan\OneDrive\Desktop\forgery\data\Cedar\full_forg\forgeries_38_19.png,0,38
C:\Users\arfan\OneDrive\Desktop\forgery\data\Cedar\full_org\original_15_4.png,C:\Users\arfan\OneDrive\Desktop\forgery\data\Cedar\full_forg\forgeries_15_14.png,0,15
C:\Users\arfan\OneDrive\Desktop\forgery\data\Cedar\full_org\original_40_11.png,C:\Users\arfan\OneDrive\Desktop\forgery\data\Cedar\full_org\original_40_7.png,1,40
C:\Users\arfan\OneDrive\Desktop\forgery\data\Cedar\full_org\original_53_16.png,C:\Users\arfan\OneDrive\Desktop\forgery\data\Cedar\full_forg\forgeries_53_6.png,0,53
C:\Users\arfan\OneDrive\Desktop\forgery\data\Cedar\full_org\original_9_16.png,C:\Users\arfan\OneDrive\Desktop\forgery\data\Cedar\full_forg\forgeries_9_13.png,0,9
C:\Users\arfan\OneDrive\Desktop\forgery\data\Cedar\full_org\original_31_7.png,C:\Users\arfan\OneDrive\Desktop\forgery\data\Cedar\full_forg\forgeries_31_5.png,0,31
C:\Users\arfan\OneDrive\Desktop\forgery\data\Cedar\full_org\original_26_21.png,C:\Users\arfan\OneDrive\Desktop\forgery\data\Cedar\full_forg\forgeries_26_11.png,0,26
C:\Users\arfan\OneDrive\Desktop\forgery\data\Cedar\full_org\original_2_24.png,C:\Users\arfan\OneDrive\Desktop\forgery\data\Cedar\full_forg\forgeries_2_10.png,0,2
C:\Users\arfan\OneDrive\Desktop\forgery\data\Cedar\full_org\original_45_17.png,C:\Users\arfan\OneDrive\Desktop\forgery\data\Cedar\full_org\original_45_2.png,1,45
C:\Users\arfan\OneDrive\Desktop\forgery\data\Cedar\full_org\original_47_13.png,C:\Users\arfan\OneDrive\Desktop\forgery\data\Cedar\full_org\original_47_17.png,1,47
C:\Users\arfan\OneDrive\Desktop\forgery\data\Cedar\full_org\original_52_18.png,C:\Users\arfan\OneDrive\Desktop\forgery\data\Cedar\full_forg\forgeries_52_11.png,0,52
C:\Users\arfan\OneDrive\Desktop\forgery\data\Cedar\full_org\original_46_14.png,C:\Users\arfan\OneDrive\Desktop\forgery\data\Cedar\full_forg\forgeries_46_12.png,0,46
C:\Users\arfan\OneDrive\Desktop\forgery\data\Cedar\full_org\original_24_22.png,C:\Users\arfan\OneDrive\Desktop\forgery\data\Cedar\full_org\original_24_4.png,1,24
C:\Users\arfan\OneDrive\Desktop\forgery\data\Cedar\full_org\original_25_13.png,C:\Users\arfan\OneDrive\Desktop\forgery\data\Cedar\full_forg\forgeries_25_9.png,0,25
C:\Users\arfan\OneDrive\Desktop\forgery\data\Cedar\full_org\original_41_4.png,C:\Users\arfan\OneDrive\Desktop\forgery\data\Cedar\full_forg\forgeries_41_3.png,0,41
C:\Users\arfan\OneDrive\Desktop\forgery\data\Cedar\full_org\original_40_12.png,C:\Users\arfan\OneDrive\Desktop\forgery\data\Cedar\full_forg\forgeries_40_12.png,0,40
C:\Users\arfan\OneDrive\Desktop\forgery\data\Cedar\full_org\original_34_17.png,C:\Users\arfan\OneDrive\Desktop\forgery\data\Cedar\full_org\original_34_4.png,1,34
C:\Users\arfan\OneDrive\Desktop\forgery\data\Cedar\full_org\original_24_16.png,C:\Users\arfan\OneDrive\Desktop\forgery\data\Cedar\full_forg\forgeries_24_10.png,0,24
C:\Users\arfan\OneDrive\Desktop\forgery\data\Cedar\full_org\original_28_10.png,C:\Users\arfan\OneDrive\Desktop\forgery\data\Cedar\full_forg\forgeries_28_8.png,0,28
C:\Users\arfan\OneDrive\Desktop\forgery\data\Cedar\full_org\original_48_13.png,C:\Users\arfan\OneDrive\Desktop\forgery\data\Cedar\full_org\original_48_8.png,1,48
C:\Users\arfan\OneDrive\Desktop\forgery\data\Cedar\full_org\original_55_24.png,C:\Users\arfan\OneDrive\Desktop\forgery\data\Cedar\full_org\original_55_5.png,1,55
C:\Users\arfan\OneDrive\Desktop\forgery\data\Cedar\full_org\original_41_3.png,C:\Users\arfan\OneDrive\Desktop\forgery\data\Cedar\full_forg\forgeries_41_23.png,0,41
C:\Users\arfan\OneDrive\Desktop\forgery\data\Cedar\full_org\original_31_14.png,C:\Users\arfan\OneDrive\Desktop\forgery\data\Cedar\full_forg\forgeries_31_21.png,0,31
C:\Users\arfan\OneDrive\Desktop\forgery\data\Cedar\full_org\original_12_9.png,C:\Users\arfan\OneDrive\Desktop\forgery\data\Cedar\full_forg\forgeries_12_10.png,0,12
C:\Users\arfan\OneDrive\Desktop\forgery\data\Cedar\full_org\original_30_12.png,C:\Users\arfan\OneDrive\Desktop\forgery\data\Cedar\full_forg\forgeries_30_6.png,0,30
C:\Users\arfan\OneDrive\Desktop\forgery\data\Cedar\full_org\original_40_10.png,C:\Users\arfan\OneDrive\Desktop\forgery\data\Cedar\full_org\original_40_4.png,1,40
C:\Users\arfan\OneDrive\Desktop\forgery\data\Cedar\full_org\original_34_8.png,C:\Users\arfan\OneDrive\Desktop\forgery\data\Cedar\full_forg\forgeries_34_9.png,0,34
C:\Users\arfan\OneDrive\Desktop\forgery\data\Cedar\full_org\original_12_17.png,C:\Users\arfan\OneDrive\Desktop\forgery\data\Cedar\full_forg\forgeries_12_19.png,0,12
C:\Users\arfan\OneDrive\Desktop\forgery\data\Cedar\full_org\original_29_12.png,C:\Users\arfan\OneDrive\Desktop\forgery\data\Cedar\full_org\original_29_7.png,1,29
C:\Users\arfan\OneDrive\Desktop\forgery\data\Cedar\full_org\original_7_22.png,C:\Users\arfan\OneDrive\Desktop\forgery\data\Cedar\full_forg\forgeries_7_18.png,0,7
C:\Users\arfan\OneDrive\Desktop\forgery\data\Cedar\full_org\original_28_15.png,C:\Users\arfan\OneDrive\Desktop\forgery\data\Cedar\full_forg\forgeries_28_11.png,0,28
C:\Users\arfan\OneDrive\Desktop\forgery\data\Cedar\full_org\original_21_11.png,C:\Users\arfan\OneDrive\Desktop\forgery\data\Cedar\full_org\original_21_23.png,1,21
C:\Users\arfan\OneDrive\Desktop\forgery\data\Cedar\full_org\original_18_22.png,C:\Users\arfan\OneDrive\Desktop\forgery\data\Cedar\full_forg\forgeries_18_14.png,0,18
C:\Users\arfan\OneDrive\Desktop\forgery\data\Cedar\full_org\original_29_21.png,C:\Users\arfan\OneDrive\Desktop\forgery\data\Cedar\full_org\original_29_4.png,1,29
C:\Users\arfan\OneDrive\Desktop\forgery\data\Cedar\full_org\original_37_13.png,C:\Users\arfan\OneDrive\Desktop\forgery\data\Cedar\full_org\original_37_3.png,1,37
C:\Users\arfan\OneDrive\Desktop\forgery\data\Cedar\full_org\original_34_14.png,C:\Users\arfan\OneDrive\Desktop\forgery\data\Cedar\full_forg\forgeries_34_12.png,0,34
C:\Users\arfan\OneDrive\Desktop\forgery\data\Cedar\full_org\original_35_15.png,C:\Users\arfan\OneDrive\Desktop\forgery\data\Cedar\full_forg\forgeries_35_21.png,0,35
C:\Users\arfan\OneDrive\Desktop\forgery\data\Cedar\full_org\original_11_15.png,C:\Users\arfan\OneDrive\Desktop\forgery\data\Cedar\full_org\original_11_16.png,1,11
C:\Users\arfan\OneDrive\Desktop\forgery\data\Cedar\full_org\original_53_18.png,C:\Users\arfan\OneDrive\Desktop\forgery\data\Cedar\full_forg\forgeries_53_12.png,0,53
C:\Users\arfan\OneDrive\Desktop\forgery\data\Cedar\full_org\original_38_1.png,C:\Users\arfan\OneDrive\Desktop\forgery\data\Cedar\full_forg\forgeries_38_15.png,0,38
C:\Users\arfan\OneDrive\Desktop\forgery\data\Cedar\full_org\original_35_15.png,C:\Users\arfan\OneDrive\Desktop\forgery\data\Cedar\full_forg\forgeries_35_15.png,0,35
C:\Users\arfan\OneDrive\Desktop\forgery\data\Cedar\full_org\original_31_16.png,C:\Users\arfan\OneDrive\Desktop\forgery\data\Cedar\full_org\original_31_4.png,1,31
C:\Users\arfan\OneDrive\Desktop\forgery\data\Cedar\full_org\original_45_13.png,C:\Users\arfan\OneDrive\Desktop\forgery\data\Cedar\full_org\original_45_16.png,1,45
C:\Users\arfan\OneDrive\Desktop\forgery\data\Cedar\full_org\original_9_23.png,C:\Users\arfan\OneDrive\Desktop\forgery\data\Cedar\full_forg\forgeries_9_22.png,0,9
C:\Users\arfan\OneDrive\Desktop\forgery\data\Cedar\full_org\original_10_19.png,C:\Users\arfan\OneDrive\Desktop\forgery\data\Cedar\full_org\original_10_3.png,1,10
C:\Users\arfan\OneDrive\Desktop\forgery\data\Cedar\full_org\original_39_13.png,C:\Users\arfan\OneDrive\Desktop\forgery\data\Cedar\full_org\original_39_6.png,1,39
C:\Users\arfan\OneDrive\Desktop\forgery\data\Cedar\full_org\original_53_7.png,C:\Users\arfan\OneDrive\Desktop\forgery\data\Cedar\full_forg\forgeries_53_12.png,0,53
C:\Users\arfan\OneDrive\Desktop\forgery\data\Cedar\full_org\original_18_13.png,C:\Users\arfan\OneDrive\Desktop\forgery\data\Cedar\full_forg\forgeries_18_19.png,0,18
C:\Users\arfan\OneDrive\Desktop\forgery\data\Cedar\full_org\original_4_10.png,C:\Users\arfan\OneDrive\Desktop\forgery\data\Cedar\full_org\original_4_17.png,1,4
C:\Users\arfan\OneDrive\Desktop\forgery\data\Cedar\full_org\original_5_21.png,C:\Users\arfan\OneDrive\Desktop\forgery\data\Cedar\full_org\original_5_6.png,1,5
C:\Users\arfan\OneDrive\Desktop\forgery\data\Cedar\full_org\original_23_6.png,C:\Users\arfan\OneDrive\Desktop\forgery\data\Cedar\full_org\original_23_8.png,1,23
C:\Users\arfan\OneDrive\Desktop\forgery\data\Cedar\full_org\original_39_17.png,C:\Users\arfan\OneDrive\Desktop\forgery\data\Cedar\full_org\original_39_9.png,1,39
C:\Users\arfan\OneDrive\Desktop\forgery\data\Cedar\full_org\original_3_7.png,C:\Users\arfan\OneDrive\Desktop\forgery\data\Cedar\full_forg\forgeries_3_21.png,0,3
C:\Users\arfan\OneDrive\Desktop\forgery\data\Cedar\full_org\original_34_4.png,C:\Users\arfan\OneDrive\Desktop\forgery\data\Cedar\full_forg\forgeries_34_2.png,0,34
C:\Users\arfan\OneDrive\Desktop\forgery\data\Cedar\full_org\original_55_19.png,C:\Users\arfan\OneDrive\Desktop\forgery\data\Cedar\full_org\original_55_8.png,1,55
C:\Users\arfan\OneDrive\Desktop\forgery\data\Cedar\full_org\original_19_20.png,C:\Users\arfan\OneDrive\Desktop\forgery\data\Cedar\full_forg\forgeries_19_4.png,0,19
C:\Users\arfan\OneDrive\Desktop\forgery\data\Cedar\full_org\original_4_12.png,C:\Users\arfan\OneDrive\Desktop\forgery\data\Cedar\full_org\original_4_20.png,1,4
C:\Users\arfan\OneDrive\Desktop\forgery\data\Cedar\full_org\original_19_13.png,C:\Users\arfan\OneDrive\Desktop\forgery\data\Cedar\full_forg\forgeries_19_24.png,0,19
C:\Users\arfan\OneDrive\Desktop\forgery\data\Cedar\full_org\original_15_2.png,C:\Users\arfan\OneDrive\Desktop\forgery\data\Cedar\full_forg\forgeries_15_9.png,0,15
C:\Users\arfan\OneDrive\Desktop\forgery\data\Cedar\full_org\original_41_15.png,C:\Users\arfan\OneDrive\Desktop\forgery\data\Cedar\full_forg\forgeries_41_18.png,0,41
C:\Users\arfan\OneDrive\Desktop\forgery\data\Cedar\full_org\original_45_15.png,C:\Users\arfan\OneDrive\Desktop\forgery\data\Cedar\full_org\original_45_18.png,1,45
C:\Users\arfan\OneDrive\Desktop\forgery\data\Cedar\full_org\original_26_13.png,C:\Users\arfan\OneDrive\Desktop\forgery\data\Cedar\full_org\original_26_19.png,1,26
C:\Users\arfan\OneDrive\Desktop\forgery\data\Cedar\full_org\original_11_10.png,C:\Users\arfan\OneDrive\Desktop\forgery\data\Cedar\full_org\original_11_20.png,1,11
C:\Users\arfan\OneDrive\Desktop\forgery\data\Cedar\full_org\original_55_18.png,C:\Users\arfan\OneDrive\Desktop\forgery\data\Cedar\full_org\original_55_19.png,1,55
C:\Users\arfan\OneDrive\Desktop\forgery\data\Cedar\full_org\original_30_19.png,C:\Users\arfan\OneDrive\Desktop\forgery\data\Cedar\full_org\original_30_20.png,1,30
C:\Users\arfan\OneDrive\Desktop\forgery\data\Cedar\full_org\original_34_18.png,C:\Users\arfan\OneDrive\Desktop\forgery\data\Cedar\full_forg\forgeries_34_12.png,0,34
C:\Users\arfan\OneDrive\Desktop\forgery\data\Cedar\full_org\original_40_17.png,C:\Users\arfan\OneDrive\Desktop\forgery\data\Cedar\full_forg\forgeries_40_21.png,0,40
C:\Users\arfan\OneDrive\Desktop\forgery\data\Cedar\full_org\original_43_6.png,C:\Users\arfan\OneDrive\Desktop\forgery\data\Cedar\full_org\original_43_8.png,1,43
C:\Users\arfan\OneDrive\Desktop\forgery\data\Cedar\full_org\original_23_19.png,C:\Users\arfan\OneDrive\Desktop\forgery\data\Cedar\full_forg\forgeries_23_1.png,0,23
C:\Users\arfan\OneDrive\Desktop\forgery\data\Cedar\full_org\original_38_17.png,C:\Users\arfan\OneDrive\Desktop\forgery\data\Cedar\full_org\original_38_20.png,1,38
C:\Users\arfan\OneDrive\Desktop\forgery\data\Cedar\full_org\original_29_1.png,C:\Users\arfan\OneDrive\Desktop\forgery\data\Cedar\full_org\original_29_24.png,1,29
C:\Users\arfan\OneDrive\Desktop\forgery\data\Cedar\full_org\original_21_6.png,C:\Users\arfan\OneDrive\Desktop\forgery\data\Cedar\full_forg\forgeries_21_23.png,0,21
C:\Users\arfan\OneDrive\Desktop\forgery\data\Cedar\full_org\original_24_15.png,C:\Users\arfan\OneDrive\Desktop\forgery\data\Cedar\full_forg\forgeries_24_20.png,0,24
C:\Users\arfan\OneDrive\Desktop\forgery\data\Cedar\full_org\original_1_15.png,C:\Users\arfan\OneDrive\Desktop\forgery\data\Cedar\full_org\original_1_7.png,1,1
C:\Users\arfan\OneDrive\Desktop\forgery\data\Cedar\full_org\original_10_15.png,C:\Users\arfan\OneDrive\Desktop\forgery\data\Cedar\full_org\original_10_24.png,1,10
C:\Users\arfan\OneDrive\Desktop\forgery\data\Cedar\full_org\original_2_1.png,C:\Users\arfan\OneDrive\Desktop\forgery\data\Cedar\full_org\original_2_2.png,1,2
C:\Users\arfan\OneDrive\Desktop\forgery\data\Cedar\full_org\original_10_10.png,C:\Users\arfan\OneDrive\Desktop\forgery\data\Cedar\full_forg\forgeries_10_20.png,0,10
C:\Users\arfan\OneDrive\Desktop\forgery\data\Cedar\full_org\original_36_12.png,C:\Users\arfan\OneDrive\Desktop\forgery\data\Cedar\full_forg\forgeries_36_6.png,0,36
C:\Users\arfan\OneDrive\Desktop\forgery\data\Cedar\full_org\original_34_20.png,C:\Users\arfan\OneDrive\Desktop\forgery\data\Cedar\full_forg\forgeries_34_3.png,0,34
C:\Users\arfan\OneDrive\Desktop\forgery\data\Cedar\full_org\original_55_12.png,C:\Users\arfan\OneDrive\Desktop\forgery\data\Cedar\full_org\original_55_2.png,1,55
C:\Users\arfan\OneDrive\Desktop\forgery\data\Cedar\full_org\original_22_14.png,C:\Users\arfan\OneDrive\Desktop\forgery\data\Cedar\full_org\original_22_23.png,1,22
C:\Users\arfan\OneDrive\Desktop\forgery\data\Cedar\full_org\original_37_21.png,C:\Users\arfan\OneDrive\Desktop\forgery\data\Cedar\full_org\original_37_9.png,1,37
C:\Users\arfan\OneDrive\Desktop\forgery\data\Cedar\full_org\original_25_14.png,C:\Users\arfan\OneDrive\Desktop\forgery\data\Cedar\full_org\original_25_16.png,1,25
C:\Users\arfan\OneDrive\Desktop\forgery\data\Cedar\full_org\original_30_18.png,C:\Users\arfan\OneDrive\Desktop\forgery\data\Cedar\full_forg\forgeries_30_9.png,0,30
C:\Users\arfan\OneDrive\Desktop\forgery\data\Cedar\full_org\original_3_18.png,C:\Users\arfan\OneDrive\Desktop\forgery\data\Cedar\full_forg\forgeries_3_9.png,0,3
C:\Users\arfan\OneDrive\Desktop\forgery\data\Cedar\full_org\original_43_3.png,C:\Users\arfan\OneDrive\Desktop\forgery\data\Cedar\full_forg\forgeries_43_23.png,0,43
C:\Users\arfan\OneDrive\Desktop\forgery\data\Cedar\full_org\original_18_18.png,C:\Users\arfan\OneDrive\Desktop\forgery\data\Cedar\full_org\original_18_7.png,1,18
C:\Users\arfan\OneDrive\Desktop\forgery\data\Cedar\full_org\original_41_12.png,C:\Users\arfan\OneDrive\Desktop\forgery\data\Cedar\full_org\original_41_7.png,1,41
C:\Users\arfan\OneDrive\Desktop\forgery\data\Cedar\full_org\original_31_4.png,C:\Users\arfan\OneDrive\Desktop\forgery\data\Cedar\full_forg\forgeries_31_11.png,0,31
C:\Users\arfan\OneDrive\Desktop\forgery\data\Cedar\full_org\original_24_1.png,C:\Users\arfan\OneDrive\Desktop\forgery\data\Cedar\full_org\original_24_24.png,1,24
C:\Users\arfan\OneDrive\Desktop\forgery\data\Cedar\full_org\original_15_3.png,C:\Users\arfan\OneDrive\Desktop\forgery\data\Cedar\full_forg\forgeries_15_11.png,0,15
C:\Users\arfan\OneDrive\Desktop\forgery\data\Cedar\full_org\original_38_19.png,C:\Users\arfan\OneDrive\Desktop\forgery\data\Cedar\full_org\original_38_7.png,1,38
C:\Users\arfan\OneDrive\Desktop\forgery\data\Cedar\full_org\original_35_1.png,C:\Users\arfan\OneDrive\Desktop\forgery\data\Cedar\full_org\original_35_8.png,1,35
C:\Users\arfan\OneDrive\Desktop\forgery\data\Cedar\full_org\original_47_12.png,C:\Users\arfan\OneDrive\Desktop\forgery\data\Cedar\full_forg\forgeries_47_8.png,0,47
C:\Users\arfan\OneDrive\Desktop\forgery\data\Cedar\full_org\original_28_20.png,C:\Users\arfan\OneDrive\Desktop\forgery\data\Cedar\full_forg\forgeries_28_14.png,0,28
C:\Users\arfan\OneDrive\Desktop\forgery\data\Cedar\full_org\original_2_11.png,C:\Users\arfan\OneDrive\Desktop\forgery\data\Cedar\full_org\original_2_24.png,1,2
C:\Users\arfan\OneDrive\Desktop\forgery\data\Cedar\full_org\original_4_11.png,C:\Users\arfan\OneDrive\Desktop\forgery\data\Cedar\full_org\original_4_17.png,1,4
C:\Users\arfan\OneDrive\Desktop\forgery\data\Cedar\full_org\original_26_13.png,C:\Users\arfan\OneDrive\Desktop\forgery\data\Cedar\full_org\original_26_24.png,1,26
C:\Users\arfan\OneDrive\Desktop\forgery\data\Cedar\full_org\original_7_3.png,C:\Users\arfan\OneDrive\Desktop\forgery\data\Cedar\full_forg\forgeries_7_5.png,0,7
C:\Users\arfan\OneDrive\Desktop\forgery\data\Cedar\full_org\original_10_11.png,C:\Users\arfan\OneDrive\Desktop\forgery\data\Cedar\full_org\original_10_17.png,1,10
C:\Users\arfan\OneDrive\Desktop\forgery\data\Cedar\full_org\original_15_21.png,C:\Users\arfan\OneDrive\Desktop\forgery\data\Cedar\full_org\original_15_4.png,1,15
C:\Users\arfan\OneDrive\Desktop\forgery\data\Cedar\full_org\original_48_12.png,C:\Users\arfan\OneDrive\Desktop\forgery\data\Cedar\full_forg\forgeries_48_16.png,0,48
C:\Users\arfan\OneDrive\Desktop\forgery\data\Cedar\full_org\original_46_5.png,C:\Users\arfan\OneDrive\Desktop\forgery\data\Cedar\full_forg\forgeries_46_13.png,0,46
C:\Users\arfan\OneDrive\Desktop\forgery\data\Cedar\full_org\original_9_4.png,C:\Users\arfan\OneDrive\Desktop\forgery\data\Cedar\full_org\original_9_7.png,1,9
C:\Users\arfan\OneDrive\Desktop\forgery\data\Cedar\full_org\original_37_15.png,C:\Users\arfan\OneDrive\Desktop\forgery\data\Cedar\full_org\original_37_2.png,1,37
C:\Users\arfan\OneDrive\Desktop\forgery\data\Cedar\full_org\original_38_18.png,C:\Users\arfan\OneDrive\Desktop\forgery\data\Cedar\full_forg\forgeries_38_3.png,0,38
C:\Users\arfan\OneDrive\Desktop\forgery\data\Cedar\full_org\original_9_15.png,C:\Users\arfan\OneDrive\Desktop\forgery\data\Cedar\full_org\original_9_5.png,1,9
C:\Users\arfan\OneDrive\Desktop\forgery\data\Cedar\full_org\original_16_11.png,C:\Users\arfan\OneDrive\Desktop\forgery\data\Cedar\full_forg\forgeries_16_10.png,0,16
C:\Users\arfan\OneDrive\Desktop\forgery\data\Cedar\full_org\original_41_16.png,C:\Users\arfan\OneDrive\Desktop\forgery\data\Cedar\full_org\original_41_3.png,1,41
C:\Users\arfan\OneDrive\Desktop\forgery\data\Cedar\full_org\original_38_14.png,C:\Users\arfan\OneDrive\Desktop\forgery\data\Cedar\full_forg\forgeries_38_18.png,0,38
C:\Users\arfan\OneDrive\Desktop\forgery\data\Cedar\full_org\original_8_8.png,C:\Users\arfan\OneDrive\Desktop\forgery\data\Cedar\full_forg\forgeries_8_1.png,0,8
C:\Users\arfan\OneDrive\Desktop\forgery\data\Cedar\full_org\original_54_10.png,C:\Users\arfan\OneDrive\Desktop\forgery\data\Cedar\full_org\original_54_2.png,1,54
C:\Users\arfan\OneDrive\Desktop\forgery\data\Cedar\full_org\original_28_21.png,C:\Users\arfan\OneDrive\Desktop\forgery\data\Cedar\full_org\original_28_5.png,1,28
C:\Users\arfan\OneDrive\Desktop\forgery\data\Cedar\full_org\original_16_21.png,C:\Users\arfan\OneDrive\Desktop\forgery\data\Cedar\full_forg\forgeries_16_10.png,0,16
C:\Users\arfan\OneDrive\Desktop\forgery\data\Cedar\full_org\original_19_18.png,C:\Users\arfan\OneDrive\Desktop\forgery\data\Cedar\full_forg\forgeries_19_10.png,0,19
C:\Users\arfan\OneDrive\Desktop\forgery\data\Cedar\full_org\original_24_6.png,C:\Users\arfan\OneDrive\Desktop\forgery\data\Cedar\full_org\original_24_9.png,1,24
C:\Users\arfan\OneDrive\Desktop\forgery\data\Cedar\full_org\original_53_18.png,C:\Users\arfan\OneDrive\Desktop\forgery\data\Cedar\full_org\original_53_6.png,1,53
C:\Users\arfan\OneDrive\Desktop\forgery\data\Cedar\full_org\original_53_23.png,C:\Users\arfan\OneDrive\Desktop\forgery\data\Cedar\full_forg\forgeries_53_9.png,0,53
C:\Users\arfan\OneDrive\Desktop\forgery\data\Cedar\full_org\original_7_9.png,C:\Users\arfan\OneDrive\Desktop\forgery\data\Cedar\full_forg\forgeries_7_14.png,0,7
C:\Users\arfan\OneDrive\Desktop\forgery\data\Cedar\full_org\original_9_10.png,C:\Users\arfan\OneDrive\Desktop\forgery\data\Cedar\full_forg\forgeries_9_15.png,0,9
C:\Users\arfan\OneDrive\Desktop\forgery\data\Cedar\full_org\original_24_13.png,C:\Users\arfan\OneDrive\Desktop\forgery\data\Cedar\full_forg\forgeries_24_2.png,0,24
C:\Users\arfan\OneDrive\Desktop\forgery\data\Cedar\full_org\original_9_14.png,C:\Users\arfan\OneDrive\Desktop\forgery\data\Cedar\full_forg\forgeries_9_8.png,0,9
C:\Users\arfan\OneDrive\Desktop\forgery\data\Cedar\full_org\original_3_4.png,C:\Users\arfan\OneDrive\Desktop\forgery\data\Cedar\full_forg\forgeries_3_24.png,0,3
C:\Users\arfan\OneDrive\Desktop\forgery\data\Cedar\full_org\original_23_2.png,C:\Users\arfan\OneDrive\Desktop\forgery\data\Cedar\full_forg\forgeries_23_4.png,0,23
C:\Users\arfan\OneDrive\Desktop\forgery\data\Cedar\full_org\original_15_1.png,C:\Users\arfan\OneDrive\Desktop\forgery\data\Cedar\full_forg\forgeries_15_10.png,0,15
C:\Users\arfan\OneDrive\Desktop\forgery\data\Cedar\full_org\original_46_15.png,C:\Users\arfan\OneDrive\Desktop\forgery\data\Cedar\full_org\original_46_16.png,1,46
C:\Users\arfan\OneDrive\Desktop\forgery\data\Cedar\full_org\original_43_22.png,C:\Users\arfan\OneDrive\Desktop\forgery\data\Cedar\full_forg\forgeries_43_14.png,0,43
C:\Users\arfan\OneDrive\Desktop\forgery\data\Cedar\full_org\original_10_12.png,C:\Users\arfan\OneDrive\Desktop\forgery\data\Cedar\full_org\original_10_9.png,1,10
C:\Users\arfan\OneDrive\Desktop\forgery\data\Cedar\full_org\original_3_16.png,C:\Users\arfan\OneDrive\Desktop\forgery\data\Cedar\full_forg\forgeries_3_6.png,0,3
C:\Users\arfan\OneDrive\Desktop\forgery\data\Cedar\full_org\original_9_14.png,C:\Users\arfan\OneDrive\Desktop\forgery\data\Cedar\full_org\original_9_23.png,1,9
C:\Users\arfan\OneDrive\Desktop\forgery\data\Cedar\full_org\original_25_17.png,C:\Users\arfan\OneDrive\Desktop\forgery\data\Cedar\full_forg\forgeries_25_19.png,0,25
C:\Users\arfan\OneDrive\Desktop\forgery\data\Cedar\full_org\original_29_13.png,C:\Users\arfan\OneDrive\Desktop\forgery\data\Cedar\full_org\original_29_16.png,1,29
C:\Users\arfan\OneDrive\Desktop\forgery\data\Cedar\full_org\original_51_16.png,C:\Users\arfan\OneDrive\Desktop\forgery\data\Cedar\full_forg\forgeries_51_2.png,0,51
C:\Users\arfan\OneDrive\Desktop\forgery\data\Cedar\full_org\original_39_17.png,C:\Users\arfan\OneDrive\Desktop\forgery\data\Cedar\full_org\original_39_7.png,1,39
C:\Users\arfan\OneDrive\Desktop\forgery\data\Cedar\full_org\original_52_21.png,C:\Users\arfan\OneDrive\Desktop\forgery\data\Cedar\full_forg\forgeries_52_9.png,0,52
C:\Users\arfan\OneDrive\Desktop\forgery\data\Cedar\full_org\original_37_6.png,C:\Users\arfan\OneDrive\Desktop\forgery\data\Cedar\full_forg\forgeries_37_11.png,0,37
C:\Users\arfan\OneDrive\Desktop\forgery\data\Cedar\full_org\original_7_12.png,C:\Users\arfan\OneDrive\Desktop\forgery\data\Cedar\full_org\original_7_17.png,1,7
C:\Users\arfan\OneDrive\Desktop\forgery\data\Cedar\full_org\original_19_4.png,C:\Users\arfan\OneDrive\Desktop\forgery\data\Cedar\full_org\original_19_5.png,1,19
C:\Users\arfan\OneDrive\Desktop\forgery\data\Cedar\full_org\original_31_6.png,C:\Users\arfan\OneDrive\Desktop\forgery\data\Cedar\full_forg\forgeries_31_12.png,0,31
C:\Users\arfan\OneDrive\Desktop\forgery\data\Cedar\full_org\original_51_7.png,C:\Users\arfan\OneDrive\Desktop\forgery\data\Cedar\full_forg\forgeries_51_20.png,0,51
C:\Users\arfan\OneDrive\Desktop\forgery\data\Cedar\full_org\original_17_18.png,C:\Users\arfan\OneDrive\Desktop\forgery\data\Cedar\full_forg\forgeries_17_8.png,0,17
C:\Users\arfan\OneDrive\Desktop\forgery\data\Cedar\full_org\original_10_12.png,C:\Users\arfan\OneDrive\Desktop\forgery\data\Cedar\full_forg\forgeries_10_7.png,0,10
C:\Users\arfan\OneDrive\Desktop\forgery\data\Cedar\full_org\original_54_18.png,C:\Users\arfan\OneDrive\Desktop\forgery\data\Cedar\full_forg\forgeries_54_7.png,0,54
C:\Users\arfan\OneDrive\Desktop\forgery\data\Cedar\full_org\original_22_1.png,C:\Users\arfan\OneDrive\Desktop\forgery\data\Cedar\full_forg\forgeries_22_1.png,0,22
C:\Users\arfan\OneDrive\Desktop\forgery\data\Cedar\full_org\original_8_11.png,C:\Users\arfan\OneDrive\Desktop\forgery\data\Cedar\full_forg\forgeries_8_2.png,0,8
C:\Users\arfan\OneDrive\Desktop\forgery\data\Cedar\full_org\original_49_2.png,C:\Users\arfan\OneDrive\Desktop\forgery\data\Cedar\full_forg\forgeries_49_10.png,0,49
C:\Users\arfan\OneDrive\Desktop\forgery\data\Cedar\full_org\original_17_19.png,C:\Users\arfan\OneDrive\Desktop\forgery\data\Cedar\full_forg\forgeries_17_12.png,0,17
C:\Users\arfan\OneDrive\Desktop\forgery\data\Cedar\full_org\original_10_20.png,C:\Users\arfan\OneDrive\Desktop\forgery\data\Cedar\full_forg\forgeries_10_2.png,0,10
C:\Users\arfan\OneDrive\Desktop\forgery\data\Cedar\full_org\original_30_22.png,C:\Users\arfan\OneDrive\Desktop\forgery\data\Cedar\full_forg\forgeries_30_10.png,0,30
C:\Users\arfan\OneDrive\Desktop\forgery\data\Cedar\full_org\original_3_2.png,C:\Users\arfan\OneDrive\Desktop\forgery\data\Cedar\full_org\original_3_4.png,1,3
C:\Users\arfan\OneDrive\Desktop\forgery\data\Cedar\full_org\original_49_13.png,C:\Users\arfan\OneDrive\Desktop\forgery\data\Cedar\full_forg\forgeries_49_6.png,0,49
C:\Users\arfan\OneDrive\Desktop\forgery\data\Cedar\full_org\original_23_5.png,C:\Users\arfan\OneDrive\Desktop\forgery\data\Cedar\full_forg\forgeries_23_9.png,0,23
C:\Users\arfan\OneDrive\Desktop\forgery\data\Cedar\full_org\original_53_7.png,C:\Users\arfan\OneDrive\Desktop\forgery\data\Cedar\full_org\original_53_9.png,1,53
C:\Users\arfan\OneDrive\Desktop\forgery\data\Cedar\full_org\original_9_16.png,C:\Users\arfan\OneDrive\Desktop\forgery\data\Cedar\full_org\original_9_21.png,1,9
C:\Users\arfan\OneDrive\Desktop\forgery\data\Cedar\full_org\original_2_19.png,C:\Users\arfan\OneDrive\Desktop\forgery\data\Cedar\full_org\original_2_9.png,1,2
C:\Users\arfan\OneDrive\Desktop\forgery\data\Cedar\full_org\original_5_17.png,C:\Users\arfan\OneDrive\Desktop\forgery\data\Cedar\full_org\original_5_3.png,1,5
C:\Users\arfan\OneDrive\Desktop\forgery\data\Cedar\full_org\original_28_22.png,C:\Users\arfan\OneDrive\Desktop\forgery\data\Cedar\full_forg\forgeries_28_19.png,0,28
C:\Users\arfan\OneDrive\Desktop\forgery\data\Cedar\full_org\original_53_4.png,C:\Users\arfan\OneDrive\Desktop\forgery\data\Cedar\full_forg\forgeries_53_19.png,0,53
C:\Users\arfan\OneDrive\Desktop\forgery\data\Cedar\full_org\original_45_14.png,C:\Users\arfan\OneDrive\Desktop\forgery\data\Cedar\full_org\original_45_2.png,1,45
C:\Users\arfan\OneDrive\Desktop\forgery\data\Cedar\full_org\original_41_18.png,C:\Users\arfan\OneDrive\Desktop\forgery\data\Cedar\full_forg\forgeries_41_3.png,0,41
C:\Users\arfan\OneDrive\Desktop\forgery\data\Cedar\full_org\original_4_20.png,C:\Users\arfan\OneDrive\Desktop\forgery\data\Cedar\full_org\original_4_24.png,1,4
C:\Users\arfan\OneDrive\Desktop\forgery\data\Cedar\full_org\original_52_6.png,C:\Users\arfan\OneDrive\Desktop\forgery\data\Cedar\full_org\original_52_9.png,1,52
C:\Users\arfan\OneDrive\Desktop\forgery\data\Cedar\full_org\original_47_17.png,C:\Users\arfan\OneDrive\Desktop\forgery\data\Cedar\full_forg\forgeries_47_5.png,0,47
C:\Users\arfan\OneDrive\Desktop\forgery\data\Cedar\full_org\original_5_12.png,C:\Users\arfan\OneDrive\Desktop\forgery\data\Cedar\full_org\original_5_16.png,1,5
C:\Users\arfan\OneDrive\Desktop\forgery\data\Cedar\full_org\original_34_10.png,C:\Users\arfan\OneDrive\Desktop\forgery\data\Cedar\full_org\original_34_15.png,1,34
C:\Users\arfan\OneDrive\Desktop\forgery\data\Cedar\full_org\original_16_12.png,C:\Users\arfan\OneDrive\Desktop\forgery\data\Cedar\full_org\original_16_9.png,1,16
C:\Users\arfan\OneDrive\Desktop\forgery\data\Cedar\full_org\original_37_1.png,C:\Users\arfan\OneDrive\Desktop\forgery\data\Cedar\full_forg\forgeries_37_13.png,0,37
C:\Users\arfan\OneDrive\Desktop\forgery\data\Cedar\full_org\original_43_7.png,C:\Users\arfan\OneDrive\Desktop\forgery\data\Cedar\full_forg\forgeries_43_22.png,0,43
C:\Users\arfan\OneDrive\Desktop\forgery\data\Cedar\full_org\original_34_13.png,C:\Users\arfan\OneDrive\Desktop\forgery\data\Cedar\full_forg\forgeries_34_24.png,0,34
C:\Users\arfan\OneDrive\Desktop\forgery\data\Cedar\full_org\original_52_21.png,C:\Users\arfan\OneDrive\Desktop\forgery\data\Cedar\full_forg\forgeries_52_15.png,0,52
C:\Users\arfan\OneDrive\Desktop\forgery\data\Cedar\full_org\original_35_2.png,C:\Users\arfan\OneDrive\Desktop\forgery\data\Cedar\full_forg\forgeries_35_10.png,0,35
C:\Users\arfan\OneDrive\Desktop\forgery\data\Cedar\full_org\original_36_6.png,C:\Users\arfan\OneDrive\Desktop\forgery\data\Cedar\full_forg\forgeries_36_11.png,0,36
C:\Users\arfan\OneDrive\Desktop\forgery\data\Cedar\full_org\original_15_7.png,C:\Users\arfan\OneDrive\Desktop\forgery\data\Cedar\full_forg\forgeries_15_6.png,0,15
C:\Users\arfan\OneDrive\Desktop\forgery\data\Cedar\full_org\original_5_16.png,C:\Users\arfan\OneDrive\Desktop\forgery\data\Cedar\full_org\original_5_24.png,1,5
C:\Users\arfan\OneDrive\Desktop\forgery\data\Cedar\full_org\original_24_8.png,C:\Users\arfan\OneDrive\Desktop\forgery\data\Cedar\full_forg\forgeries_24_7.png,0,24
C:\Users\arfan\OneDrive\Desktop\forgery\data\Cedar\full_org\original_41_22.png,C:\Users\arfan\OneDrive\Desktop\forgery\data\Cedar\full_org\original_41_24.png,1,41
C:\Users\arfan\OneDrive\Desktop\forgery\data\Cedar\full_org\original_46_20.png,C:\Users\arfan\OneDrive\Desktop\forgery\data\Cedar\full_org\original_46_24.png,1,46
C:\Users\arfan\OneDrive\Desktop\forgery\data\Cedar\full_org\original_52_10.png,C:\Users\arfan\OneDrive\Desktop\forgery\data\Cedar\full_forg\forgeries_52_3.png,0,52
C:\Users\arfan\OneDrive\Desktop\forgery\data\Cedar\full_org\original_12_13.png,C:\Users\arfan\OneDrive\Desktop\forgery\data\Cedar\full_forg\forgeries_12_16.png,0,12
C:\Users\arfan\OneDrive\Desktop\forgery\data\Cedar\full_org\original_51_21.png,C:\Users\arfan\OneDrive\Desktop\forgery\data\Cedar\full_org\original_51_5.png,1,51
C:\Users\arfan\OneDrive\Desktop\forgery\data\Cedar\full_org\original_51_11.png,C:\Users\arfan\OneDrive\Desktop\forgery\data\Cedar\full_org\original_51_14.png,1,51
C:\Users\arfan\OneDrive\Desktop\forgery\data\Cedar\full_org\original_26_8.png,C:\Users\arfan\OneDrive\Desktop\forgery\data\Cedar\full_forg\forgeries_26_10.png,0,26
C:\Users\arfan\OneDrive\Desktop\forgery\data\Cedar\full_org\original_54_12.png,C:\Users\arfan\OneDrive\Desktop\forgery\data\Cedar\full_forg\forgeries_54_3.png,0,54
C:\Users\arfan\OneDrive\Desktop\forgery\data\Cedar\full_org\original_41_14.png,C:\Users\arfan\OneDrive\Desktop\forgery\data\Cedar\full_forg\forgeries_41_6.png,0,41
C:\Users\arfan\OneDrive\Desktop\forgery\data\Cedar\full_org\original_11_15.png,C:\Users\arfan\OneDrive\Desktop\forgery\data\Cedar\full_org\original_11_6.png,1,11
C:\Users\arfan\OneDrive\Desktop\forgery\data\Cedar\full_org\original_15_14.png,C:\Users\arfan\OneDrive\Desktop\forgery\data\Cedar\full_forg\forgeries_15_22.png,0,15
C:\Users\arfan\OneDrive\Desktop\forgery\data\Cedar\full_org\original_22_14.png,C:\Users\arfan\OneDrive\Desktop\forgery\data\Cedar\full_org\original_22_16.png,1,22
C:\Users\arfan\OneDrive\Desktop\forgery\data\Cedar\full_org\original_8_15.png,C:\Users\arfan\OneDrive\Desktop\forgery\data\Cedar\full_forg\forgeries_8_12.png,0,8
C:\Users\arfan\OneDrive\Desktop\forgery\data\Cedar\full_org\original_17_13.png,C:\Users\arfan\OneDrive\Desktop\forgery\data\Cedar\full_org\original_17_24.png,1,17
C:\Users\arfan\OneDrive\Desktop\forgery\data\Cedar\full_org\original_7_21.png,C:\Users\arfan\OneDrive\Desktop\forgery\data\Cedar\full_forg\forgeries_7_19.png,0,7
C:\Users\arfan\OneDrive\Desktop\forgery\data\Cedar\full_org\original_41_22.png,C:\Users\arfan\OneDrive\Desktop\forgery\data\Cedar\full_org\original_41_5.png,1,41
C:\Users\arfan\OneDrive\Desktop\forgery\data\Cedar\full_org\original_55_21.png,C:\Users\arfan\OneDrive\Desktop\forgery\data\Cedar\full_forg\forgeries_55_9.png,0,55
C:\Users\arfan\OneDrive\Desktop\forgery\data\Cedar\full_org\original_10_1.png,C:\Users\arfan\OneDrive\Desktop\forgery\data\Cedar\full_org\original_10_16.png,1,10
C:\Users\arfan\OneDrive\Desktop\forgery\data\Cedar\full_org\original_39_18.png,C:\Users\arfan\OneDrive\Desktop\forgery\data\Cedar\full_org\original_39_4.png,1,39
C:\Users\arfan\OneDrive\Desktop\forgery\data\Cedar\full_org\original_55_5.png,C:\Users\arfan\OneDrive\Desktop\forgery\data\Cedar\full_org\original_55_7.png,1,55
C:\Users\arfan\OneDrive\Desktop\forgery\data\Cedar\full_org\original_3_22.png,C:\Users\arfan\OneDrive\Desktop\forgery\data\Cedar\full_forg\forgeries_3_17.png,0,3
C:\Users\arfan\OneDrive\Desktop\forgery\data\Cedar\full_org\original_23_11.png,C:\Users\arfan\OneDrive\Desktop\forgery\data\Cedar\full_org\original_23_5.png,1,23
C:\Users\arfan\OneDrive\Desktop\forgery\data\Cedar\full_org\original_18_1.png,C:\Users\arfan\OneDrive\Desktop\forgery\data\Cedar\full_org\original_18_13.png,1,18
C:\Users\arfan\OneDrive\Desktop\forgery\data\Cedar\full_org\original_48_13.png,C:\Users\arfan\OneDrive\Desktop\forgery\data\Cedar\full_org\original_48_16.png,1,48
C:\Users\arfan\OneDrive\Desktop\forgery\data\Cedar\full_org\original_36_23.png,C:\Users\arfan\OneDrive\Desktop\forgery\data\Cedar\full_org\original_36_6.png,1,36
C:\Users\arfan\OneDrive\Desktop\forgery\data\Cedar\full_org\original_54_3.png,C:\Users\arfan\OneDrive\Desktop\forgery\data\Cedar\full_org\original_54_7.png,1,54
C:\Users\arfan\OneDrive\Desktop\forgery\data\Cedar\full_org\original_36_17.png,C:\Users\arfan\OneDrive\Desktop\forgery\data\Cedar\full_org\original_36_22.png,1,36
C:\Users\arfan\OneDrive\Desktop\forgery\data\Cedar\full_org\original_7_16.png,C:\Users\arfan\OneDrive\Desktop\forgery\data\Cedar\full_org\original_7_4.png,1,7
C:\Users\arfan\OneDrive\Desktop\forgery\data\Cedar\full_org\original_28_15.png,C:\Users\arfan\OneDrive\Desktop\forgery\data\Cedar\full_forg\forgeries_28_19.png,0,28
C:\Users\arfan\OneDrive\Desktop\forgery\data\Cedar\full_org\original_1_12.png,C:\Users\arfan\OneDrive\Desktop\forgery\data\Cedar\full_forg\forgeries_1_2.png,0,1
C:\Users\arfan\OneDrive\Desktop\forgery\data\Cedar\full_org\original_53_1.png,C:\Users\arfan\OneDrive\Desktop\forgery\data\Cedar\full_org\original_53_13.png,1,53
C:\Users\arfan\OneDrive\Desktop\forgery\data\Cedar\full_org\original_18_12.png,C:\Users\arfan\OneDrive\Desktop\forgery\data\Cedar\full_forg\forgeries_18_20.png,0,18
C:\Users\arfan\OneDrive\Desktop\forgery\data\Cedar\full_org\original_48_20.png,C:\Users\arfan\OneDrive\Desktop\forgery\data\Cedar\full_org\original_48_21.png,1,48
C:\Users\arfan\OneDrive\Desktop\forgery\data\Cedar\full_org\original_4_11.png,C:\Users\arfan\OneDrive\Desktop\forgery\data\Cedar\full_forg\forgeries_4_6.png,0,4
C:\Users\arfan\OneDrive\Desktop\forgery\data\Cedar\full_org\original_15_19.png,C:\Users\arfan\OneDrive\Desktop\forgery\data\Cedar\full_forg\forgeries_15_5.png,0,15
C:\Users\arfan\OneDrive\Desktop\forgery\data\Cedar\full_org\original_23_10.png,C:\Users\arfan\OneDrive\Desktop\forgery\data\Cedar\full_forg\forgeries_23_9.png,0,23
C:\Users\arfan\OneDrive\Desktop\forgery\data\Cedar\full_org\original_29_12.png,C:\Users\arfan\OneDrive\Desktop\forgery\data\Cedar\full_org\original_29_8.png,1,29
C:\Users\arfan\OneDrive\Desktop\forgery\data\Cedar\full_org\original_9_12.png,C:\Users\arfan\OneDrive\Desktop\forgery\data\Cedar\full_forg\forgeries_9_22.png,0,9
C:\Users\arfan\OneDrive\Desktop\forgery\data\Cedar\full_org\original_7_3.png,C:\Users\arfan\OneDrive\Desktop\forgery\data\Cedar\full_org\original_7_7.png,1,7
C:\Users\arfan\OneDrive\Desktop\forgery\data\Cedar\full_org\original_25_10.png,C:\Users\arfan\OneDrive\Desktop\forgery\data\Cedar\full_forg\forgeries_25_2.png,0,25
C:\Users\arfan\OneDrive\Desktop\forgery\data\Cedar\full_org\original_37_11.png,C:\Users\arfan\OneDrive\Desktop\forgery\data\Cedar\full_org\original_37_21.png,1,37
C:\Users\arfan\OneDrive\Desktop\forgery\data\Cedar\full_org\original_24_10.png,C:\Users\arfan\OneDrive\Desktop\forgery\data\Cedar\full_org\original_24_5.png,1,24
C:\Users\arfan\OneDrive\Desktop\forgery\data\Cedar\full_org\original_55_6.png,C:\Users\arfan\OneDrive\Desktop\forgery\data\Cedar\full_forg\forgeries_55_15.png,0,55
C:\Users\arfan\OneDrive\Desktop\forgery\data\Cedar\full_org\original_43_11.png,C:\Users\arfan\OneDrive\Desktop\forgery\data\Cedar\full_org\original_43_3.png,1,43
C:\Users\arfan\OneDrive\Desktop\forgery\data\Cedar\full_org\original_15_6.png,C:\Users\arfan\OneDrive\Desktop\forgery\data\Cedar\full_forg\forgeries_15_24.png,0,15
C:\Users\arfan\OneDrive\Desktop\forgery\data\Cedar\full_org\original_8_21.png,C:\Users\arfan\OneDrive\Desktop\forgery\data\Cedar\full_org\original_8_24.png,1,8
C:\Users\arfan\OneDrive\Desktop\forgery\data\Cedar\full_org\original_22_18.png,C:\Users\arfan\OneDrive\Desktop\forgery\data\Cedar\full_org\original_22_5.png,1,22
C:\Users\arfan\OneDrive\Desktop\forgery\data\Cedar\full_org\original_37_21.png,C:\Users\arfan\OneDrive\Desktop\forgery\data\Cedar\full_forg\forgeries_37_2.png,0,37
C:\Users\arfan\OneDrive\Desktop\forgery\data\Cedar\full_org\original_7_15.png,C:\Users\arfan\OneDrive\Desktop\forgery\data\Cedar\full_org\original_7_3.png,1,7
C:\Users\arfan\OneDrive\Desktop\forgery\data\Cedar\full_org\original_29_5.png,C:\Users\arfan\OneDrive\Desktop\forgery\data\Cedar\full_org\original_29_7.png,1,29
C:\Users\arfan\OneDrive\Desktop\forgery\data\Cedar\full_org\original_49_24.png,C:\Users\arfan\OneDrive\Desktop\forgery\data\Cedar\full_org\original_49_5.png,1,49
C:\Users\arfan\OneDrive\Desktop\forgery\data\Cedar\full_org\original_23_13.png,C:\Users\arfan\OneDrive\Desktop\forgery\data\Cedar\full_forg\forgeries_23_23.png,0,23
C:\Users\arfan\OneDrive\Desktop\forgery\data\Cedar\full_org\original_48_9.png,C:\Users\arfan\OneDrive\Desktop\forgery\data\Cedar\full_forg\forgeries_48_2.png,0,48
C:\Users\arfan\OneDrive\Desktop\forgery\data\Cedar\full_org\original_16_21.png,C:\Users\arfan\OneDrive\Desktop\forgery\data\Cedar\full_forg\forgeries_16_18.png,0,16
C:\Users\arfan\OneDrive\Desktop\forgery\data\Cedar\full_org\original_41_7.png,C:\Users\arfan\OneDrive\Desktop\forgery\data\Cedar\full_forg\forgeries_41_7.png,0,41
C:\Users\arfan\OneDrive\Desktop\forgery\data\Cedar\full_org\original_45_9.png,C:\Users\arfan\OneDrive\Desktop\forgery\data\Cedar\full_forg\forgeries_45_14.png,0,45
C:\Users\arfan\OneDrive\Desktop\forgery\data\Cedar\full_org\original_28_10.png,C:\Users\arfan\OneDrive\Desktop\forgery\data\Cedar\full_org\original_28_7.png,1,28
C:\Users\arfan\OneDrive\Desktop\forgery\data\Cedar\full_org\original_15_2.png,C:\Users\arfan\OneDrive\Desktop\forgery\data\Cedar\full_forg\forgeries_15_10.png,0,15
C:\Users\arfan\OneDrive\Desktop\forgery\data\Cedar\full_org\original_30_24.png,C:\Users\arfan\OneDrive\Desktop\forgery\data\Cedar\full_forg\forgeries_30_8.png,0,30
C:\Users\arfan\OneDrive\Desktop\forgery\data\Cedar\full_org\original_53_13.png,C:\Users\arfan\OneDrive\Desktop\forgery\data\Cedar\full_org\original_53_14.png,1,53
C:\Users\arfan\OneDrive\Desktop\forgery\data\Cedar\full_org\original_38_17.png,C:\Users\arfan\OneDrive\Desktop\forgery\data\Cedar\full_forg\forgeries_38_14.png,0,38
C:\Users\arfan\OneDrive\Desktop\forgery\data\Cedar\full_org\original_16_7.png,C:\Users\arfan\OneDrive\Desktop\forgery\data\Cedar\full_forg\forgeries_16_14.png,0,16
C:\Users\arfan\OneDrive\Desktop\forgery\data\Cedar\full_org\original_36_2.png,C:\Users\arfan\OneDrive\Desktop\forgery\data\Cedar\full_org\original_36_21.png,1,36
C:\Users\arfan\OneDrive\Desktop\forgery\data\Cedar\full_org\original_18_24.png,C:\Users\arfan\OneDrive\Desktop\forgery\data\Cedar\full_forg\forgeries_18_15.png,0,18
C:\Users\arfan\OneDrive\Desktop\forgery\data\Cedar\full_org\original_19_15.png,C:\Users\arfan\OneDrive\Desktop\forgery\data\Cedar\full_org\original_19_21.png,1,19
C:\Users\arfan\OneDrive\Desktop\forgery\data\Cedar\full_org\original_5_13.png,C:\Users\arfan\OneDrive\Desktop\forgery\data\Cedar\full_org\original_5_8.png,1,5
C:\Users\arfan\OneDrive\Desktop\forgery\data\Cedar\full_org\original_22_1.png,C:\Users\arfan\OneDrive\Desktop\forgery\data\Cedar\full_org\original_22_15.png,1,22
C:\Users\arfan\OneDrive\Desktop\forgery\data\Cedar\full_org\original_15_22.png,C:\Users\arfan\OneDrive\Desktop\forgery\data\Cedar\full_org\original_15_8.png,1,15
C:\Users\arfan\OneDrive\Desktop\forgery\data\Cedar\full_org\original_45_12.png,C:\Users\arfan\OneDrive\Desktop\forgery\data\Cedar\full_org\original_45_9.png,1,45
C:\Users\arfan\OneDrive\Desktop\forgery\data\Cedar\full_org\original_17_12.png,C:\Users\arfan\OneDrive\Desktop\forgery\data\Cedar\full_org\original_17_19.png,1,17
C:\Users\arfan\OneDrive\Desktop\forgery\data\Cedar\full_org\original_51_10.png,C:\Users\arfan\OneDrive\Desktop\forgery\data\Cedar\full_forg\forgeries_51_17.png,0,51
C:\Users\arfan\OneDrive\Desktop\forgery\data\Cedar\full_org\original_34_10.png,C:\Users\arfan\OneDrive\Desktop\forgery\data\Cedar\full_forg\forgeries_34_21.png,0,34
C:\Users\arfan\OneDrive\Desktop\forgery\data\Cedar\full_org\original_18_14.png,C:\Users\arfan\OneDrive\Desktop\forgery\data\Cedar\full_org\original_18_6.png,1,18
C:\Users\arfan\OneDrive\Desktop\forgery\data\Cedar\full_org\original_4_19.png,C:\Users\arfan\OneDrive\Desktop\forgery\data\Cedar\full_forg\forgeries_4_19.png,0,4
C:\Users\arfan\OneDrive\Desktop\forgery\data\Cedar\full_org\original_7_22.png,C:\Users\arfan\OneDrive\Desktop\forgery\data\Cedar\full_forg\forgeries_7_7.png,0,7
C:\Users\arfan\OneDrive\Desktop\forgery\data\Cedar\full_org\original_7_14.png,C:\Users\arfan\OneDrive\Desktop\forgery\data\Cedar\full_org\original_7_20.png,1,7
C:\Users\arfan\OneDrive\Desktop\forgery\data\Cedar\full_org\original_41_17.png,C:\Users\arfan\OneDrive\Desktop\forgery\data\Cedar\full_forg\forgeries_41_8.png,0,41
C:\Users\arfan\OneDrive\Desktop\forgery\data\Cedar\full_org\original_4_15.png,C:\Users\arfan\OneDrive\Desktop\forgery\data\Cedar\full_forg\forgeries_4_20.png,0,4
C:\Users\arfan\OneDrive\Desktop\forgery\data\Cedar\full_org\original_21_3.png,C:\Users\arfan\OneDrive\Desktop\forgery\data\Cedar\full_forg\forgeries_21_1.png,0,21
C:\Users\arfan\OneDrive\Desktop\forgery\data\Cedar\full_org\original_54_16.png,C:\Users\arfan\OneDrive\Desktop\forgery\data\Cedar\full_forg\forgeries_54_1.png,0,54
C:\Users\arfan\OneDrive\Desktop\forgery\data\Cedar\full_org\original_35_1.png,C:\Users\arfan\OneDrive\Desktop\forgery\data\Cedar\full_org\original_35_11.png,1,35
C:\Users\arfan\OneDrive\Desktop\forgery\data\Cedar\full_org\original_17_14.png,C:\Users\arfan\OneDrive\Desktop\forgery\data\Cedar\full_org\original_17_6.png,1,17
C:\Users\arfan\OneDrive\Desktop\forgery\data\Cedar\full_org\original_29_11.png,C:\Users\arfan\OneDrive\Desktop\forgery\data\Cedar\full_org\original_29_12.png,1,29
C:\Users\arfan\OneDrive\Desktop\forgery\data\Cedar\full_org\original_10_1.png,C:\Users\arfan\OneDrive\Desktop\forgery\data\Cedar\full_org\original_10_15.png,1,10
C:\Users\arfan\OneDrive\Desktop\forgery\data\Cedar\full_org\original_12_1.png,C:\Users\arfan\OneDrive\Desktop\forgery\data\Cedar\full_forg\forgeries_12_10.png,0,12
C:\Users\arfan\OneDrive\Desktop\forgery\data\Cedar\full_org\original_2_21.png,C:\Users\arfan\OneDrive\Desktop\forgery\data\Cedar\full_org\original_2_23.png,1,2
C:\Users\arfan\OneDrive\Desktop\forgery\data\Cedar\full_org\original_7_3.png,C:\Users\arfan\OneDrive\Desktop\forgery\data\Cedar\full_forg\forgeries_7_19.png,0,7
C:\Users\arfan\OneDrive\Desktop\forgery\data\Cedar\full_org\original_37_23.png,C:\Users\arfan\OneDrive\Desktop\forgery\data\Cedar\full_forg\forgeries_37_17.png,0,37
C:\Users\arfan\OneDrive\Desktop\forgery\data\Cedar\full_org\original_54_12.png,C:\Users\arfan\OneDrive\Desktop\forgery\data\Cedar\full_org\original_54_7.png,1,54
C:\Users\arfan\OneDrive\Desktop\forgery\data\Cedar\full_org\original_4_13.png,C:\Users\arfan\OneDrive\Desktop\forgery\data\Cedar\full_org\original_4_3.png,1,4
C:\Users\arfan\OneDrive\Desktop\forgery\data\Cedar\full_org\original_4_1.png,C:\Users\arfan\OneDrive\Desktop\forgery\data\Cedar\full_org\original_4_21.png,1,4
C:\Users\arfan\OneDrive\Desktop\forgery\data\Cedar\full_org\original_53_1.png,C:\Users\arfan\OneDrive\Desktop\forgery\data\Cedar\full_org\original_53_18.png,1,53
C:\Users\arfan\OneDrive\Desktop\forgery\data\Cedar\full_org\original_47_12.png,C:\Users\arfan\OneDrive\Desktop\forgery\data\Cedar\full_org\original_47_6.png,1,47
C:\Users\arfan\OneDrive\Desktop\forgery\data\Cedar\full_org\original_55_1.png,C:\Users\arfan\OneDrive\Desktop\forgery\data\Cedar\full_forg\forgeries_55_20.png,0,55
C:\Users\arfan\OneDrive\Desktop\forgery\data\Cedar\full_org\original_23_1.png,C:\Users\arfan\OneDrive\Desktop\forgery\data\Cedar\full_org\original_23_20.png,1,23
C:\Users\arfan\OneDrive\Desktop\forgery\data\Cedar\full_org\original_53_19.png,C:\Users\arfan\OneDrive\Desktop\forgery\data\Cedar\full_org\original_53_22.png,1,53
C:\Users\arfan\OneDrive\Desktop\forgery\data\Cedar\full_org\original_41_11.png,C:\Users\arfan\OneDrive\Desktop\forgery\data\Cedar\full_org\original_41_5.png,1,41
C:\Users\arfan\OneDrive\Desktop\forgery\data\Cedar\full_org\original_46_24.png,C:\Users\arfan\OneDrive\Desktop\forgery\data\Cedar\full_org\original_46_3.png,1,46
C:\Users\arfan\OneDrive\Desktop\forgery\data\Cedar\full_org\original_5_4.png,C:\Users\arfan\OneDrive\Desktop\forgery\data\Cedar\full_forg\forgeries_5_23.png,0,5
C:\Users\arfan\OneDrive\Desktop\forgery\data\Cedar\full_org\original_49_17.png,C:\Users\arfan\OneDrive\Desktop\forgery\data\Cedar\full_forg\forgeries_49_4.png,0,49
C:\Users\arfan\OneDrive\Desktop\forgery\data\Cedar\full_org\original_29_6.png,C:\Users\arfan\OneDrive\Desktop\forgery\data\Cedar\full_forg\forgeries_29_17.png,0,29
C:\Users\arfan\OneDrive\Desktop\forgery\data\Cedar\full_org\original_5_1.png,C:\Users\arfan\OneDrive\Desktop\forgery\data\Cedar\full_org\original_5_13.png,1,5
C:\Users\arfan\OneDrive\Desktop\forgery\data\Cedar\full_org\original_46_12.png,C:\Users\arfan\OneDrive\Desktop\forgery\data\Cedar\full_org\original_46_9.png,1,46
C:\Users\arfan\OneDrive\Desktop\forgery\data\Cedar\full_org\original_55_22.png,C:\Users\arfan\OneDrive\Desktop\forgery\data\Cedar\full_org\original_55_7.png,1,55
C:\Users\arfan\OneDrive\Desktop\forgery\data\Cedar\full_org\original_19_3.png,C:\Users\arfan\OneDrive\Desktop\forgery\data\Cedar\full_forg\forgeries_19_16.png,0,19
C:\Users\arfan\OneDrive\Desktop\forgery\data\Cedar\full_org\original_29_13.png,C:\Users\arfan\OneDrive\Desktop\forgery\data\Cedar\full_org\original_29_6.png,1,29
C:\Users\arfan\OneDrive\Desktop\forgery\data\Cedar\full_org\original_4_9.png,C:\Users\arfan\OneDrive\Desktop\forgery\data\Cedar\full_forg\forgeries_4_17.png,0,4
C:\Users\arfan\OneDrive\Desktop\forgery\data\Cedar\full_org\original_51_15.png,C:\Users\arfan\OneDrive\Desktop\forgery\data\Cedar\full_forg\forgeries_51_15.png,0,51
C:\Users\arfan\OneDrive\Desktop\forgery\data\Cedar\full_org\original_2_3.png,C:\Users\arfan\OneDrive\Desktop\forgery\data\Cedar\full_forg\forgeries_2_22.png,0,2
C:\Users\arfan\OneDrive\Desktop\forgery\data\Cedar\full_org\original_49_9.png,C:\Users\arfan\OneDrive\Desktop\forgery\data\Cedar\full_forg\forgeries_49_3.png,0,49
C:\Users\arfan\OneDrive\Desktop\forgery\data\Cedar\full_org\original_47_1.png,C:\Users\arfan\OneDrive\Desktop\forgery\data\Cedar\full_org\original_47_16.png,1,47
C:\Users\arfan\OneDrive\Desktop\forgery\data\Cedar\full_org\original_38_1.png,C:\Users\arfan\OneDrive\Desktop\forgery\data\Cedar\full_org\original_38_16.png,1,38
C:\Users\arfan\OneDrive\Desktop\forgery\data\Cedar\full_org\original_28_15.png,C:\Users\arfan\OneDrive\Desktop\forgery\data\Cedar\full_forg\forgeries_28_4.png,0,28
C:\Users\arfan\OneDrive\Desktop\forgery\data\Cedar\full_org\original_28_6.png,C:\Users\arfan\OneDrive\Desktop\forgery\data\Cedar\full_forg\forgeries_28_21.png,0,28
C:\Users\arfan\OneDrive\Desktop\forgery\data\Cedar\full_org\original_47_17.png,C:\Users\arfan\OneDrive\Desktop\forgery\data\Cedar\full_forg\forgeries_47_15.png,0,47
C:\Users\arfan\OneDrive\Desktop\forgery\data\Cedar\full_org\original_4_20.png,C:\Users\arfan\OneDrive\Desktop\forgery\data\Cedar\full_org\original_4_23.png,1,4
C:\Users\arfan\OneDrive\Desktop\forgery\data\Cedar\full_org\original_4_19.png,C:\Users\arfan\OneDrive\Desktop\forgery\data\Cedar\full_org\original_4_8.png,1,4
C:\Users\arfan\OneDrive\Desktop\forgery\data\Cedar\full_org\original_46_12.png,C:\Users\arfan\OneDrive\Desktop\forgery\data\Cedar\full_org\original_46_23.png,1,46
C:\Users\arfan\OneDrive\Desktop\forgery\data\Cedar\full_org\original_8_2.png,C:\Users\arfan\OneDrive\Desktop\forgery\data\Cedar\full_forg\forgeries_8_3.png,0,8
C:\Users\arfan\OneDrive\Desktop\forgery\data\Cedar\full_org\original_46_11.png,C:\Users\arfan\OneDrive\Desktop\forgery\data\Cedar\full_org\original_46_15.png,1,46
C:\Users\arfan\OneDrive\Desktop\forgery\data\Cedar\full_org\original_52_12.png,C:\Users\arfan\OneDrive\Desktop\forgery\data\Cedar\full_org\original_52_14.png,1,52
C:\Users\arfan\OneDrive\Desktop\forgery\data\Cedar\full_org\original_49_4.png,C:\Users\arfan\OneDrive\Desktop\forgery\data\Cedar\full_org\original_49_9.png,1,49
C:\Users\arfan\OneDrive\Desktop\forgery\data\Cedar\full_org\original_53_11.png,C:\Users\arfan\OneDrive\Desktop\forgery\data\Cedar\full_org\original_53_7.png,1,53
C:\Users\arfan\OneDrive\Desktop\forgery\data\Cedar\full_org\original_48_10.png,C:\Users\arfan\OneDrive\Desktop\forgery\data\Cedar\full_forg\forgeries_48_16.png,0,48
C:\Users\arfan\OneDrive\Desktop\forgery\data\Cedar\full_org\original_8_14.png,C:\Users\arfan\OneDrive\Desktop\forgery\data\Cedar\full_org\original_8_5.png,1,8
C:\Users\arfan\OneDrive\Desktop\forgery\data\Cedar\full_org\original_7_4.png,C:\Users\arfan\OneDrive\Desktop\forgery\data\Cedar\full_forg\forgeries_7_5.png,0,7
C:\Users\arfan\OneDrive\Desktop\forgery\data\Cedar\full_org\original_5_11.png,C:\Users\arfan\OneDrive\Desktop\forgery\data\Cedar\full_forg\forgeries_5_11.png,0,5
C:\Users\arfan\OneDrive\Desktop\forgery\data\Cedar\full_org\original_31_15.png,C:\Users\arfan\OneDrive\Desktop\forgery\data\Cedar\full_forg\forgeries_31_3.png,0,31
C:\Users\arfan\OneDrive\Desktop\forgery\data\Cedar\full_org\original_29_16.png,C:\Users\arfan\OneDrive\Desktop\forgery\data\Cedar\full_org\original_29_23.png,1,29
C:\Users\arfan\OneDrive\Desktop\forgery\data\Cedar\full_org\original_39_10.png,C:\Users\arfan\OneDrive\Desktop\forgery\data\Cedar\full_org\original_39_17.png,1,39
C:\Users\arfan\OneDrive\Desktop\forgery\data\Cedar\full_org\original_5_24.png,C:\Users\arfan\OneDrive\Desktop\forgery\data\Cedar\full_org\original_5_3.png,1,5
C:\Users\arfan\OneDrive\Desktop\forgery\data\Cedar\full_org\original_25_11.png,C:\Users\arfan\OneDrive\Desktop\forgery\data\Cedar\full_forg\forgeries_25_13.png,0,25
C:\Users\arfan\OneDrive\Desktop\forgery\data\Cedar\full_org\original_2_15.png,C:\Users\arfan\OneDrive\Desktop\forgery\data\Cedar\full_org\original_2_19.png,1,2
C:\Users\arfan\OneDrive\Desktop\forgery\data\Cedar\full_org\original_26_22.png,C:\Users\arfan\OneDrive\Desktop\forgery\data\Cedar\full_org\original_26_24.png,1,26
C:\Users\arfan\OneDrive\Desktop\forgery\data\Cedar\full_org\original_40_11.png,C:\Users\arfan\OneDrive\Desktop\forgery\data\Cedar\full_forg\forgeries_40_20.png,0,40
C:\Users\arfan\OneDrive\Desktop\forgery\data\Cedar\full_org\original_46_17.png,C:\Users\arfan\OneDrive\Desktop\forgery\data\Cedar\full_forg\forgeries_46_7.png,0,46
C:\Users\arfan\OneDrive\Desktop\forgery\data\Cedar\full_org\original_43_19.png,C:\Users\arfan\OneDrive\Desktop\forgery\data\Cedar\full_forg\forgeries_43_10.png,0,43
C:\Users\arfan\OneDrive\Desktop\forgery\data\Cedar\full_org\original_25_2.png,C:\Users\arfan\OneDrive\Desktop\forgery\data\Cedar\full_org\original_25_4.png,1,25
C:\Users\arfan\OneDrive\Desktop\forgery\data\Cedar\full_org\original_3_12.png,C:\Users\arfan\OneDrive\Desktop\forgery\data\Cedar\full_org\original_3_7.png,1,3
C:\Users\arfan\OneDrive\Desktop\forgery\data\Cedar\full_org\original_25_3.png,C:\Users\arfan\OneDrive\Desktop\forgery\data\Cedar\full_forg\forgeries_25_22.png,0,25
C:\Users\arfan\OneDrive\Desktop\forgery\data\Cedar\full_org\original_43_19.png,C:\Users\arfan\OneDrive\Desktop\forgery\data\Cedar\full_forg\forgeries_43_16.png,0,43
C:\Users\arfan\OneDrive\Desktop\forgery\data\Cedar\full_org\original_30_17.png,C:\Users\arfan\OneDrive\Desktop\forgery\data\Cedar\full_forg\forgeries_30_1.png,0,30
C:\Users\arfan\OneDrive\Desktop\forgery\data\Cedar\full_org\original_5_3.png,C:\Users\arfan\OneDrive\Desktop\forgery\data\Cedar\full_forg\forgeries_5_24.png,0,5
C:\Users\arfan\OneDrive\Desktop\forgery\data\Cedar\full_org\original_4_8.png,C:\Users\arfan\OneDrive\Desktop\forgery\data\Cedar\full_forg\forgeries_4_20.png,0,4
C:\Users\arfan\OneDrive\Desktop\forgery\data\Cedar\full_org\original_24_19.png,C:\Users\arfan\OneDrive\Desktop\forgery\data\Cedar\full_org\original_24_21.png,1,24
C:\Users\arfan\OneDrive\Desktop\forgery\data\Cedar\full_org\original_12_17.png,C:\Users\arfan\OneDrive\Desktop\forgery\data\Cedar\full_org\original_12_21.png,1,12
C:\Users\arfan\OneDrive\Desktop\forgery\data\Cedar\full_org\original_39_20.png,C:\Users\arfan\OneDrive\Desktop\forgery\data\Cedar\full_forg\forgeries_39_21.png,0,39
C:\Users\arfan\OneDrive\Desktop\forgery\data\Cedar\full_org\original_26_17.png,C:\Users\arfan\OneDrive\Desktop\forgery\data\Cedar\full_org\original_26_9.png,1,26
C:\Users\arfan\OneDrive\Desktop\forgery\data\Cedar\full_org\original_46_17.png,C:\Users\arfan\OneDrive\Desktop\forgery\data\Cedar\full_forg\forgeries_46_21.png,0,46
C:\Users\arfan\OneDrive\Desktop\forgery\data\Cedar\full_org\original_30_1.png,C:\Users\arfan\OneDrive\Desktop\forgery\data\Cedar\full_forg\forgeries_30_8.png,0,30
C:\Users\arfan\OneDrive\Desktop\forgery\data\Cedar\full_org\original_35_4.png,C:\Users\arfan\OneDrive\Desktop\forgery\data\Cedar\full_forg\forgeries_35_12.png,0,35
C:\Users\arfan\OneDrive\Desktop\forgery\data\Cedar\full_org\original_54_23.png,C:\Users\arfan\OneDrive\Desktop\forgery\data\Cedar\full_forg\forgeries_54_3.png,0,54
C:\Users\arfan\OneDrive\Desktop\forgery\data\Cedar\full_org\original_52_15.png,C:\Users\arfan\OneDrive\Desktop\forgery\data\Cedar\full_org\original_52_20.png,1,52
C:\Users\arfan\OneDrive\Desktop\forgery\data\Cedar\full_org\original_36_1.png,C:\Users\arfan\OneDrive\Desktop\forgery\data\Cedar\full_org\original_36_20.png,1,36
C:\Users\arfan\OneDrive\Desktop\forgery\data\Cedar\full_org\original_54_20.png,C:\Users\arfan\OneDrive\Desktop\forgery\data\Cedar\full_org\original_54_7.png,1,54
C:\Users\arfan\OneDrive\Desktop\forgery\data\Cedar\full_org\original_39_21.png,C:\Users\arfan\OneDrive\Desktop\forgery\data\Cedar\full_forg\forgeries_39_12.png,0,39
C:\Users\arfan\OneDrive\Desktop\forgery\data\Cedar\full_org\original_17_23.png,C:\Users\arfan\OneDrive\Desktop\forgery\data\Cedar\full_org\original_17_8.png,1,17
C:\Users\arfan\OneDrive\Desktop\forgery\data\Cedar\full_org\original_21_21.png,C:\Users\arfan\OneDrive\Desktop\forgery\data\Cedar\full_forg\forgeries_21_7.png,0,21
C:\Users\arfan\OneDrive\Desktop\forgery\data\Cedar\full_org\original_31_23.png,C:\Users\arfan\OneDrive\Desktop\forgery\data\Cedar\full_forg\forgeries_31_19.png,0,31
C:\Users\arfan\OneDrive\Desktop\forgery\data\Cedar\full_org\original_35_18.png,C:\Users\arfan\OneDrive\Desktop\forgery\data\Cedar\full_forg\forgeries_35_20.png,0,35
C:\Users\arfan\OneDrive\Desktop\forgery\data\Cedar\full_org\original_21_10.png,C:\Users\arfan\OneDrive\Desktop\forgery\data\Cedar\full_forg\forgeries_21_24.png,0,21
C:\Users\arfan\OneDrive\Desktop\forgery\data\Cedar\full_org\original_31_11.png,C:\Users\arfan\OneDrive\Desktop\forgery\data\Cedar\full_org\original_31_22.png,1,31
C:\Users\arfan\OneDrive\Desktop\forgery\data\Cedar\full_org\original_5_19.png,C:\Users\arfan\OneDrive\Desktop\forgery\data\Cedar\full_org\original_5_5.png,1,5
C:\Users\arfan\OneDrive\Desktop\forgery\data\Cedar\full_org\original_46_16.png,C:\Users\arfan\OneDrive\Desktop\forgery\data\Cedar\full_org\original_46_6.png,1,46
C:\Users\arfan\OneDrive\Desktop\forgery\data\Cedar\full_org\original_39_16.png,C:\Users\arfan\OneDrive\Desktop\forgery\data\Cedar\full_forg\forgeries_39_5.png,0,39
C:\Users\arfan\OneDrive\Desktop\forgery\data\Cedar\full_org\original_29_18.png,C:\Users\arfan\OneDrive\Desktop\forgery\data\Cedar\full_org\original_29_24.png,1,29
C:\Users\arfan\OneDrive\Desktop\forgery\data\Cedar\full_org\original_7_6.png,C:\Users\arfan\OneDrive\Desktop\forgery\data\Cedar\full_org\original_7_8.png,1,7
C:\Users\arfan\OneDrive\Desktop\forgery\data\Cedar\full_org\original_28_20.png,C:\Users\arfan\OneDrive\Desktop\forgery\data\Cedar\full_org\original_28_9.png,1,28
C:\Users\arfan\OneDrive\Desktop\forgery\data\Cedar\full_org\original_38_21.png,C:\Users\arfan\OneDrive\Desktop\forgery\data\Cedar\full_org\original_38_5.png,1,38
C:\Users\arfan\OneDrive\Desktop\forgery\data\Cedar\full_org\original_54_1.png,C:\Users\arfan\OneDrive\Desktop\forgery\data\Cedar\full_org\original_54_10.png,1,54
C:\Users\arfan\OneDrive\Desktop\forgery\data\Cedar\full_org\original_30_18.png,C:\Users\arfan\OneDrive\Desktop\forgery\data\Cedar\full_org\original_30_8.png,1,30
C:\Users\arfan\OneDrive\Desktop\forgery\data\Cedar\full_org\original_2_10.png,C:\Users\arfan\OneDrive\Desktop\forgery\data\Cedar\full_org\original_2_11.png,1,2
C:\Users\arfan\OneDrive\Desktop\forgery\data\Cedar\full_org\original_12_11.png,C:\Users\arfan\OneDrive\Desktop\forgery\data\Cedar\full_org\original_12_22.png,1,12
C:\Users\arfan\OneDrive\Desktop\forgery\data\Cedar\full_org\original_34_15.png,C:\Users\arfan\OneDrive\Desktop\forgery\data\Cedar\full_org\original_34_21.png,1,34
C:\Users\arfan\OneDrive\Desktop\forgery\data\Cedar\full_org\original_54_1.png,C:\Users\arfan\OneDrive\Desktop\forgery\data\Cedar\full_forg\forgeries_54_18.png,0,54
C:\Users\arfan\OneDrive\Desktop\forgery\data\Cedar\full_org\original_22_22.png,C:\Users\arfan\OneDrive\Desktop\forgery\data\Cedar\full_org\original_22_5.png,1,22
C:\Users\arfan\OneDrive\Desktop\forgery\data\Cedar\full_org\original_24_20.png,C:\Users\arfan\OneDrive\Desktop\forgery\data\Cedar\full_forg\forgeries_24_22.png,0,24
C:\Users\arfan\OneDrive\Desktop\forgery\data\Cedar\full_org\original_3_9.png,C:\Users\arfan\OneDrive\Desktop\forgery\data\Cedar\full_forg\forgeries_3_5.png,0,3
C:\Users\arfan\OneDrive\Desktop\forgery\data\Cedar\full_org\original_3_16.png,C:\Users\arfan\OneDrive\Desktop\forgery\data\Cedar\full_org\original_3_6.png,1,3
C:\Users\arfan\OneDrive\Desktop\forgery\data\Cedar\full_org\original_37_14.png,C:\Users\arfan\OneDrive\Desktop\forgery\data\Cedar\full_org\original_37_18.png,1,37
C:\Users\arfan\OneDrive\Desktop\forgery\data\Cedar\full_org\original_31_21.png,C:\Users\arfan\OneDrive\Desktop\forgery\data\Cedar\full_org\original_31_4.png,1,31
C:\Users\arfan\OneDrive\Desktop\forgery\data\Cedar\full_org\original_17_12.png,C:\Users\arfan\OneDrive\Desktop\forgery\data\Cedar\full_org\original_17_16.png,1,17
C:\Users\arfan\OneDrive\Desktop\forgery\data\Cedar\full_org\original_15_15.png,C:\Users\arfan\OneDrive\Desktop\forgery\data\Cedar\full_org\original_15_16.png,1,15
C:\Users\arfan\OneDrive\Desktop\forgery\data\Cedar\full_org\original_3_21.png,C:\Users\arfan\OneDrive\Desktop\forgery\data\Cedar\full_org\original_3_9.png,1,3
C:\Users\arfan\OneDrive\Desktop\forgery\data\Cedar\full_org\original_11_21.png,C:\Users\arfan\OneDrive\Desktop\forgery\data\Cedar\full_org\original_11_23.png,1,11
C:\Users\arfan\OneDrive\Desktop\forgery\data\Cedar\full_org\original_39_23.png,C:\Users\arfan\OneDrive\Desktop\forgery\data\Cedar\full_org\original_39_7.png,1,39
C:\Users\arfan\OneDrive\Desktop\forgery\data\Cedar\full_org\original_17_4.png,C:\Users\arfan\OneDrive\Desktop\forgery\data\Cedar\full_forg\forgeries_17_9.png,0,17
C:\Users\arfan\OneDrive\Desktop\forgery\data\Cedar\full_org\original_52_23.png,C:\Users\arfan\OneDrive\Desktop\forgery\data\Cedar\full_forg\forgeries_52_18.png,0,52
C:\Users\arfan\OneDrive\Desktop\forgery\data\Cedar\full_org\original_21_12.png,C:\Users\arfan\OneDrive\Desktop\forgery\data\Cedar\full_org\original_21_4.png,1,21
C:\Users\arfan\OneDrive\Desktop\forgery\data\Cedar\full_org\original_19_11.png,C:\Users\arfan\OneDrive\Desktop\forgery\data\Cedar\full_org\original_19_20.png,1,19
C:\Users\arfan\OneDrive\Desktop\forgery\data\Cedar\full_org\original_22_24.png,C:\Users\arfan\OneDrive\Desktop\forgery\data\Cedar\full_org\original_22_5.png,1,22
C:\Users\arfan\OneDrive\Desktop\forgery\data\Cedar\full_org\original_21_15.png,C:\Users\arfan\OneDrive\Desktop\forgery\data\Cedar\full_forg\forgeries_21_3.png,0,21
C:\Users\arfan\OneDrive\Desktop\forgery\data\Cedar\full_org\original_26_1.png,C:\Users\arfan\OneDrive\Desktop\forgery\data\Cedar\full_forg\forgeries_26_16.png,0,26
C:\Users\arfan\OneDrive\Desktop\forgery\data\Cedar\full_org\original_53_2.png,C:\Users\arfan\OneDrive\Desktop\forgery\data\Cedar\full_org\original_53_21.png,1,53
C:\Users\arfan\OneDrive\Desktop\forgery\data\Cedar\full_org\original_43_12.png,C:\Users\arfan\OneDrive\Desktop\forgery\data\Cedar\full_org\original_43_5.png,1,43
C:\Users\arfan\OneDrive\Desktop\forgery\data\Cedar\full_org\original_40_10.png,C:\Users\arfan\OneDrive\Desktop\forgery\data\Cedar\full_org\original_40_8.png,1,40
C:\Users\arfan\OneDrive\Desktop\forgery\data\Cedar\full_org\original_52_24.png,C:\Users\arfan\OneDrive\Desktop\forgery\data\Cedar\full_org\original_52_4.png,1,52
C:\Users\arfan\OneDrive\Desktop\forgery\data\Cedar\full_org\original_29_22.png,C:\Users\arfan\OneDrive\Desktop\forgery\data\Cedar\full_org\original_29_5.png,1,29
C:\Users\arfan\OneDrive\Desktop\forgery\data\Cedar\full_org\original_41_13.png,C:\Users\arfan\OneDrive\Desktop\forgery\data\Cedar\full_forg\forgeries_41_18.png,0,41
C:\Users\arfan\OneDrive\Desktop\forgery\data\Cedar\full_org\original_49_10.png,C:\Users\arfan\OneDrive\Desktop\forgery\data\Cedar\full_org\original_49_5.png,1,49
C:\Users\arfan\OneDrive\Desktop\forgery\data\Cedar\full_org\original_25_6.png,C:\Users\arfan\OneDrive\Desktop\forgery\data\Cedar\full_org\original_25_8.png,1,25
C:\Users\arfan\OneDrive\Desktop\forgery\data\Cedar\full_org\original_11_7.png,C:\Users\arfan\OneDrive\Desktop\forgery\data\Cedar\full_forg\forgeries_11_12.png,0,11
C:\Users\arfan\OneDrive\Desktop\forgery\data\Cedar\full_org\original_10_14.png,C:\Users\arfan\OneDrive\Desktop\forgery\data\Cedar\full_org\original_10_22.png,1,10
C:\Users\arfan\OneDrive\Desktop\forgery\data\Cedar\full_org\original_43_21.png,C:\Users\arfan\OneDrive\Desktop\forgery\data\Cedar\full_forg\forgeries_43_4.png,0,43
C:\Users\arfan\OneDrive\Desktop\forgery\data\Cedar\full_org\original_3_8.png,C:\Users\arfan\OneDrive\Desktop\forgery\data\Cedar\full_forg\forgeries_3_1.png,0,3
C:\Users\arfan\OneDrive\Desktop\forgery\data\Cedar\full_org\original_24_16.png,C:\Users\arfan\OneDrive\Desktop\forgery\data\Cedar\full_org\original_24_23.png,1,24
C:\Users\arfan\OneDrive\Desktop\forgery\data\Cedar\full_org\original_21_15.png,C:\Users\arfan\OneDrive\Desktop\forgery\data\Cedar\full_org\original_21_8.png,1,21
C:\Users\arfan\OneDrive\Desktop\forgery\data\Cedar\full_org\original_16_17.png,C:\Users\arfan\OneDrive\Desktop\forgery\data\Cedar\full_forg\forgeries_16_9.png,0,16
C:\Users\arfan\OneDrive\Desktop\forgery\data\Cedar\full_org\original_31_14.png,C:\Users\arfan\OneDrive\Desktop\forgery\data\Cedar\full_org\original_31_8.png,1,31
C:\Users\arfan\OneDrive\Desktop\forgery\data\Cedar\full_org\original_17_11.png,C:\Users\arfan\OneDrive\Desktop\forgery\data\Cedar\full_org\original_17_13.png,1,17
C:\Users\arfan\OneDrive\Desktop\forgery\data\Cedar\full_org\original_31_14.png,C:\Users\arfan\OneDrive\Desktop\forgery\data\Cedar\full_forg\forgeries_31_2.png,0,31
C:\Users\arfan\OneDrive\Desktop\forgery\data\Cedar\full_org\original_3_9.png,C:\Users\arfan\OneDrive\Desktop\forgery\data\Cedar\full_forg\forgeries_3_3.png,0,3
C:\Users\arfan\OneDrive\Desktop\forgery\data\Cedar\full_org\original_35_17.png,C:\Users\arfan\OneDrive\Desktop\forgery\data\Cedar\full_forg\forgeries_35_16.png,0,35
C:\Users\arfan\OneDrive\Desktop\forgery\data\Cedar\full_org\original_1_3.png,C:\Users\arfan\OneDrive\Desktop\forgery\data\Cedar\full_org\original_1_6.png,1,1
C:\Users\arfan\OneDrive\Desktop\forgery\data\Cedar\full_org\original_2_2.png,C:\Users\arfan\OneDrive\Desktop\forgery\data\Cedar\full_forg\forgeries_2_3.png,0,2
C:\Users\arfan\OneDrive\Desktop\forgery\data\Cedar\full_org\original_19_14.png,C:\Users\arfan\OneDrive\Desktop\forgery\data\Cedar\full_org\original_19_16.png,1,19
C:\Users\arfan\OneDrive\Desktop\forgery\data\Cedar\full_org\original_39_14.png,C:\Users\arfan\OneDrive\Desktop\forgery\data\Cedar\full_org\original_39_15.png,1,39
C:\Users\arfan\OneDrive\Desktop\forgery\data\Cedar\full_org\original_46_16.png,C:\Users\arfan\OneDrive\Desktop\forgery\data\Cedar\full_forg\forgeries_46_15.png,0,46
C:\Users\arfan\OneDrive\Desktop\forgery\data\Cedar\full_org\original_52_18.png,C:\Users\arfan\OneDrive\Desktop\forgery\data\Cedar\full_org\original_52_20.png,1,52
C:\Users\arfan\OneDrive\Desktop\forgery\data\Cedar\full_org\original_23_24.png,C:\Users\arfan\OneDrive\Desktop\forgery\data\Cedar\full_org\original_23_4.png,1,23
C:\Users\arfan\OneDrive\Desktop\forgery\data\Cedar\full_org\original_9_15.png,C:\Users\arfan\OneDrive\Desktop\forgery\data\Cedar\full_forg\forgeries_9_1.png,0,9
C:\Users\arfan\OneDrive\Desktop\forgery\data\Cedar\full_org\original_34_1.png,C:\Users\arfan\OneDrive\Desktop\forgery\data\Cedar\full_org\original_34_4.png,1,34
C:\Users\arfan\OneDrive\Desktop\forgery\data\Cedar\full_org\original_18_3.png,C:\Users\arfan\OneDrive\Desktop\forgery\data\Cedar\full_forg\forgeries_18_13.png,0,18
C:\Users\arfan\OneDrive\Desktop\forgery\data\Cedar\full_org\original_38_19.png,C:\Users\arfan\OneDrive\Desktop\forgery\data\Cedar\full_forg\forgeries_38_18.png,0,38
C:\Users\arfan\OneDrive\Desktop\forgery\data\Cedar\full_org\original_17_15.png,C:\Users\arfan\OneDrive\Desktop\forgery\data\Cedar\full_org\original_17_20.png,1,17
C:\Users\arfan\OneDrive\Desktop\forgery\data\Cedar\full_org\original_16_4.png,C:\Users\arfan\OneDrive\Desktop\forgery\data\Cedar\full_org\original_16_7.png,1,16
C:\Users\arfan\OneDrive\Desktop\forgery\data\Cedar\full_org\original_54_22.png,C:\Users\arfan\OneDrive\Desktop\forgery\data\Cedar\full_org\original_54_24.png,1,54
C:\Users\arfan\OneDrive\Desktop\forgery\data\Cedar\full_org\original_30_13.png,C:\Users\arfan\OneDrive\Desktop\forgery\data\Cedar\full_org\original_30_24.png,1,30
C:\Users\arfan\OneDrive\Desktop\forgery\data\Cedar\full_org\original_22_17.png,C:\Users\arfan\OneDrive\Desktop\forgery\data\Cedar\full_org\original_22_2.png,1,22
C:\Users\arfan\OneDrive\Desktop\forgery\data\Cedar\full_org\original_2_2.png,C:\Users\arfan\OneDrive\Desktop\forgery\data\Cedar\full_forg\forgeries_2_11.png,0,2
C:\Users\arfan\OneDrive\Desktop\forgery\data\Cedar\full_org\original_52_7.png,C:\Users\arfan\OneDrive\Desktop\forgery\data\Cedar\full_forg\forgeries_52_2.png,0,52
C:\Users\arfan\OneDrive\Desktop\forgery\data\Cedar\full_org\original_41_19.png,C:\Users\arfan\OneDrive\Desktop\forgery\data\Cedar\full_org\original_41_22.png,1,41
C:\Users\arfan\OneDrive\Desktop\forgery\data\Cedar\full_org\original_26_2.png,C:\Users\arfan\OneDrive\Desktop\forgery\data\Cedar\full_org\original_26_5.png,1,26
C:\Users\arfan\OneDrive\Desktop\forgery\data\Cedar\full_org\original_4_10.png,C:\Users\arfan\OneDrive\Desktop\forgery\data\Cedar\full_org\original_4_13.png,1,4
C:\Users\arfan\OneDrive\Desktop\forgery\data\Cedar\full_org\original_39_18.png,C:\Users\arfan\OneDrive\Desktop\forgery\data\Cedar\full_forg\forgeries_39_12.png,0,39
C:\Users\arfan\OneDrive\Desktop\forgery\data\Cedar\full_org\original_39_16.png,C:\Users\arfan\OneDrive\Desktop\forgery\data\Cedar\full_forg\forgeries_39_1.png,0,39
C:\Users\arfan\OneDrive\Desktop\forgery\data\Cedar\full_org\original_4_19.png,C:\Users\arfan\OneDrive\Desktop\forgery\data\Cedar\full_org\original_4_23.png,1,4
C:\Users\arfan\OneDrive\Desktop\forgery\data\Cedar\full_org\original_54_22.png,C:\Users\arfan\OneDrive\Desktop\forgery\data\Cedar\full_forg\forgeries_54_15.png,0,54
C:\Users\arfan\OneDrive\Desktop\forgery\data\Cedar\full_org\original_40_21.png,C:\Users\arfan\OneDrive\Desktop\forgery\data\Cedar\full_forg\forgeries_40_12.png,0,40
C:\Users\arfan\OneDrive\Desktop\forgery\data\Cedar\full_org\original_17_3.png,C:\Users\arfan\OneDrive\Desktop\forgery\data\Cedar\full_org\original_17_9.png,1,17
C:\Users\arfan\OneDrive\Desktop\forgery\data\Cedar\full_org\original_10_7.png,C:\Users\arfan\OneDrive\Desktop\forgery\data\Cedar\full_forg\forgeries_10_23.png,0,10
C:\Users\arfan\OneDrive\Desktop\forgery\data\Cedar\full_org\original_31_17.png,C:\Users\arfan\OneDrive\Desktop\forgery\data\Cedar\full_org\original_31_22.png,1,31
C:\Users\arfan\OneDrive\Desktop\forgery\data\Cedar\full_org\original_24_5.png,C:\Users\arfan\OneDrive\Desktop\forgery\data\Cedar\full_forg\forgeries_24_3.png,0,24
C:\Users\arfan\OneDrive\Desktop\forgery\data\Cedar\full_org\original_51_10.png,C:\Users\arfan\OneDrive\Desktop\forgery\data\Cedar\full_org\original_51_8.png,1,51
C:\Users\arfan\OneDrive\Desktop\forgery\data\Cedar\full_org\original_51_23.png,C:\Users\arfan\OneDrive\Desktop\forgery\data\Cedar\full_forg\forgeries_51_21.png,0,51
C:\Users\arfan\OneDrive\Desktop\forgery\data\Cedar\full_org\original_9_13.png,C:\Users\arfan\OneDrive\Desktop\forgery\data\Cedar\full_org\original_9_6.png,1,9
C:\Users\arfan\OneDrive\Desktop\forgery\data\Cedar\full_org\original_49_13.png,C:\Users\arfan\OneDrive\Desktop\forgery\data\Cedar\full_forg\forgeries_49_24.png,0,49
C:\Users\arfan\OneDrive\Desktop\forgery\data\Cedar\full_org\original_12_18.png,C:\Users\arfan\OneDrive\Desktop\forgery\data\Cedar\full_org\original_12_23.png,1,12
C:\Users\arfan\OneDrive\Desktop\forgery\data\Cedar\full_org\original_49_16.png,C:\Users\arfan\OneDrive\Desktop\forgery\data\Cedar\full_org\original_49_23.png,1,49
C:\Users\arfan\OneDrive\Desktop\forgery\data\Cedar\full_org\original_36_8.png,C:\Users\arfan\OneDrive\Desktop\forgery\data\Cedar\full_org\original_36_9.png,1,36
C:\Users\arfan\OneDrive\Desktop\forgery\data\Cedar\full_org\original_26_14.png,C:\Users\arfan\OneDrive\Desktop\forgery\data\Cedar\full_org\original_26_9.png,1,26
C:\Users\arfan\OneDrive\Desktop\forgery\data\Cedar\full_org\original_49_16.png,C:\Users\arfan\OneDrive\Desktop\forgery\data\Cedar\full_org\original_49_22.png,1,49
C:\Users\arfan\OneDrive\Desktop\forgery\data\Cedar\full_org\original_31_24.png,C:\Users\arfan\OneDrive\Desktop\forgery\data\Cedar\full_org\original_31_4.png,1,31
C:\Users\arfan\OneDrive\Desktop\forgery\data\Cedar\full_org\original_18_11.png,C:\Users\arfan\OneDrive\Desktop\forgery\data\Cedar\full_org\original_18_7.png,1,18
C:\Users\arfan\OneDrive\Desktop\forgery\data\Cedar\full_org\original_10_16.png,C:\Users\arfan\OneDrive\Desktop\forgery\data\Cedar\full_org\original_10_20.png,1,10
C:\Users\arfan\OneDrive\Desktop\forgery\data\Cedar\full_org\original_19_4.png,C:\Users\arfan\OneDrive\Desktop\forgery\data\Cedar\full_forg\forgeries_19_17.png,0,19
C:\Users\arfan\OneDrive\Desktop\forgery\data\Cedar\full_org\original_28_19.png,C:\Users\arfan\OneDrive\Desktop\forgery\data\Cedar\full_org\original_28_22.png,1,28
C:\Users\arfan\OneDrive\Desktop\forgery\data\Cedar\full_org\original_21_22.png,C:\Users\arfan\OneDrive\Desktop\forgery\data\Cedar\full_forg\forgeries_21_10.png,0,21
C:\Users\arfan\OneDrive\Desktop\forgery\data\Cedar\full_org\original_47_20.png,C:\Users\arfan\OneDrive\Desktop\forgery\data\Cedar\full_org\original_47_21.png,1,47
C:\Users\arfan\OneDrive\Desktop\forgery\data\Cedar\full_org\original_16_12.png,C:\Users\arfan\OneDrive\Desktop\forgery\data\Cedar\full_org\original_16_16.png,1,16
C:\Users\arfan\OneDrive\Desktop\forgery\data\Cedar\full_org\original_35_14.png,C:\Users\arfan\OneDrive\Desktop\forgery\data\Cedar\full_org\original_35_2.png,1,35
C:\Users\arfan\OneDrive\Desktop\forgery\data\Cedar\full_org\original_10_2.png,C:\Users\arfan\OneDrive\Desktop\forgery\data\Cedar\full_forg\forgeries_10_21.png,0,10
C:\Users\arfan\OneDrive\Desktop\forgery\data\Cedar\full_org\original_29_16.png,C:\Users\arfan\OneDrive\Desktop\forgery\data\Cedar\full_org\original_29_2.png,1,29
C:\Users\arfan\OneDrive\Desktop\forgery\data\Cedar\full_org\original_52_14.png,C:\Users\arfan\OneDrive\Desktop\forgery\data\Cedar\full_forg\forgeries_52_21.png,0,52
C:\Users\arfan\OneDrive\Desktop\forgery\data\Cedar\full_org\original_41_2.png,C:\Users\arfan\OneDrive\Desktop\forgery\data\Cedar\full_forg\forgeries_41_6.png,0,41
C:\Users\arfan\OneDrive\Desktop\forgery\data\Cedar\full_org\original_53_5.png,C:\Users\arfan\OneDrive\Desktop\forgery\data\Cedar\full_org\original_53_7.png,1,53
C:\Users\arfan\OneDrive\Desktop\forgery\data\Cedar\full_org\original_34_18.png,C:\Users\arfan\OneDrive\Desktop\forgery\data\Cedar\full_forg\forgeries_34_6.png,0,34
C:\Users\arfan\OneDrive\Desktop\forgery\data\Cedar\full_org\original_46_11.png,C:\Users\arfan\OneDrive\Desktop\forgery\data\Cedar\full_forg\forgeries_46_2.png,0,46
C:\Users\arfan\OneDrive\Desktop\forgery\data\Cedar\full_org\original_54_7.png,C:\Users\arfan\OneDrive\Desktop\forgery\data\Cedar\full_forg\forgeries_54_8.png,0,54
C:\Users\arfan\OneDrive\Desktop\forgery\data\Cedar\full_org\original_26_14.png,C:\Users\arfan\OneDrive\Desktop\forgery\data\Cedar\full_org\original_26_19.png,1,26
C:\Users\arfan\OneDrive\Desktop\forgery\data\Cedar\full_org\original_8_1.png,C:\Users\arfan\OneDrive\Desktop\forgery\data\Cedar\full_forg\forgeries_8_9.png,0,8
C:\Users\arfan\OneDrive\Desktop\forgery\data\Cedar\full_org\original_2_11.png,C:\Users\arfan\OneDrive\Desktop\forgery\data\Cedar\full_org\original_2_23.png,1,2
C:\Users\arfan\OneDrive\Desktop\forgery\data\Cedar\full_org\original_37_5.png,C:\Users\arfan\OneDrive\Desktop\forgery\data\Cedar\full_forg\forgeries_37_21.png,0,37
C:\Users\arfan\OneDrive\Desktop\forgery\data\Cedar\full_org\original_16_4.png,C:\Users\arfan\OneDrive\Desktop\forgery\data\Cedar\full_forg\forgeries_16_7.png,0,16
C:\Users\arfan\OneDrive\Desktop\forgery\data\Cedar\full_org\original_38_22.png,C:\Users\arfan\OneDrive\Desktop\forgery\data\Cedar\full_org\original_38_4.png,1,38
C:\Users\arfan\OneDrive\Desktop\forgery\data\Cedar\full_org\original_2_16.png,C:\Users\arfan\OneDrive\Desktop\forgery\data\Cedar\full_org\original_2_5.png,1,2
C:\Users\arfan\OneDrive\Desktop\forgery\data\Cedar\full_org\original_52_20.png,C:\Users\arfan\OneDrive\Desktop\forgery\data\Cedar\full_org\original_52_5.png,1,52
C:\Users\arfan\OneDrive\Desktop\forgery\data\Cedar\full_org\original_7_24.png,C:\Users\arfan\OneDrive\Desktop\forgery\data\Cedar\full_forg\forgeries_7_20.png,0,7
C:\Users\arfan\OneDrive\Desktop\forgery\data\Cedar\full_org\original_24_14.png,C:\Users\arfan\OneDrive\Desktop\forgery\data\Cedar\full_forg\forgeries_24_9.png,0,24
C:\Users\arfan\OneDrive\Desktop\forgery\data\Cedar\full_org\original_40_14.png,C:\Users\arfan\OneDrive\Desktop\forgery\data\Cedar\full_org\original_40_15.png,1,40
C:\Users\arfan\OneDrive\Desktop\forgery\data\Cedar\full_org\original_23_1.png,C:\Users\arfan\OneDrive\Desktop\forgery\data\Cedar\full_forg\forgeries_23_4.png,0,23
C:\Users\arfan\OneDrive\Desktop\forgery\data\Cedar\full_org\original_54_20.png,C:\Users\arfan\OneDrive\Desktop\forgery\data\Cedar\full_forg\forgeries_54_5.png,0,54
C:\Users\arfan\OneDrive\Desktop\forgery\data\Cedar\full_org\original_35_12.png,C:\Users\arfan\OneDrive\Desktop\forgery\data\Cedar\full_org\original_35_23.png,1,35
C:\Users\arfan\OneDrive\Desktop\forgery\data\Cedar\full_org\original_30_9.png,C:\Users\arfan\OneDrive\Desktop\forgery\data\Cedar\full_forg\forgeries_30_20.png,0,30
C:\Users\arfan\OneDrive\Desktop\forgery\data\Cedar\full_org\original_18_20.png,C:\Users\arfan\OneDrive\Desktop\forgery\data\Cedar\full_org\original_18_4.png,1,18
C:\Users\arfan\OneDrive\Desktop\forgery\data\Cedar\full_org\original_10_2.png,C:\Users\arfan\OneDrive\Desktop\forgery\data\Cedar\full_forg\forgeries_10_14.png,0,10
C:\Users\arfan\OneDrive\Desktop\forgery\data\Cedar\full_org\original_48_1.png,C:\Users\arfan\OneDrive\Desktop\forgery\data\Cedar\full_org\original_48_19.png,1,48
C:\Users\arfan\OneDrive\Desktop\forgery\data\Cedar\full_org\original_23_17.png,C:\Users\arfan\OneDrive\Desktop\forgery\data\Cedar\full_org\original_23_23.png,1,23
C:\Users\arfan\OneDrive\Desktop\forgery\data\Cedar\full_org\original_43_1.png,C:\Users\arfan\OneDrive\Desktop\forgery\data\Cedar\full_forg\forgeries_43_21.png,0,43
C:\Users\arfan\OneDrive\Desktop\forgery\data\Cedar\full_org\original_18_9.png,C:\Users\arfan\OneDrive\Desktop\forgery\data\Cedar\full_forg\forgeries_18_3.png,0,18
C:\Users\arfan\OneDrive\Desktop\forgery\data\Cedar\full_org\original_37_23.png,C:\Users\arfan\OneDrive\Desktop\forgery\data\Cedar\full_forg\forgeries_37_12.png,0,37
C:\Users\arfan\OneDrive\Desktop\forgery\data\Cedar\full_org\original_45_13.png,C:\Users\arfan\OneDrive\Desktop\forgery\data\Cedar\full_org\original_45_2.png,1,45
C:\Users\arfan\OneDrive\Desktop\forgery\data\Cedar\full_org\original_21_12.png,C:\Users\arfan\OneDrive\Desktop\forgery\data\Cedar\full_forg\forgeries_21_22.png,0,21
C:\Users\arfan\OneDrive\Desktop\forgery\data\Cedar\full_org\original_34_12.png,C:\Users\arfan\OneDrive\Desktop\forgery\data\Cedar\full_org\original_34_13.png,1,34
C:\Users\arfan\OneDrive\Desktop\forgery\data\Cedar\full_org\original_4_22.png,C:\Users\arfan\OneDrive\Desktop\forgery\data\Cedar\full_forg\forgeries_4_16.png,0,4
C:\Users\arfan\OneDrive\Desktop\forgery\data\Cedar\full_org\original_52_1.png,C:\Users\arfan\OneDrive\Desktop\forgery\data\Cedar\full_forg\forgeries_52_5.png,0,52
C:\Users\arfan\OneDrive\Desktop\forgery\data\Cedar\full_org\original_1_9.png,C:\Users\arfan\OneDrive\Desktop\forgery\data\Cedar\full_forg\forgeries_1_3.png,0,1
C:\Users\arfan\OneDrive\Desktop\forgery\data\Cedar\full_org\original_31_10.png,C:\Users\arfan\OneDrive\Desktop\forgery\data\Cedar\full_org\original_31_15.png,1,31
C:\Users\arfan\OneDrive\Desktop\forgery\data\Cedar\full_org\original_48_17.png,C:\Users\arfan\OneDrive\Desktop\forgery\data\Cedar\full_org\original_48_19.png,1,48
C:\Users\arfan\OneDrive\Desktop\forgery\data\Cedar\full_org\original_7_22.png,C:\Users\arfan\OneDrive\Desktop\forgery\data\Cedar\full_org\original_7_3.png,1,7
C:\Users\arfan\OneDrive\Desktop\forgery\data\Cedar\full_org\original_15_23.png,C:\Users\arfan\OneDrive\Desktop\forgery\data\Cedar\full_org\original_15_8.png,1,15
C:\Users\arfan\OneDrive\Desktop\forgery\data\Cedar\full_org\original_7_13.png,C:\Users\arfan\OneDrive\Desktop\forgery\data\Cedar\full_org\original_7_5.png,1,7
C:\Users\arfan\OneDrive\Desktop\forgery\data\Cedar\full_org\original_35_5.png,C:\Users\arfan\OneDrive\Desktop\forgery\data\Cedar\full_forg\forgeries_35_13.png,0,35
C:\Users\arfan\OneDrive\Desktop\forgery\data\Cedar\full_org\original_41_13.png,C:\Users\arfan\OneDrive\Desktop\forgery\data\Cedar\full_org\original_41_8.png,1,41
C:\Users\arfan\OneDrive\Desktop\forgery\data\Cedar\full_org\original_49_18.png,C:\Users\arfan\OneDrive\Desktop\forgery\data\Cedar\full_forg\forgeries_49_7.png,0,49
C:\Users\arfan\OneDrive\Desktop\forgery\data\Cedar\full_org\original_12_2.png,C:\Users\arfan\OneDrive\Desktop\forgery\data\Cedar\full_org\original_12_5.png,1,12
C:\Users\arfan\OneDrive\Desktop\forgery\data\Cedar\full_org\original_52_4.png,C:\Users\arfan\OneDrive\Desktop\forgery\data\Cedar\full_org\original_52_5.png,1,52
C:\Users\arfan\OneDrive\Desktop\forgery\data\Cedar\full_org\original_1_4.png,C:\Users\arfan\OneDrive\Desktop\forgery\data\Cedar\full_org\original_1_8.png,1,1
C:\Users\arfan\OneDrive\Desktop\forgery\data\Cedar\full_org\original_45_6.png,C:\Users\arfan\OneDrive\Desktop\forgery\data\Cedar\full_forg\forgeries_45_15.png,0,45
C:\Users\arfan\OneDrive\Desktop\forgery\data\Cedar\full_org\original_23_5.png,C:\Users\arfan\OneDrive\Desktop\forgery\data\Cedar\full_forg\forgeries_23_15.png,0,23
C:\Users\arfan\OneDrive\Desktop\forgery\data\Cedar\full_org\original_15_13.png,C:\Users\arfan\OneDrive\Desktop\forgery\data\Cedar\full_org\original_15_20.png,1,15
C:\Users\arfan\OneDrive\Desktop\forgery\data\Cedar\full_org\original_55_13.png,C:\Users\arfan\OneDrive\Desktop\forgery\data\Cedar\full_forg\forgeries_55_23.png,0,55
C:\Users\arfan\OneDrive\Desktop\forgery\data\Cedar\full_org\original_3_17.png,C:\Users\arfan\OneDrive\Desktop\forgery\data\Cedar\full_org\original_3_5.png,1,3
C:\Users\arfan\OneDrive\Desktop\forgery\data\Cedar\full_org\original_8_20.png,C:\Users\arfan\OneDrive\Desktop\forgery\data\Cedar\full_org\original_8_9.png,1,8
C:\Users\arfan\OneDrive\Desktop\forgery\data\Cedar\full_org\original_40_11.png,C:\Users\arfan\OneDrive\Desktop\forgery\data\Cedar\full_org\original_40_9.png,1,40
C:\Users\arfan\OneDrive\Desktop\forgery\data\Cedar\full_org\original_41_14.png,C:\Users\arfan\OneDrive\Desktop\forgery\data\Cedar\full_org\original_41_6.png,1,41
C:\Users\arfan\OneDrive\Desktop\forgery\data\Cedar\full_org\original_47_15.png,C:\Users\arfan\OneDrive\Desktop\forgery\data\Cedar\full_org\original_47_17.png,1,47
C:\Users\arfan\OneDrive\Desktop\forgery\data\Cedar\full_org\original_35_5.png,C:\Users\arfan\OneDrive\Desktop\forgery\data\Cedar\full_forg\forgeries_35_5.png,0,35
C:\Users\arfan\OneDrive\Desktop\forgery\data\Cedar\full_org\original_51_13.png,C:\Users\arfan\OneDrive\Desktop\forgery\data\Cedar\full_org\original_51_24.png,1,51
C:\Users\arfan\OneDrive\Desktop\forgery\data\Cedar\full_org\original_41_19.png,C:\Users\arfan\OneDrive\Desktop\forgery\data\Cedar\full_org\original_41_6.png,1,41
