img_a,img_b,label,writer_id
C:\Users\arfan\OneDrive\Desktop\forgery\data\Cedar\full_org\original_55_11.png,C:\Users\arfan\OneDrive\Desktop\forgery\data\Cedar\full_forg\forgeries_55_21.png,0,55
C:\Users\arfan\OneDrive\Desktop\forgery\data\Cedar\full_org\original_40_17.png,C:\Users\arfan\OneDrive\Desktop\forgery\data\Cedar\full_forg\forgeries_40_18.png,0,40
C:\Users\arfan\OneDrive\Desktop\forgery\data\Cedar\full_org\original_39_1.png,C:\Users\arfan\OneDrive\Desktop\forgery\data\Cedar\full_forg\forgeries_39_16.png,0,39
C:\Users\arfan\OneDrive\Desktop\forgery\data\Cedar\full_org\original_15_10.png,C:\Users\arfan\OneDrive\Desktop\forgery\data\Cedar\full_org\original_15_16.png,1,15
C:\Users\arfan\OneDrive\Desktop\forgery\data\Cedar\full_org\original_48_3.png,C:\Users\arfan\OneDrive\Desktop\forgery\data\Cedar\full_forg\forgeries_48_8.png,0,48
C:\Users\arfan\OneDrive\Desktop\forgery\data\Cedar\full_org\original_12_3.png,C:\Users\arfan\OneDrive\Desktop\forgery\data\Cedar\full_forg\forgeries_12_5.png,0,12
C:\Users\arfan\OneDrive\Desktop\forgery\data\Cedar\full_org\original_18_13.png,C:\Users\arfan\OneDrive\Desktop\forgery\data\Cedar\full_org\original_18_16.png,1,18
C:\Users\arfan\OneDrive\Desktop\forgery\data\Cedar\full_org\original_20_14.png,C:\Users\arfan\OneDrive\Desktop\forgery\data\Cedar\full_org\original_20_9.png,1,20
C:\Users\arfan\OneDrive\Desktop\forgery\data\Cedar\full_org\original_6_13.png,C:\Users\arfan\OneDrive\Desktop\forgery\data\Cedar\full_org\original_6_23.png,1,6
C:\Users\arfan\OneDrive\Desktop\forgery\data\Cedar\full_org\original_42_4.png,C:\Users\arfan\OneDrive\Desktop\forgery\data\Cedar\full_org\original_42_8.png,1,42
C:\Users\arfan\OneDrive\Desktop\forgery\data\Cedar\full_org\original_6_16.png,C:\Users\arfan\OneDrive\Desktop\forgery\data\Cedar\full_forg\forgeries_6_5.png,0,6
C:\Users\arfan\OneDrive\Desktop\forgery\data\Cedar\full_org\original_3_1.png,C:\Users\arfan\OneDrive\Desktop\forgery\data\Cedar\full_forg\forgeries_3_3.png,0,3
C:\Users\arfan\OneDrive\Desktop\forgery\data\Cedar\full_org\original_47_3.png,C:\Users\arfan\OneDrive\Desktop\forgery\data\Cedar\full_forg\forgeries_47_11.png,0,47
C:\Users\arfan\OneDrive\Desktop\forgery\data\Cedar\full_org\original_3_14.png,C:\Users\arfan\OneDrive\Desktop\forgery\data\Cedar\full_forg\forgeries_3_17.png,0,3
C:\Users\arfan\OneDrive\Desktop\forgery\data\Cedar\full_org\original_27_7.png,C:\Users\arfan\OneDrive\Desktop\forgery\data\Cedar\full_forg\forgeries_27_5.png,0,27
C:\Users\arfan\OneDrive\Desktop\forgery\data\Cedar\full_org\original_48_24.png,C:\Users\arfan\OneDrive\Desktop\forgery\data\Cedar\full_forg\forgeries_48_7.png,0,48
C:\Users\arfan\OneDrive\Desktop\forgery\data\Cedar\full_org\original_26_13.png,C:\Users\arfan\OneDrive\Desktop\forgery\data\Cedar\full_forg\forgeries_26_3.png,0,26
C:\Users\arfan\OneDrive\Desktop\forgery\data\Cedar\full_org\original_43_16.png,C:\Users\arfan\OneDrive\Desktop\forgery\data\Cedar\full_forg\forgeries_43_16.png,0,43
C:\Users\arfan\OneDrive\Desktop\forgery\data\Cedar\full_org\original_26_18.png,C:\Users\arfan\OneDrive\Desktop\forgery\data\Cedar\full_org\original_26_2.png,1,26
C:\Users\arfan\OneDrive\Desktop\forgery\data\Cedar\full_org\original_7_22.png,C:\Users\arfan\OneDrive\Desktop\forgery\data\Cedar\full_forg\forgeries_7_21.png,0,7
C:\Users\arfan\OneDrive\Desktop\forgery\data\Cedar\full_org\original_36_2.png,C:\Users\arfan\OneDrive\Desktop\forgery\data\Cedar\full_org\original_36_21.png,1,36
C:\Users\arfan\OneDrive\Desktop\forgery\data\Cedar\full_org\original_27_16.png,C:\Users\arfan\OneDrive\Desktop\forgery\data\Cedar\full_org\original_27_19.png,1,27
C:\Users\arfan\OneDrive\Desktop\forgery\data\Cedar\full_org\original_26_15.png,C:\Users\arfan\OneDrive\Desktop\forgery\data\Cedar\full_org\original_26_8.png,1,26
C:\Users\arfan\OneDrive\Desktop\forgery\data\Cedar\full_org\original_48_13.png,C:\Users\arfan\OneDrive\Desktop\forgery\data\Cedar\full_org\original_48_7.png,1,48
C:\Users\arfan\OneDrive\Desktop\forgery\data\Cedar\full_org\original_25_14.png,C:\Users\arfan\OneDrive\Desktop\forgery\data\Cedar\full_org\original_25_8.png,1,25
C:\Users\arfan\OneDrive\Desktop\forgery\data\Cedar\full_org\original_32_13.png,C:\Users\arfan\OneDrive\Desktop\forgery\data\Cedar\full_org\original_32_24.png,1,32
C:\Users\arfan\OneDrive\Desktop\forgery\data\Cedar\full_org\original_34_15.png,C:\Users\arfan\OneDrive\Desktop\forgery\data\Cedar\full_forg\forgeries_34_22.png,0,34
C:\Users\arfan\OneDrive\Desktop\forgery\data\Cedar\full_org\original_26_2.png,C:\Users\arfan\OneDrive\Desktop\forgery\data\Cedar\full_org\original_26_23.png,1,26
C:\Users\arfan\OneDrive\Desktop\forgery\data\Cedar\full_org\original_55_7.png,C:\Users\arfan\OneDrive\Desktop\forgery\data\Cedar\full_org\original_55_8.png,1,55
C:\Users\arfan\OneDrive\Desktop\forgery\data\Cedar\full_org\original_55_13.png,C:\Users\arfan\OneDrive\Desktop\forgery\data\Cedar\full_forg\forgeries_55_20.png,0,55
C:\Users\arfan\OneDrive\Desktop\forgery\data\Cedar\full_org\original_8_14.png,C:\Users\arfan\OneDrive\Desktop\forgery\data\Cedar\full_org\original_8_5.png,1,8
C:\Users\arfan\OneDrive\Desktop\forgery\data\Cedar\full_org\original_49_20.png,C:\Users\arfan\OneDrive\Desktop\forgery\data\Cedar\full_org\original_49_5.png,1,49
C:\Users\arfan\OneDrive\Desktop\forgery\data\Cedar\full_org\original_24_20.png,C:\Users\arfan\OneDrive\Desktop\forgery\data\Cedar\full_forg\forgeries_24_6.png,0,24
C:\Users\arfan\OneDrive\Desktop\forgery\data\Cedar\full_org\original_4_15.png,C:\Users\arfan\OneDrive\Desktop\forgery\data\Cedar\full_forg\forgeries_4_21.png,0,4
C:\Users\arfan\OneDrive\Desktop\forgery\data\Cedar\full_org\original_1_12.png,C:\Users\arfan\OneDrive\Desktop\forgery\data\Cedar\full_org\original_1_6.png,1,1
C:\Users\arfan\OneDrive\Desktop\forgery\data\Cedar\full_org\original_55_18.png,C:\Users\arfan\OneDrive\Desktop\forgery\data\Cedar\full_org\original_55_23.png,1,55
C:\Users\arfan\OneDrive\Desktop\forgery\data\Cedar\full_org\original_5_4.png,C:\Users\arfan\OneDrive\Desktop\forgery\data\Cedar\full_forg\forgeries_5_4.png,0,5
C:\Users\arfan\OneDrive\Desktop\forgery\data\Cedar\full_org\original_29_11.png,C:\Users\arfan\OneDrive\Desktop\forgery\data\Cedar\full_org\original_29_22.png,1,29
C:\Users\arfan\OneDrive\Desktop\forgery\data\Cedar\full_org\original_51_12.png,C:\Users\arfan\OneDrive\Desktop\forgery\data\Cedar\full_forg\forgeries_51_22.png,0,51
C:\Users\arfan\OneDrive\Desktop\forgery\data\Cedar\full_org\original_32_1.png,C:\Users\arfan\OneDrive\Desktop\forgery\data\Cedar\full_forg\forgeries_32_9.png,0,32
C:\Users\arfan\OneDrive\Desktop\forgery\data\Cedar\full_org\original_53_15.png,C:\Users\arfan\OneDrive\Desktop\forgery\data\Cedar\full_org\original_53_20.png,1,53
C:\Users\arfan\OneDrive\Desktop\forgery\data\Cedar\full_org\original_4_24.png,C:\Users\arfan\OneDrive\Desktop\forgery\data\Cedar\full_forg\forgeries_4_18.png,0,4
C:\Users\arfan\OneDrive\Desktop\forgery\data\Cedar\full_org\original_8_1.png,C:\Users\arfan\OneDrive\Desktop\forgery\data\Cedar\full_forg\forgeries_8_9.png,0,8
C:\Users\arfan\OneDrive\Desktop\forgery\data\Cedar\full_org\original_20_4.png,C:\Users\arfan\OneDrive\Desktop\forgery\data\Cedar\full_forg\forgeries_20_24.png,0,20
C:\Users\arfan\OneDrive\Desktop\forgery\data\Cedar\full_org\original_26_1.png,C:\Users\arfan\OneDrive\Desktop\forgery\data\Cedar\full_forg\forgeries_26_11.png,0,26
C:\Users\arfan\OneDrive\Desktop\forgery\data\Cedar\full_org\original_12_1.png,C:\Users\arfan\OneDrive\Desktop\forgery\data\Cedar\full_forg\forgeries_12_8.png,0,12
C:\Users\arfan\OneDrive\Desktop\forgery\data\Cedar\full_org\original_4_8.png,C:\Users\arfan\OneDrive\Desktop\forgery\data\Cedar\full_forg\forgeries_4_12.png,0,4
C:\Users\arfan\OneDrive\Desktop\forgery\data\Cedar\full_org\original_20_12.png,C:\Users\arfan\OneDrive\Desktop\forgery\data\Cedar\full_org\original_20_13.png,1,20
C:\Users\arfan\OneDrive\Desktop\forgery\data\Cedar\full_org\original_45_10.png,C:\Users\arfan\OneDrive\Desktop\forgery\data\Cedar\full_org\original_45_9.png,1,45
C:\Users\arfan\OneDrive\Desktop\forgery\data\Cedar\full_org\original_6_12.png,C:\Users\arfan\OneDrive\Desktop\forgery\data\Cedar\full_org\original_6_23.png,1,6
C:\Users\arfan\OneDrive\Desktop\forgery\data\Cedar\full_org\original_18_19.png,C:\Users\arfan\OneDrive\Desktop\forgery\data\Cedar\full_org\original_18_22.png,1,18
C:\Users\arfan\OneDrive\Desktop\forgery\data\Cedar\full_org\original_4_5.png,C:\Users\arfan\OneDrive\Desktop\forgery\data\Cedar\full_forg\forgeries_4_5.png,0,4
C:\Users\arfan\OneDrive\Desktop\forgery\data\Cedar\full_org\original_29_16.png,C:\Users\arfan\OneDrive\Desktop\forgery\data\Cedar\full_org\original_29_20.png,1,29
C:\Users\arfan\OneDrive\Desktop\forgery\data\Cedar\full_org\original_50_17.png,C:\Users\arfan\OneDrive\Desktop\forgery\data\Cedar\full_org\original_50_20.png,1,50
C:\Users\arfan\OneDrive\Desktop\forgery\data\Cedar\full_org\original_32_10.png,C:\Users\arfan\OneDrive\Desktop\forgery\data\Cedar\full_forg\forgeries_32_9.png,0,32
C:\Users\arfan\OneDrive\Desktop\forgery\data\Cedar\full_org\original_4_17.png,C:\Users\arfan\OneDrive\Desktop\forgery\data\Cedar\full_org\original_4_24.png,1,4
C:\Users\arfan\OneDrive\Desktop\forgery\data\Cedar\full_org\original_4_23.png,C:\Users\arfan\OneDrive\Desktop\forgery\data\Cedar\full_org\original_4_8.png,1,4
C:\Users\arfan\OneDrive\Desktop\forgery\data\Cedar\full_org\original_10_5.png,C:\Users\arfan\OneDrive\Desktop\forgery\data\Cedar\full_forg\forgeries_10_1.png,0,10
C:\Users\arfan\OneDrive\Desktop\forgery\data\Cedar\full_org\original_45_1.png,C:\Users\arfan\OneDrive\Desktop\forgery\data\Cedar\full_org\original_45_22.png,1,45
C:\Users\arfan\OneDrive\Desktop\forgery\data\Cedar\full_org\original_7_4.png,C:\Users\arfan\OneDrive\Desktop\forgery\data\Cedar\full_forg\forgeries_7_5.png,0,7
C:\Users\arfan\OneDrive\Desktop\forgery\data\Cedar\full_org\original_14_1.png,C:\Users\arfan\OneDrive\Desktop\forgery\data\Cedar\full_org\original_14_17.png,1,14
C:\Users\arfan\OneDrive\Desktop\forgery\data\Cedar\full_org\original_32_19.png,C:\Users\arfan\OneDrive\Desktop\forgery\data\Cedar\full_org\original_32_8.png,1,32
C:\Users\arfan\OneDrive\Desktop\forgery\data\Cedar\full_org\original_6_17.png,C:\Users\arfan\OneDrive\Desktop\forgery\data\Cedar\full_org\original_6_22.png,1,6
C:\Users\arfan\OneDrive\Desktop\forgery\data\Cedar\full_org\original_34_18.png,C:\Users\arfan\OneDrive\Desktop\forgery\data\Cedar\full_org\original_34_4.png,1,34
C:\Users\arfan\OneDrive\Desktop\forgery\data\Cedar\full_org\original_6_9.png,C:\Users\arfan\OneDrive\Desktop\forgery\data\Cedar\full_forg\forgeries_6_16.png,0,6
C:\Users\arfan\OneDrive\Desktop\forgery\data\Cedar\full_org\original_52_16.png,C:\Users\arfan\OneDrive\Desktop\forgery\data\Cedar\full_org\original_52_22.png,1,52
C:\Users\arfan\OneDrive\Desktop\forgery\data\Cedar\full_org\original_53_13.png,C:\Users\arfan\OneDrive\Desktop\forgery\data\Cedar\full_org\original_53_18.png,1,53
C:\Users\arfan\OneDrive\Desktop\forgery\data\Cedar\full_org\original_49_4.png,C:\Users\arfan\OneDrive\Desktop\forgery\data\Cedar\full_forg\forgeries_49_24.png,0,49
C:\Users\arfan\OneDrive\Desktop\forgery\data\Cedar\full_org\original_26_24.png,C:\Users\arfan\OneDrive\Desktop\forgery\data\Cedar\full_forg\forgeries_26_9.png,0,26
C:\Users\arfan\OneDrive\Desktop\forgery\data\Cedar\full_org\original_55_15.png,C:\Users\arfan\OneDrive\Desktop\forgery\data\Cedar\full_forg\forgeries_55_21.png,0,55
C:\Users\arfan\OneDrive\Desktop\forgery\data\Cedar\full_org\original_21_2.png,C:\Users\arfan\OneDrive\Desktop\forgery\data\Cedar\full_forg\forgeries_21_11.png,0,21
C:\Users\arfan\OneDrive\Desktop\forgery\data\Cedar\full_org\original_15_16.png,C:\Users\arfan\OneDrive\Desktop\forgery\data\Cedar\full_org\original_15_7.png,1,15
C:\Users\arfan\OneDrive\Desktop\forgery\data\Cedar\full_org\original_13_12.png,C:\Users\arfan\OneDrive\Desktop\forgery\data\Cedar\full_forg\forgeries_13_7.png,0,13
C:\Users\arfan\OneDrive\Desktop\forgery\data\Cedar\full_org\original_27_13.png,C:\Users\arfan\OneDrive\Desktop\forgery\data\Cedar\full_org\original_27_15.png,1,27
C:\Users\arfan\OneDrive\Desktop\forgery\data\Cedar\full_org\original_26_19.png,C:\Users\arfan\OneDrive\Desktop\forgery\data\Cedar\full_org\original_26_22.png,1,26
C:\Users\arfan\OneDrive\Desktop\forgery\data\Cedar\full_org\original_5_10.png,C:\Users\arfan\OneDrive\Desktop\forgery\data\Cedar\full_org\original_5_8.png,1,5
C:\Users\arfan\OneDrive\Desktop\forgery\data\Cedar\full_org\original_42_21.png,C:\Users\arfan\OneDrive\Desktop\forgery\data\Cedar\full_forg\forgeries_42_21.png,0,42
C:\Users\arfan\OneDrive\Desktop\forgery\data\Cedar\full_org\original_39_2.png,C:\Users\arfan\OneDrive\Desktop\forgery\data\Cedar\full_forg\forgeries_39_13.png,0,39
C:\Users\arfan\OneDrive\Desktop\forgery\data\Cedar\full_org\original_17_23.png,C:\Users\arfan\OneDrive\Desktop\forgery\data\Cedar\full_forg\forgeries_17_10.png,0,17
C:\Users\arfan\OneDrive\Desktop\forgery\data\Cedar\full_org\original_13_16.png,C:\Users\arfan\OneDrive\Desktop\forgery\data\Cedar\full_forg\forgeries_13_12.png,0,13
C:\Users\arfan\OneDrive\Desktop\forgery\data\Cedar\full_org\original_6_7.png,C:\Users\arfan\OneDrive\Desktop\forgery\data\Cedar\full_forg\forgeries_6_18.png,0,6
C:\Users\arfan\OneDrive\Desktop\forgery\data\Cedar\full_org\original_40_8.png,C:\Users\arfan\OneDrive\Desktop\forgery\data\Cedar\full_forg\forgeries_40_4.png,0,40
C:\Users\arfan\OneDrive\Desktop\forgery\data\Cedar\full_org\original_27_19.png,C:\Users\arfan\OneDrive\Desktop\forgery\data\Cedar\full_forg\forgeries_27_23.png,0,27
C:\Users\arfan\OneDrive\Desktop\forgery\data\Cedar\full_org\original_38_13.png,C:\Users\arfan\OneDrive\Desktop\forgery\data\Cedar\full_org\original_38_4.png,1,38
C:\Users\arfan\OneDrive\Desktop\forgery\data\Cedar\full_org\original_10_24.png,C:\Users\arfan\OneDrive\Desktop\forgery\data\Cedar\full_forg\forgeries_10_19.png,0,10
C:\Users\arfan\OneDrive\Desktop\forgery\data\Cedar\full_org\original_55_1.png,C:\Users\arfan\OneDrive\Desktop\forgery\data\Cedar\full_org\original_55_23.png,1,55
C:\Users\arfan\OneDrive\Desktop\forgery\data\Cedar\full_org\original_9_16.png,C:\Users\arfan\OneDrive\Desktop\forgery\data\Cedar\full_forg\forgeries_9_11.png,0,9
C:\Users\arfan\OneDrive\Desktop\forgery\data\Cedar\full_org\original_48_10.png,C:\Users\arfan\OneDrive\Desktop\forgery\data\Cedar\full_org\original_48_15.png,1,48
C:\Users\arfan\OneDrive\Desktop\forgery\data\Cedar\full_org\original_25_22.png,C:\Users\arfan\OneDrive\Desktop\forgery\data\Cedar\full_forg\forgeries_25_22.png,0,25
C:\Users\arfan\OneDrive\Desktop\forgery\data\Cedar\full_org\original_22_7.png,C:\Users\arfan\OneDrive\Desktop\forgery\data\Cedar\full_forg\forgeries_22_15.png,0,22
C:\Users\arfan\OneDrive\Desktop\forgery\data\Cedar\full_org\original_32_15.png,C:\Users\arfan\OneDrive\Desktop\forgery\data\Cedar\full_org\original_32_17.png,1,32
C:\Users\arfan\OneDrive\Desktop\forgery\data\Cedar\full_org\original_20_14.png,C:\Users\arfan\OneDrive\Desktop\forgery\data\Cedar\full_org\original_20_5.png,1,20
C:\Users\arfan\OneDrive\Desktop\forgery\data\Cedar\full_org\original_15_8.png,C:\Users\arfan\OneDrive\Desktop\forgery\data\Cedar\full_forg\forgeries_15_20.png,0,15
C:\Users\arfan\OneDrive\Desktop\forgery\data\Cedar\full_org\original_8_13.png,C:\Users\arfan\OneDrive\Desktop\forgery\data\Cedar\full_org\original_8_6.png,1,8
C:\Users\arfan\OneDrive\Desktop\forgery\data\Cedar\full_org\original_21_16.png,C:\Users\arfan\OneDrive\Desktop\forgery\data\Cedar\full_forg\forgeries_21_3.png,0,21
C:\Users\arfan\OneDrive\Desktop\forgery\data\Cedar\full_org\original_22_16.png,C:\Users\arfan\OneDrive\Desktop\forgery\data\Cedar\full_forg\forgeries_22_15.png,0,22
C:\Users\arfan\OneDrive\Desktop\forgery\data\Cedar\full_org\original_9_14.png,C:\Users\arfan\OneDrive\Desktop\forgery\data\Cedar\full_org\original_9_19.png,1,9
C:\Users\arfan\OneDrive\Desktop\forgery\data\Cedar\full_org\original_27_9.png,C:\Users\arfan\OneDrive\Desktop\forgery\data\Cedar\full_forg\forgeries_27_14.png,0,27
C:\Users\arfan\OneDrive\Desktop\forgery\data\Cedar\full_org\original_17_16.png,C:\Users\arfan\OneDrive\Desktop\forgery\data\Cedar\full_org\original_17_6.png,1,17
C:\Users\arfan\OneDrive\Desktop\forgery\data\Cedar\full_org\original_17_18.png,C:\Users\arfan\OneDrive\Desktop\forgery\data\Cedar\full_forg\forgeries_17_2.png,0,17
C:\Users\arfan\OneDrive\Desktop\forgery\data\Cedar\full_org\original_17_19.png,C:\Users\arfan\OneDrive\Desktop\forgery\data\Cedar\full_org\original_17_21.png,1,17
C:\Users\arfan\OneDrive\Desktop\forgery\data\Cedar\full_org\original_22_1.png,C:\Users\arfan\OneDrive\Desktop\forgery\data\Cedar\full_forg\forgeries_22_24.png,0,22
C:\Users\arfan\OneDrive\Desktop\forgery\data\Cedar\full_org\original_5_19.png,C:\Users\arfan\OneDrive\Desktop\forgery\data\Cedar\full_org\original_5_5.png,1,5
C:\Users\arfan\OneDrive\Desktop\forgery\data\Cedar\full_org\original_53_23.png,C:\Users\arfan\OneDrive\Desktop\forgery\data\Cedar\full_forg\forgeries_53_18.png,0,53
C:\Users\arfan\OneDrive\Desktop\forgery\data\Cedar\full_org\original_8_8.png,C:\Users\arfan\OneDrive\Desktop\forgery\data\Cedar\full_forg\forgeries_8_13.png,0,8
C:\Users\arfan\OneDrive\Desktop\forgery\data\Cedar\full_org\original_27_1.png,C:\Users\arfan\OneDrive\Desktop\forgery\data\Cedar\full_forg\forgeries_27_6.png,0,27
C:\Users\arfan\OneDrive\Desktop\forgery\data\Cedar\full_org\original_8_24.png,C:\Users\arfan\OneDrive\Desktop\forgery\data\Cedar\full_org\original_8_5.png,1,8
C:\Users\arfan\OneDrive\Desktop\forgery\data\Cedar\full_org\original_25_3.png,C:\Users\arfan\OneDrive\Desktop\forgery\data\Cedar\full_org\original_25_7.png,1,25
C:\Users\arfan\OneDrive\Desktop\forgery\data\Cedar\full_org\original_48_14.png,C:\Users\arfan\OneDrive\Desktop\forgery\data\Cedar\full_org\original_48_9.png,1,48
C:\Users\arfan\OneDrive\Desktop\forgery\data\Cedar\full_org\original_37_3.png,C:\Users\arfan\OneDrive\Desktop\forgery\data\Cedar\full_forg\forgeries_37_18.png,0,37
C:\Users\arfan\OneDrive\Desktop\forgery\data\Cedar\full_org\original_25_15.png,C:\Users\arfan\OneDrive\Desktop\forgery\data\Cedar\full_org\original_25_4.png,1,25
C:\Users\arfan\OneDrive\Desktop\forgery\data\Cedar\full_org\original_25_22.png,C:\Users\arfan\OneDrive\Desktop\forgery\data\Cedar\full_forg\forgeries_25_5.png,0,25
C:\Users\arfan\OneDrive\Desktop\forgery\data\Cedar\full_org\original_40_22.png,C:\Users\arfan\OneDrive\Desktop\forgery\data\Cedar\full_forg\forgeries_40_9.png,0,40
C:\Users\arfan\OneDrive\Desktop\forgery\data\Cedar\full_org\original_41_12.png,C:\Users\arfan\OneDrive\Desktop\forgery\data\Cedar\full_org\original_41_14.png,1,41
C:\Users\arfan\OneDrive\Desktop\forgery\data\Cedar\full_org\original_29_17.png,C:\Users\arfan\OneDrive\Desktop\forgery\data\Cedar\full_org\original_29_20.png,1,29
C:\Users\arfan\OneDrive\Desktop\forgery\data\Cedar\full_org\original_38_10.png,C:\Users\arfan\OneDrive\Desktop\forgery\data\Cedar\full_org\original_38_23.png,1,38
C:\Users\arfan\OneDrive\Desktop\forgery\data\Cedar\full_org\original_26_12.png,C:\Users\arfan\OneDrive\Desktop\forgery\data\Cedar\full_org\original_26_3.png,1,26
C:\Users\arfan\OneDrive\Desktop\forgery\data\Cedar\full_org\original_37_15.png,C:\Users\arfan\OneDrive\Desktop\forgery\data\Cedar\full_org\original_37_21.png,1,37
C:\Users\arfan\OneDrive\Desktop\forgery\data\Cedar\full_org\original_27_8.png,C:\Users\arfan\OneDrive\Desktop\forgery\data\Cedar\full_forg\forgeries_27_3.png,0,27
C:\Users\arfan\OneDrive\Desktop\forgery\data\Cedar\full_org\original_13_20.png,C:\Users\arfan\OneDrive\Desktop\forgery\data\Cedar\full_forg\forgeries_13_19.png,0,13
C:\Users\arfan\OneDrive\Desktop\forgery\data\Cedar\full_org\original_25_8.png,C:\Users\arfan\OneDrive\Desktop\forgery\data\Cedar\full_forg\forgeries_25_9.png,0,25
C:\Users\arfan\OneDrive\Desktop\forgery\data\Cedar\full_org\original_26_23.png,C:\Users\arfan\OneDrive\Desktop\forgery\data\Cedar\full_forg\forgeries_26_2.png,0,26
C:\Users\arfan\OneDrive\Desktop\forgery\data\Cedar\full_org\original_20_16.png,C:\Users\arfan\OneDrive\Desktop\forgery\data\Cedar\full_forg\forgeries_20_4.png,0,20
C:\Users\arfan\OneDrive\Desktop\forgery\data\Cedar\full_org\original_50_14.png,C:\Users\arfan\OneDrive\Desktop\forgery\data\Cedar\full_forg\forgeries_50_20.png,0,50
C:\Users\arfan\OneDrive\Desktop\forgery\data\Cedar\full_org\original_7_17.png,C:\Users\arfan\OneDrive\Desktop\forgery\data\Cedar\full_forg\forgeries_7_18.png,0,7
C:\Users\arfan\OneDrive\Desktop\forgery\data\Cedar\full_org\original_8_20.png,C:\Users\arfan\OneDrive\Desktop\forgery\data\Cedar\full_forg\forgeries_8_19.png,0,8
C:\Users\arfan\OneDrive\Desktop\forgery\data\Cedar\full_org\original_43_13.png,C:\Users\arfan\OneDrive\Desktop\forgery\data\Cedar\full_org\original_43_4.png,1,43
C:\Users\arfan\OneDrive\Desktop\forgery\data\Cedar\full_org\original_47_14.png,C:\Users\arfan\OneDrive\Desktop\forgery\data\Cedar\full_org\original_47_21.png,1,47
C:\Users\arfan\OneDrive\Desktop\forgery\data\Cedar\full_org\original_18_15.png,C:\Users\arfan\OneDrive\Desktop\forgery\data\Cedar\full_forg\forgeries_18_16.png,0,18
C:\Users\arfan\OneDrive\Desktop\forgery\data\Cedar\full_org\original_20_19.png,C:\Users\arfan\OneDrive\Desktop\forgery\data\Cedar\full_forg\forgeries_20_4.png,0,20
C:\Users\arfan\OneDrive\Desktop\forgery\data\Cedar\full_org\original_9_11.png,C:\Users\arfan\OneDrive\Desktop\forgery\data\Cedar\full_org\original_9_4.png,1,9
C:\Users\arfan\OneDrive\Desktop\forgery\data\Cedar\full_org\original_47_11.png,C:\Users\arfan\OneDrive\Desktop\forgery\data\Cedar\full_org\original_47_17.png,1,47
C:\Users\arfan\OneDrive\Desktop\forgery\data\Cedar\full_org\original_34_5.png,C:\Users\arfan\OneDrive\Desktop\forgery\data\Cedar\full_forg\forgeries_34_14.png,0,34
C:\Users\arfan\OneDrive\Desktop\forgery\data\Cedar\full_org\original_20_20.png,C:\Users\arfan\OneDrive\Desktop\forgery\data\Cedar\full_forg\forgeries_20_11.png,0,20
C:\Users\arfan\OneDrive\Desktop\forgery\data\Cedar\full_org\original_46_21.png,C:\Users\arfan\OneDrive\Desktop\forgery\data\Cedar\full_forg\forgeries_46_12.png,0,46
C:\Users\arfan\OneDrive\Desktop\forgery\data\Cedar\full_org\original_25_12.png,C:\Users\arfan\OneDrive\Desktop\forgery\data\Cedar\full_org\original_25_24.png,1,25
C:\Users\arfan\OneDrive\Desktop\forgery\data\Cedar\full_org\original_3_17.png,C:\Users\arfan\OneDrive\Desktop\forgery\data\Cedar\full_org\original_3_7.png,1,3
C:\Users\arfan\OneDrive\Desktop\forgery\data\Cedar\full_org\original_20_15.png,C:\Users\arfan\OneDrive\Desktop\forgery\data\Cedar\full_org\original_20_24.png,1,20
C:\Users\arfan\OneDrive\Desktop\forgery\data\Cedar\full_org\original_46_21.png,C:\Users\arfan\OneDrive\Desktop\forgery\data\Cedar\full_org\original_46_4.png,1,46
C:\Users\arfan\OneDrive\Desktop\forgery\data\Cedar\full_org\original_14_1.png,C:\Users\arfan\OneDrive\Desktop\forgery\data\Cedar\full_org\original_14_23.png,1,14
C:\Users\arfan\OneDrive\Desktop\forgery\data\Cedar\full_org\original_26_7.png,C:\Users\arfan\OneDrive\Desktop\forgery\data\Cedar\full_forg\forgeries_26_24.png,0,26
C:\Users\arfan\OneDrive\Desktop\forgery\data\Cedar\full_org\original_45_1.png,C:\Users\arfan\OneDrive\Desktop\forgery\data\Cedar\full_org\original_45_10.png,1,45
C:\Users\arfan\OneDrive\Desktop\forgery\data\Cedar\full_org\original_12_14.png,C:\Users\arfan\OneDrive\Desktop\forgery\data\Cedar\full_org\original_12_16.png,1,12
C:\Users\arfan\OneDrive\Desktop\forgery\data\Cedar\full_org\original_47_19.png,C:\Users\arfan\OneDrive\Desktop\forgery\data\Cedar\full_org\original_47_21.png,1,47
C:\Users\arfan\OneDrive\Desktop\forgery\data\Cedar\full_org\original_22_8.png,C:\Users\arfan\OneDrive\Desktop\forgery\data\Cedar\full_forg\forgeries_22_20.png,0,22
C:\Users\arfan\OneDrive\Desktop\forgery\data\Cedar\full_org\original_34_18.png,C:\Users\arfan\OneDrive\Desktop\forgery\data\Cedar\full_forg\forgeries_34_11.png,0,34
C:\Users\arfan\OneDrive\Desktop\forgery\data\Cedar\full_org\original_46_10.png,C:\Users\arfan\OneDrive\Desktop\forgery\data\Cedar\full_org\original_46_21.png,1,46
C:\Users\arfan\OneDrive\Desktop\forgery\data\Cedar\full_org\original_9_2.png,C:\Users\arfan\OneDrive\Desktop\forgery\data\Cedar\full_org\original_9_5.png,1,9
C:\Users\arfan\OneDrive\Desktop\forgery\data\Cedar\full_org\original_3_13.png,C:\Users\arfan\OneDrive\Desktop\forgery\data\Cedar\full_org\original_3_9.png,1,3
C:\Users\arfan\OneDrive\Desktop\forgery\data\Cedar\full_org\original_46_24.png,C:\Users\arfan\OneDrive\Desktop\forgery\data\Cedar\full_org\original_46_8.png,1,46
C:\Users\arfan\OneDrive\Desktop\forgery\data\Cedar\full_org\original_53_9.png,C:\Users\arfan\OneDrive\Desktop\forgery\data\Cedar\full_forg\forgeries_53_24.png,0,53
C:\Users\arfan\OneDrive\Desktop\forgery\data\Cedar\full_org\original_9_19.png,C:\Users\arfan\OneDrive\Desktop\forgery\data\Cedar\full_forg\forgeries_9_5.png,0,9
C:\Users\arfan\OneDrive\Desktop\forgery\data\Cedar\full_org\original_47_22.png,C:\Users\arfan\OneDrive\Desktop\forgery\data\Cedar\full_org\original_47_8.png,1,47
C:\Users\arfan\OneDrive\Desktop\forgery\data\Cedar\full_org\original_9_2.png,C:\Users\arfan\OneDrive\Desktop\forgery\data\Cedar\full_org\original_9_3.png,1,9
C:\Users\arfan\OneDrive\Desktop\forgery\data\Cedar\full_org\original_17_4.png,C:\Users\arfan\OneDrive\Desktop\forgery\data\Cedar\full_forg\forgeries_17_10.png,0,17
C:\Users\arfan\OneDrive\Desktop\forgery\data\Cedar\full_org\original_12_14.png,C:\Users\arfan\OneDrive\Desktop\forgery\data\Cedar\full_forg\forgeries_12_14.png,0,12
C:\Users\arfan\OneDrive\Desktop\forgery\data\Cedar\full_org\original_3_16.png,C:\Users\arfan\OneDrive\Desktop\forgery\data\Cedar\full_org\original_3_19.png,1,3
C:\Users\arfan\OneDrive\Desktop\forgery\data\Cedar\full_org\original_29_16.png,C:\Users\arfan\OneDrive\Desktop\forgery\data\Cedar\full_org\original_29_2.png,1,29
C:\Users\arfan\OneDrive\Desktop\forgery\data\Cedar\full_org\original_22_1.png,C:\Users\arfan\OneDrive\Desktop\forgery\data\Cedar\full_org\original_22_7.png,1,22
C:\Users\arfan\OneDrive\Desktop\forgery\data\Cedar\full_org\original_12_2.png,C:\Users\arfan\OneDrive\Desktop\forgery\data\Cedar\full_forg\forgeries_12_10.png,0,12
C:\Users\arfan\OneDrive\Desktop\forgery\data\Cedar\full_org\original_29_14.png,C:\Users\arfan\OneDrive\Desktop\forgery\data\Cedar\full_forg\forgeries_29_8.png,0,29
C:\Users\arfan\OneDrive\Desktop\forgery\data\Cedar\full_org\original_12_18.png,C:\Users\arfan\OneDrive\Desktop\forgery\data\Cedar\full_forg\forgeries_12_3.png,0,12
C:\Users\arfan\OneDrive\Desktop\forgery\data\Cedar\full_org\original_5_11.png,C:\Users\arfan\OneDrive\Desktop\forgery\data\Cedar\full_org\original_5_7.png,1,5
C:\Users\arfan\OneDrive\Desktop\forgery\data\Cedar\full_org\original_49_23.png,C:\Users\arfan\OneDrive\Desktop\forgery\data\Cedar\full_forg\forgeries_49_19.png,0,49
C:\Users\arfan\OneDrive\Desktop\forgery\data\Cedar\full_org\original_37_14.png,C:\Users\arfan\OneDrive\Desktop\forgery\data\Cedar\full_forg\forgeries_37_8.png,0,37
C:\Users\arfan\OneDrive\Desktop\forgery\data\Cedar\full_org\original_37_2.png,C:\Users\arfan\OneDrive\Desktop\forgery\data\Cedar\full_org\original_37_4.png,1,37
C:\Users\arfan\OneDrive\Desktop\forgery\data\Cedar\full_org\original_8_9.png,C:\Users\arfan\OneDrive\Desktop\forgery\data\Cedar\full_forg\forgeries_8_4.png,0,8
C:\Users\arfan\OneDrive\Desktop\forgery\data\Cedar\full_org\original_24_16.png,C:\Users\arfan\OneDrive\Desktop\forgery\data\Cedar\full_org\original_24_3.png,1,24
C:\Users\arfan\OneDrive\Desktop\forgery\data\Cedar\full_org\original_39_16.png,C:\Users\arfan\OneDrive\Desktop\forgery\data\Cedar\full_org\original_39_5.png,1,39
C:\Users\arfan\OneDrive\Desktop\forgery\data\Cedar\full_org\original_39_16.png,C:\Users\arfan\OneDrive\Desktop\forgery\data\Cedar\full_org\original_39_20.png,1,39
C:\Users\arfan\OneDrive\Desktop\forgery\data\Cedar\full_org\original_39_10.png,C:\Users\arfan\OneDrive\Desktop\forgery\data\Cedar\full_forg\forgeries_39_5.png,0,39
C:\Users\arfan\OneDrive\Desktop\forgery\data\Cedar\full_org\original_39_18.png,C:\Users\arfan\OneDrive\Desktop\forgery\data\Cedar\full_org\original_39_3.png,1,39
C:\Users\arfan\OneDrive\Desktop\forgery\data\Cedar\full_org\original_48_18.png,C:\Users\arfan\OneDrive\Desktop\forgery\data\Cedar\full_forg\forgeries_48_11.png,0,48
C:\Users\arfan\OneDrive\Desktop\forgery\data\Cedar\full_org\original_12_8.png,C:\Users\arfan\OneDrive\Desktop\forgery\data\Cedar\full_forg\forgeries_12_4.png,0,12
C:\Users\arfan\OneDrive\Desktop\forgery\data\Cedar\full_org\original_53_19.png,C:\Users\arfan\OneDrive\Desktop\forgery\data\Cedar\full_forg\forgeries_53_21.png,0,53
C:\Users\arfan\OneDrive\Desktop\forgery\data\Cedar\full_org\original_40_3.png,C:\Users\arfan\OneDrive\Desktop\forgery\data\Cedar\full_org\original_40_7.png,1,40
C:\Users\arfan\OneDrive\Desktop\forgery\data\Cedar\full_org\original_54_14.png,C:\Users\arfan\OneDrive\Desktop\forgery\data\Cedar\full_org\original_54_19.png,1,54
C:\Users\arfan\OneDrive\Desktop\forgery\data\Cedar\full_org\original_49_22.png,C:\Users\arfan\OneDrive\Desktop\forgery\data\Cedar\full_org\original_49_3.png,1,49
C:\Users\arfan\OneDrive\Desktop\forgery\data\Cedar\full_org\original_37_11.png,C:\Users\arfan\OneDrive\Desktop\forgery\data\Cedar\full_forg\forgeries_37_1.png,0,37
C:\Users\arfan\OneDrive\Desktop\forgery\data\Cedar\full_org\original_50_19.png,C:\Users\arfan\OneDrive\Desktop\forgery\data\Cedar\full_org\original_50_5.png,1,50
C:\Users\arfan\OneDrive\Desktop\forgery\data\Cedar\full_org\original_4_13.png,C:\Users\arfan\OneDrive\Desktop\forgery\data\Cedar\full_org\original_4_16.png,1,4
C:\Users\arfan\OneDrive\Desktop\forgery\data\Cedar\full_org\original_34_23.png,C:\Users\arfan\OneDrive\Desktop\forgery\data\Cedar\full_forg\forgeries_34_11.png,0,34
C:\Users\arfan\OneDrive\Desktop\forgery\data\Cedar\full_org\original_47_22.png,C:\Users\arfan\OneDrive\Desktop\forgery\data\Cedar\full_forg\forgeries_47_9.png,0,47
C:\Users\arfan\OneDrive\Desktop\forgery\data\Cedar\full_org\original_34_19.png,C:\Users\arfan\OneDrive\Desktop\forgery\data\Cedar\full_forg\forgeries_34_21.png,0,34
C:\Users\arfan\OneDrive\Desktop\forgery\data\Cedar\full_org\original_4_17.png,C:\Users\arfan\OneDrive\Desktop\forgery\data\Cedar\full_org\original_4_6.png,1,4
C:\Users\arfan\OneDrive\Desktop\forgery\data\Cedar\full_org\original_10_24.png,C:\Users\arfan\OneDrive\Desktop\forgery\data\Cedar\full_forg\forgeries_10_8.png,0,10
C:\Users\arfan\OneDrive\Desktop\forgery\data\Cedar\full_org\original_49_12.png,C:\Users\arfan\OneDrive\Desktop\forgery\data\Cedar\full_forg\forgeries_49_7.png,0,49
C:\Users\arfan\OneDrive\Desktop\forgery\data\Cedar\full_org\original_52_11.png,C:\Users\arfan\OneDrive\Desktop\forgery\data\Cedar\full_forg\forgeries_52_16.png,0,52
C:\Users\arfan\OneDrive\Desktop\forgery\data\Cedar\full_org\original_5_8.png,C:\Users\arfan\OneDrive\Desktop\forgery\data\Cedar\full_forg\forgeries_5_11.png,0,5
C:\Users\arfan\OneDrive\Desktop\forgery\data\Cedar\full_org\original_21_16.png,C:\Users\arfan\OneDrive\Desktop\forgery\data\Cedar\full_org\original_21_17.png,1,21
C:\Users\arfan\OneDrive\Desktop\forgery\data\Cedar\full_org\original_22_6.png,C:\Users\arfan\OneDrive\Desktop\forgery\data\Cedar\full_org\original_22_9.png,1,22
C:\Users\arfan\OneDrive\Desktop\forgery\data\Cedar\full_org\original_42_15.png,C:\Users\arfan\OneDrive\Desktop\forgery\data\Cedar\full_forg\forgeries_42_23.png,0,42
C:\Users\arfan\OneDrive\Desktop\forgery\data\Cedar\full_org\original_50_7.png,C:\Users\arfan\OneDrive\Desktop\forgery\data\Cedar\full_forg\forgeries_50_8.png,0,50
C:\Users\arfan\OneDrive\Desktop\forgery\data\Cedar\full_org\original_51_19.png,C:\Users\arfan\OneDrive\Desktop\forgery\data\Cedar\full_org\original_51_21.png,1,51
C:\Users\arfan\OneDrive\Desktop\forgery\data\Cedar\full_org\original_13_13.png,C:\Users\arfan\OneDrive\Desktop\forgery\data\Cedar\full_org\original_13_20.png,1,13
C:\Users\arfan\OneDrive\Desktop\forgery\data\Cedar\full_org\original_45_11.png,C:\Users\arfan\OneDrive\Desktop\forgery\data\Cedar\full_forg\forgeries_45_20.png,0,45
C:\Users\arfan\OneDrive\Desktop\forgery\data\Cedar\full_org\original_44_3.png,C:\Users\arfan\OneDrive\Desktop\forgery\data\Cedar\full_forg\forgeries_44_22.png,0,44
C:\Users\arfan\OneDrive\Desktop\forgery\data\Cedar\full_org\original_5_5.png,C:\Users\arfan\OneDrive\Desktop\forgery\data\Cedar\full_forg\forgeries_5_4.png,0,5
C:\Users\arfan\OneDrive\Desktop\forgery\data\Cedar\full_org\original_44_10.png,C:\Users\arfan\OneDrive\Desktop\forgery\data\Cedar\full_org\original_44_7.png,1,44
C:\Users\arfan\OneDrive\Desktop\forgery\data\Cedar\full_org\original_39_11.png,C:\Users\arfan\OneDrive\Desktop\forgery\data\Cedar\full_org\original_39_13.png,1,39
C:\Users\arfan\OneDrive\Desktop\forgery\data\Cedar\full_org\original_37_9.png,C:\Users\arfan\OneDrive\Desktop\forgery\data\Cedar\full_forg\forgeries_37_5.png,0,37
C:\Users\arfan\OneDrive\Desktop\forgery\data\Cedar\full_org\original_15_12.png,C:\Users\arfan\OneDrive\Desktop\forgery\data\Cedar\full_org\original_15_16.png,1,15
C:\Users\arfan\OneDrive\Desktop\forgery\data\Cedar\full_org\original_40_24.png,C:\Users\arfan\OneDrive\Desktop\forgery\data\Cedar\full_forg\forgeries_40_17.png,0,40
C:\Users\arfan\OneDrive\Desktop\forgery\data\Cedar\full_org\original_17_4.png,C:\Users\arfan\OneDrive\Desktop\forgery\data\Cedar\full_org\original_17_8.png,1,17
C:\Users\arfan\OneDrive\Desktop\forgery\data\Cedar\full_org\original_54_19.png,C:\Users\arfan\OneDrive\Desktop\forgery\data\Cedar\full_forg\forgeries_54_10.png,0,54
C:\Users\arfan\OneDrive\Desktop\forgery\data\Cedar\full_org\original_43_17.png,C:\Users\arfan\OneDrive\Desktop\forgery\data\Cedar\full_org\original_43_2.png,1,43
C:\Users\arfan\OneDrive\Desktop\forgery\data\Cedar\full_org\original_8_22.png,C:\Users\arfan\OneDrive\Desktop\forgery\data\Cedar\full_org\original_8_3.png,1,8
C:\Users\arfan\OneDrive\Desktop\forgery\data\Cedar\full_org\original_25_20.png,C:\Users\arfan\OneDrive\Desktop\forgery\data\Cedar\full_org\original_25_9.png,1,25
C:\Users\arfan\OneDrive\Desktop\forgery\data\Cedar\full_org\original_55_19.png,C:\Users\arfan\OneDrive\Desktop\forgery\data\Cedar\full_forg\forgeries_55_19.png,0,55
C:\Users\arfan\OneDrive\Desktop\forgery\data\Cedar\full_org\original_52_19.png,C:\Users\arfan\OneDrive\Desktop\forgery\data\Cedar\full_org\original_52_21.png,1,52
C:\Users\arfan\OneDrive\Desktop\forgery\data\Cedar\full_org\original_8_9.png,C:\Users\arfan\OneDrive\Desktop\forgery\data\Cedar\full_forg\forgeries_8_5.png,0,8
C:\Users\arfan\OneDrive\Desktop\forgery\data\Cedar\full_org\original_10_17.png,C:\Users\arfan\OneDrive\Desktop\forgery\data\Cedar\full_forg\forgeries_10_9.png,0,10
C:\Users\arfan\OneDrive\Desktop\forgery\data\Cedar\full_org\original_3_15.png,C:\Users\arfan\OneDrive\Desktop\forgery\data\Cedar\full_forg\forgeries_3_24.png,0,3
C:\Users\arfan\OneDrive\Desktop\forgery\data\Cedar\full_org\original_46_15.png,C:\Users\arfan\OneDrive\Desktop\forgery\data\Cedar\full_org\original_46_9.png,1,46
C:\Users\arfan\OneDrive\Desktop\forgery\data\Cedar\full_org\original_22_6.png,C:\Users\arfan\OneDrive\Desktop\forgery\data\Cedar\full_forg\forgeries_22_9.png,0,22
C:\Users\arfan\OneDrive\Desktop\forgery\data\Cedar\full_org\original_52_11.png,C:\Users\arfan\OneDrive\Desktop\forgery\data\Cedar\full_org\original_52_24.png,1,52
C:\Users\arfan\OneDrive\Desktop\forgery\data\Cedar\full_org\original_46_21.png,C:\Users\arfan\OneDrive\Desktop\forgery\data\Cedar\full_forg\forgeries_46_3.png,0,46
C:\Users\arfan\OneDrive\Desktop\forgery\data\Cedar\full_org\original_49_17.png,C:\Users\arfan\OneDrive\Desktop\forgery\data\Cedar\full_forg\forgeries_49_23.png,0,49
C:\Users\arfan\OneDrive\Desktop\forgery\data\Cedar\full_org\original_3_19.png,C:\Users\arfan\OneDrive\Desktop\forgery\data\Cedar\full_forg\forgeries_3_6.png,0,3
C:\Users\arfan\OneDrive\Desktop\forgery\data\Cedar\full_org\original_15_19.png,C:\Users\arfan\OneDrive\Desktop\forgery\data\Cedar\full_forg\forgeries_15_14.png,0,15
C:\Users\arfan\OneDrive\Desktop\forgery\data\Cedar\full_org\original_41_17.png,C:\Users\arfan\OneDrive\Desktop\forgery\data\Cedar\full_org\original_41_8.png,1,41
C:\Users\arfan\OneDrive\Desktop\forgery\data\Cedar\full_org\original_54_5.png,C:\Users\arfan\OneDrive\Desktop\forgery\data\Cedar\full_forg\forgeries_54_17.png,0,54
C:\Users\arfan\OneDrive\Desktop\forgery\data\Cedar\full_org\original_18_20.png,C:\Users\arfan\OneDrive\Desktop\forgery\data\Cedar\full_forg\forgeries_18_21.png,0,18
C:\Users\arfan\OneDrive\Desktop\forgery\data\Cedar\full_org\original_12_5.png,C:\Users\arfan\OneDrive\Desktop\forgery\data\Cedar\full_org\original_12_9.png,1,12
C:\Users\arfan\OneDrive\Desktop\forgery\data\Cedar\full_org\original_21_13.png,C:\Users\arfan\OneDrive\Desktop\forgery\data\Cedar\full_org\original_21_18.png,1,21
C:\Users\arfan\OneDrive\Desktop\forgery\data\Cedar\full_org\original_27_4.png,C:\Users\arfan\OneDrive\Desktop\forgery\data\Cedar\full_forg\forgeries_27_20.png,0,27
C:\Users\arfan\OneDrive\Desktop\forgery\data\Cedar\full_org\original_40_12.png,C:\Users\arfan\OneDrive\Desktop\forgery\data\Cedar\full_forg\forgeries_40_5.png,0,40
C:\Users\arfan\OneDrive\Desktop\forgery\data\Cedar\full_org\original_38_11.png,C:\Users\arfan\OneDrive\Desktop\forgery\data\Cedar\full_org\original_38_24.png,1,38
C:\Users\arfan\OneDrive\Desktop\forgery\data\Cedar\full_org\original_15_17.png,C:\Users\arfan\OneDrive\Desktop\forgery\data\Cedar\full_forg\forgeries_15_10.png,0,15
C:\Users\arfan\OneDrive\Desktop\forgery\data\Cedar\full_org\original_3_17.png,C:\Users\arfan\OneDrive\Desktop\forgery\data\Cedar\full_org\original_3_20.png,1,3
C:\Users\arfan\OneDrive\Desktop\forgery\data\Cedar\full_org\original_42_18.png,C:\Users\arfan\OneDrive\Desktop\forgery\data\Cedar\full_org\original_42_23.png,1,42
C:\Users\arfan\OneDrive\Desktop\forgery\data\Cedar\full_org\original_17_4.png,C:\Users\arfan\OneDrive\Desktop\forgery\data\Cedar\full_forg\forgeries_17_7.png,0,17
C:\Users\arfan\OneDrive\Desktop\forgery\data\Cedar\full_org\original_12_14.png,C:\Users\arfan\OneDrive\Desktop\forgery\data\Cedar\full_org\original_12_20.png,1,12
C:\Users\arfan\OneDrive\Desktop\forgery\data\Cedar\full_org\original_47_9.png,C:\Users\arfan\OneDrive\Desktop\forgery\data\Cedar\full_forg\forgeries_47_15.png,0,47
C:\Users\arfan\OneDrive\Desktop\forgery\data\Cedar\full_org\original_21_8.png,C:\Users\arfan\OneDrive\Desktop\forgery\data\Cedar\full_forg\forgeries_21_24.png,0,21
C:\Users\arfan\OneDrive\Desktop\forgery\data\Cedar\full_org\original_41_19.png,C:\Users\arfan\OneDrive\Desktop\forgery\data\Cedar\full_forg\forgeries_41_19.png,0,41
C:\Users\arfan\OneDrive\Desktop\forgery\data\Cedar\full_org\original_52_17.png,C:\Users\arfan\OneDrive\Desktop\forgery\data\Cedar\full_forg\forgeries_52_1.png,0,52
C:\Users\arfan\OneDrive\Desktop\forgery\data\Cedar\full_org\original_21_1.png,C:\Users\arfan\OneDrive\Desktop\forgery\data\Cedar\full_org\original_21_15.png,1,21
C:\Users\arfan\OneDrive\Desktop\forgery\data\Cedar\full_org\original_55_23.png,C:\Users\arfan\OneDrive\Desktop\forgery\data\Cedar\full_org\original_55_9.png,1,55
C:\Users\arfan\OneDrive\Desktop\forgery\data\Cedar\full_org\original_1_23.png,C:\Users\arfan\OneDrive\Desktop\forgery\data\Cedar\full_forg\forgeries_1_19.png,0,1
C:\Users\arfan\OneDrive\Desktop\forgery\data\Cedar\full_org\original_52_10.png,C:\Users\arfan\OneDrive\Desktop\forgery\data\Cedar\full_org\original_52_9.png,1,52
C:\Users\arfan\OneDrive\Desktop\forgery\data\Cedar\full_org\original_48_14.png,C:\Users\arfan\OneDrive\Desktop\forgery\data\Cedar\full_forg\forgeries_48_14.png,0,48
C:\Users\arfan\OneDrive\Desktop\forgery\data\Cedar\full_org\original_14_24.png,C:\Users\arfan\OneDrive\Desktop\forgery\data\Cedar\full_org\original_14_5.png,1,14
C:\Users\arfan\OneDrive\Desktop\forgery\data\Cedar\full_org\original_37_16.png,C:\Users\arfan\OneDrive\Desktop\forgery\data\Cedar\full_org\original_37_4.png,1,37
C:\Users\arfan\OneDrive\Desktop\forgery\data\Cedar\full_org\original_18_21.png,C:\Users\arfan\OneDrive\Desktop\forgery\data\Cedar\full_org\original_18_8.png,1,18
C:\Users\arfan\OneDrive\Desktop\forgery\data\Cedar\full_org\original_1_11.png,C:\Users\arfan\OneDrive\Desktop\forgery\data\Cedar\full_forg\forgeries_1_10.png,0,1
C:\Users\arfan\OneDrive\Desktop\forgery\data\Cedar\full_org\original_42_23.png,C:\Users\arfan\OneDrive\Desktop\forgery\data\Cedar\full_forg\forgeries_42_10.png,0,42
C:\Users\arfan\OneDrive\Desktop\forgery\data\Cedar\full_org\original_34_1.png,C:\Users\arfan\OneDrive\Desktop\forgery\data\Cedar\full_org\original_34_2.png,1,34
C:\Users\arfan\OneDrive\Desktop\forgery\data\Cedar\full_org\original_44_3.png,C:\Users\arfan\OneDrive\Desktop\forgery\data\Cedar\full_forg\forgeries_44_6.png,0,44
C:\Users\arfan\OneDrive\Desktop\forgery\data\Cedar\full_org\original_54_8.png,C:\Users\arfan\OneDrive\Desktop\forgery\data\Cedar\full_forg\forgeries_54_5.png,0,54
C:\Users\arfan\OneDrive\Desktop\forgery\data\Cedar\full_org\original_5_8.png,C:\Users\arfan\OneDrive\Desktop\forgery\data\Cedar\full_forg\forgeries_5_24.png,0,5
C:\Users\arfan\OneDrive\Desktop\forgery\data\Cedar\full_org\original_50_16.png,C:\Users\arfan\OneDrive\Desktop\forgery\data\Cedar\full_org\original_50_2.png,1,50
C:\Users\arfan\OneDrive\Desktop\forgery\data\Cedar\full_org\original_52_24.png,C:\Users\arfan\OneDrive\Desktop\forgery\data\Cedar\full_forg\forgeries_52_7.png,0,52
C:\Users\arfan\OneDrive\Desktop\forgery\data\Cedar\full_org\original_46_21.png,C:\Users\arfan\OneDrive\Desktop\forgery\data\Cedar\full_org\original_46_8.png,1,46
C:\Users\arfan\OneDrive\Desktop\forgery\data\Cedar\full_org\original_9_16.png,C:\Users\arfan\OneDrive\Desktop\forgery\data\Cedar\full_org\original_9_2.png,1,9
C:\Users\arfan\OneDrive\Desktop\forgery\data\Cedar\full_org\original_1_23.png,C:\Users\arfan\OneDrive\Desktop\forgery\data\Cedar\full_org\original_1_4.png,1,1
C:\Users\arfan\OneDrive\Desktop\forgery\data\Cedar\full_org\original_42_11.png,C:\Users\arfan\OneDrive\Desktop\forgery\data\Cedar\full_org\original_42_22.png,1,42
C:\Users\arfan\OneDrive\Desktop\forgery\data\Cedar\full_org\original_21_10.png,C:\Users\arfan\OneDrive\Desktop\forgery\data\Cedar\full_org\original_21_22.png,1,21
C:\Users\arfan\OneDrive\Desktop\forgery\data\Cedar\full_org\original_51_7.png,C:\Users\arfan\OneDrive\Desktop\forgery\data\Cedar\full_forg\forgeries_51_19.png,0,51
C:\Users\arfan\OneDrive\Desktop\forgery\data\Cedar\full_org\original_54_21.png,C:\Users\arfan\OneDrive\Desktop\forgery\data\Cedar\full_forg\forgeries_54_9.png,0,54
C:\Users\arfan\OneDrive\Desktop\forgery\data\Cedar\full_org\original_8_19.png,C:\Users\arfan\OneDrive\Desktop\forgery\data\Cedar\full_forg\forgeries_8_18.png,0,8
C:\Users\arfan\OneDrive\Desktop\forgery\data\Cedar\full_org\original_20_15.png,C:\Users\arfan\OneDrive\Desktop\forgery\data\Cedar\full_forg\forgeries_20_24.png,0,20
C:\Users\arfan\OneDrive\Desktop\forgery\data\Cedar\full_org\original_12_15.png,C:\Users\arfan\OneDrive\Desktop\forgery\data\Cedar\full_forg\forgeries_12_15.png,0,12
C:\Users\arfan\OneDrive\Desktop\forgery\data\Cedar\full_org\original_44_22.png,C:\Users\arfan\OneDrive\Desktop\forgery\data\Cedar\full_org\original_44_7.png,1,44
C:\Users\arfan\OneDrive\Desktop\forgery\data\Cedar\full_org\original_5_4.png,C:\Users\arfan\OneDrive\Desktop\forgery\data\Cedar\full_org\original_5_8.png,1,5
C:\Users\arfan\OneDrive\Desktop\forgery\data\Cedar\full_org\original_36_15.png,C:\Users\arfan\OneDrive\Desktop\forgery\data\Cedar\full_forg\forgeries_36_19.png,0,36
C:\Users\arfan\OneDrive\Desktop\forgery\data\Cedar\full_org\original_48_8.png,C:\Users\arfan\OneDrive\Desktop\forgery\data\Cedar\full_forg\forgeries_48_7.png,0,48
C:\Users\arfan\OneDrive\Desktop\forgery\data\Cedar\full_org\original_8_20.png,C:\Users\arfan\OneDrive\Desktop\forgery\data\Cedar\full_org\original_8_7.png,1,8
C:\Users\arfan\OneDrive\Desktop\forgery\data\Cedar\full_org\original_21_9.png,C:\Users\arfan\OneDrive\Desktop\forgery\data\Cedar\full_forg\forgeries_21_23.png,0,21
C:\Users\arfan\OneDrive\Desktop\forgery\data\Cedar\full_org\original_36_15.png,C:\Users\arfan\OneDrive\Desktop\forgery\data\Cedar\full_org\original_36_8.png,1,36
C:\Users\arfan\OneDrive\Desktop\forgery\data\Cedar\full_org\original_38_22.png,C:\Users\arfan\OneDrive\Desktop\forgery\data\Cedar\full_org\original_38_6.png,1,38
C:\Users\arfan\OneDrive\Desktop\forgery\data\Cedar\full_org\original_4_20.png,C:\Users\arfan\OneDrive\Desktop\forgery\data\Cedar\full_forg\forgeries_4_11.png,0,4
C:\Users\arfan\OneDrive\Desktop\forgery\data\Cedar\full_org\original_1_10.png,C:\Users\arfan\OneDrive\Desktop\forgery\data\Cedar\full_forg\forgeries_1_1.png,0,1
C:\Users\arfan\OneDrive\Desktop\forgery\data\Cedar\full_org\original_27_4.png,C:\Users\arfan\OneDrive\Desktop\forgery\data\Cedar\full_forg\forgeries_27_17.png,0,27
C:\Users\arfan\OneDrive\Desktop\forgery\data\Cedar\full_org\original_50_13.png,C:\Users\arfan\OneDrive\Desktop\forgery\data\Cedar\full_org\original_50_7.png,1,50
C:\Users\arfan\OneDrive\Desktop\forgery\data\Cedar\full_org\original_51_8.png,C:\Users\arfan\OneDrive\Desktop\forgery\data\Cedar\full_forg\forgeries_51_22.png,0,51
C:\Users\arfan\OneDrive\Desktop\forgery\data\Cedar\full_org\original_53_22.png,C:\Users\arfan\OneDrive\Desktop\forgery\data\Cedar\full_org\original_53_24.png,1,53
C:\Users\arfan\OneDrive\Desktop\forgery\data\Cedar\full_org\original_1_17.png,C:\Users\arfan\OneDrive\Desktop\forgery\data\Cedar\full_forg\forgeries_1_22.png,0,1
C:\Users\arfan\OneDrive\Desktop\forgery\data\Cedar\full_org\original_54_15.png,C:\Users\arfan\OneDrive\Desktop\forgery\data\Cedar\full_org\original_54_24.png,1,54
C:\Users\arfan\OneDrive\Desktop\forgery\data\Cedar\full_org\original_36_17.png,C:\Users\arfan\OneDrive\Desktop\forgery\data\Cedar\full_forg\forgeries_36_5.png,0,36
C:\Users\arfan\OneDrive\Desktop\forgery\data\Cedar\full_org\original_32_11.png,C:\Users\arfan\OneDrive\Desktop\forgery\data\Cedar\full_org\original_32_21.png,1,32
C:\Users\arfan\OneDrive\Desktop\forgery\data\Cedar\full_org\original_26_21.png,C:\Users\arfan\OneDrive\Desktop\forgery\data\Cedar\full_org\original_26_3.png,1,26
C:\Users\arfan\OneDrive\Desktop\forgery\data\Cedar\full_org\original_36_8.png,C:\Users\arfan\OneDrive\Desktop\forgery\data\Cedar\full_forg\forgeries_36_8.png,0,36
C:\Users\arfan\OneDrive\Desktop\forgery\data\Cedar\full_org\original_18_3.png,C:\Users\arfan\OneDrive\Desktop\forgery\data\Cedar\full_forg\forgeries_18_5.png,0,18
C:\Users\arfan\OneDrive\Desktop\forgery\data\Cedar\full_org\original_44_18.png,C:\Users\arfan\OneDrive\Desktop\forgery\data\Cedar\full_org\original_44_21.png,1,44
C:\Users\arfan\OneDrive\Desktop\forgery\data\Cedar\full_org\original_18_12.png,C:\Users\arfan\OneDrive\Desktop\forgery\data\Cedar\full_org\original_18_15.png,1,18
C:\Users\arfan\OneDrive\Desktop\forgery\data\Cedar\full_org\original_32_9.png,C:\Users\arfan\OneDrive\Desktop\forgery\data\Cedar\full_forg\forgeries_32_10.png,0,32
C:\Users\arfan\OneDrive\Desktop\forgery\data\Cedar\full_org\original_1_16.png,C:\Users\arfan\OneDrive\Desktop\forgery\data\Cedar\full_org\original_1_9.png,1,1
C:\Users\arfan\OneDrive\Desktop\forgery\data\Cedar\full_org\original_44_2.png,C:\Users\arfan\OneDrive\Desktop\forgery\data\Cedar\full_forg\forgeries_44_15.png,0,44
C:\Users\arfan\OneDrive\Desktop\forgery\data\Cedar\full_org\original_41_12.png,C:\Users\arfan\OneDrive\Desktop\forgery\data\Cedar\full_org\original_41_5.png,1,41
C:\Users\arfan\OneDrive\Desktop\forgery\data\Cedar\full_org\original_39_15.png,C:\Users\arfan\OneDrive\Desktop\forgery\data\Cedar\full_org\original_39_2.png,1,39
C:\Users\arfan\OneDrive\Desktop\forgery\data\Cedar\full_org\original_22_8.png,C:\Users\arfan\OneDrive\Desktop\forgery\data\Cedar\full_forg\forgeries_22_6.png,0,22
C:\Users\arfan\OneDrive\Desktop\forgery\data\Cedar\full_org\original_12_12.png,C:\Users\arfan\OneDrive\Desktop\forgery\data\Cedar\full_forg\forgeries_12_17.png,0,12
C:\Users\arfan\OneDrive\Desktop\forgery\data\Cedar\full_org\original_21_6.png,C:\Users\arfan\OneDrive\Desktop\forgery\data\Cedar\full_forg\forgeries_21_24.png,0,21
C:\Users\arfan\OneDrive\Desktop\forgery\data\Cedar\full_org\original_18_13.png,C:\Users\arfan\OneDrive\Desktop\forgery\data\Cedar\full_org\original_18_4.png,1,18
C:\Users\arfan\OneDrive\Desktop\forgery\data\Cedar\full_org\original_12_18.png,C:\Users\arfan\OneDrive\Desktop\forgery\data\Cedar\full_org\original_12_19.png,1,12
C:\Users\arfan\OneDrive\Desktop\forgery\data\Cedar\full_org\original_21_14.png,C:\Users\arfan\OneDrive\Desktop\forgery\data\Cedar\full_org\original_21_2.png,1,21
C:\Users\arfan\OneDrive\Desktop\forgery\data\Cedar\full_org\original_20_1.png,C:\Users\arfan\OneDrive\Desktop\forgery\data\Cedar\full_org\original_20_18.png,1,20
C:\Users\arfan\OneDrive\Desktop\forgery\data\Cedar\full_org\original_26_11.png,C:\Users\arfan\OneDrive\Desktop\forgery\data\Cedar\full_org\original_26_23.png,1,26
C:\Users\arfan\OneDrive\Desktop\forgery\data\Cedar\full_org\original_47_6.png,C:\Users\arfan\OneDrive\Desktop\forgery\data\Cedar\full_forg\forgeries_47_3.png,0,47
C:\Users\arfan\OneDrive\Desktop\forgery\data\Cedar\full_org\original_49_12.png,C:\Users\arfan\OneDrive\Desktop\forgery\data\Cedar\full_forg\forgeries_49_13.png,0,49
C:\Users\arfan\OneDrive\Desktop\forgery\data\Cedar\full_org\original_43_19.png,C:\Users\arfan\OneDrive\Desktop\forgery\data\Cedar\full_forg\forgeries_43_13.png,0,43
C:\Users\arfan\OneDrive\Desktop\forgery\data\Cedar\full_org\original_8_12.png,C:\Users\arfan\OneDrive\Desktop\forgery\data\Cedar\full_org\original_8_4.png,1,8
C:\Users\arfan\OneDrive\Desktop\forgery\data\Cedar\full_org\original_8_20.png,C:\Users\arfan\OneDrive\Desktop\forgery\data\Cedar\full_forg\forgeries_8_13.png,0,8
C:\Users\arfan\OneDrive\Desktop\forgery\data\Cedar\full_org\original_43_4.png,C:\Users\arfan\OneDrive\Desktop\forgery\data\Cedar\full_org\original_43_5.png,1,43
C:\Users\arfan\OneDrive\Desktop\forgery\data\Cedar\full_org\original_47_12.png,C:\Users\arfan\OneDrive\Desktop\forgery\data\Cedar\full_forg\forgeries_47_8.png,0,47
C:\Users\arfan\OneDrive\Desktop\forgery\data\Cedar\full_org\original_40_22.png,C:\Users\arfan\OneDrive\Desktop\forgery\data\Cedar\full_org\original_40_6.png,1,40
C:\Users\arfan\OneDrive\Desktop\forgery\data\Cedar\full_org\original_53_20.png,C:\Users\arfan\OneDrive\Desktop\forgery\data\Cedar\full_org\original_53_9.png,1,53
C:\Users\arfan\OneDrive\Desktop\forgery\data\Cedar\full_org\original_22_14.png,C:\Users\arfan\OneDrive\Desktop\forgery\data\Cedar\full_forg\forgeries_22_12.png,0,22
C:\Users\arfan\OneDrive\Desktop\forgery\data\Cedar\full_org\original_24_13.png,C:\Users\arfan\OneDrive\Desktop\forgery\data\Cedar\full_forg\forgeries_24_3.png,0,24
C:\Users\arfan\OneDrive\Desktop\forgery\data\Cedar\full_org\original_25_21.png,C:\Users\arfan\OneDrive\Desktop\forgery\data\Cedar\full_org\original_25_5.png,1,25
C:\Users\arfan\OneDrive\Desktop\forgery\data\Cedar\full_org\original_39_12.png,C:\Users\arfan\OneDrive\Desktop\forgery\data\Cedar\full_org\original_39_8.png,1,39
C:\Users\arfan\OneDrive\Desktop\forgery\data\Cedar\full_org\original_54_14.png,C:\Users\arfan\OneDrive\Desktop\forgery\data\Cedar\full_org\original_54_18.png,1,54
C:\Users\arfan\OneDrive\Desktop\forgery\data\Cedar\full_org\original_26_12.png,C:\Users\arfan\OneDrive\Desktop\forgery\data\Cedar\full_org\original_26_4.png,1,26
C:\Users\arfan\OneDrive\Desktop\forgery\data\Cedar\full_org\original_14_8.png,C:\Users\arfan\OneDrive\Desktop\forgery\data\Cedar\full_forg\forgeries_14_11.png,0,14
C:\Users\arfan\OneDrive\Desktop\forgery\data\Cedar\full_org\original_52_13.png,C:\Users\arfan\OneDrive\Desktop\forgery\data\Cedar\full_forg\forgeries_52_3.png,0,52
C:\Users\arfan\OneDrive\Desktop\forgery\data\Cedar\full_org\original_29_19.png,C:\Users\arfan\OneDrive\Desktop\forgery\data\Cedar\full_org\original_29_4.png,1,29
C:\Users\arfan\OneDrive\Desktop\forgery\data\Cedar\full_org\original_7_6.png,C:\Users\arfan\OneDrive\Desktop\forgery\data\Cedar\full_org\original_7_7.png,1,7
C:\Users\arfan\OneDrive\Desktop\forgery\data\Cedar\full_org\original_39_13.png,C:\Users\arfan\OneDrive\Desktop\forgery\data\Cedar\full_org\original_39_6.png,1,39
C:\Users\arfan\OneDrive\Desktop\forgery\data\Cedar\full_org\original_22_3.png,C:\Users\arfan\OneDrive\Desktop\forgery\data\Cedar\full_forg\forgeries_22_3.png,0,22
C:\Users\arfan\OneDrive\Desktop\forgery\data\Cedar\full_org\original_41_3.png,C:\Users\arfan\OneDrive\Desktop\forgery\data\Cedar\full_forg\forgeries_41_13.png,0,41
C:\Users\arfan\OneDrive\Desktop\forgery\data\Cedar\full_org\original_18_19.png,C:\Users\arfan\OneDrive\Desktop\forgery\data\Cedar\full_forg\forgeries_18_7.png,0,18
C:\Users\arfan\OneDrive\Desktop\forgery\data\Cedar\full_org\original_15_22.png,C:\Users\arfan\OneDrive\Desktop\forgery\data\Cedar\full_forg\forgeries_15_4.png,0,15
C:\Users\arfan\OneDrive\Desktop\forgery\data\Cedar\full_org\original_37_11.png,C:\Users\arfan\OneDrive\Desktop\forgery\data\Cedar\full_org\original_37_2.png,1,37
C:\Users\arfan\OneDrive\Desktop\forgery\data\Cedar\full_org\original_18_20.png,C:\Users\arfan\OneDrive\Desktop\forgery\data\Cedar\full_org\original_18_24.png,1,18
C:\Users\arfan\OneDrive\Desktop\forgery\data\Cedar\full_org\original_52_16.png,C:\Users\arfan\OneDrive\Desktop\forgery\data\Cedar\full_forg\forgeries_52_3.png,0,52
C:\Users\arfan\OneDrive\Desktop\forgery\data\Cedar\full_org\original_43_12.png,C:\Users\arfan\OneDrive\Desktop\forgery\data\Cedar\full_forg\forgeries_43_23.png,0,43
C:\Users\arfan\OneDrive\Desktop\forgery\data\Cedar\full_org\original_52_20.png,C:\Users\arfan\OneDrive\Desktop\forgery\data\Cedar\full_forg\forgeries_52_6.png,0,52
C:\Users\arfan\OneDrive\Desktop\forgery\data\Cedar\full_org\original_50_24.png,C:\Users\arfan\OneDrive\Desktop\forgery\data\Cedar\full_forg\forgeries_50_7.png,0,50
C:\Users\arfan\OneDrive\Desktop\forgery\data\Cedar\full_org\original_53_14.png,C:\Users\arfan\OneDrive\Desktop\forgery\data\Cedar\full_org\original_53_17.png,1,53
C:\Users\arfan\OneDrive\Desktop\forgery\data\Cedar\full_org\original_53_16.png,C:\Users\arfan\OneDrive\Desktop\forgery\data\Cedar\full_org\original_53_23.png,1,53
C:\Users\arfan\OneDrive\Desktop\forgery\data\Cedar\full_org\original_3_7.png,C:\Users\arfan\OneDrive\Desktop\forgery\data\Cedar\full_forg\forgeries_3_9.png,0,3
C:\Users\arfan\OneDrive\Desktop\forgery\data\Cedar\full_org\original_29_19.png,C:\Users\arfan\OneDrive\Desktop\forgery\data\Cedar\full_org\original_29_3.png,1,29
C:\Users\arfan\OneDrive\Desktop\forgery\data\Cedar\full_org\original_9_18.png,C:\Users\arfan\OneDrive\Desktop\forgery\data\Cedar\full_org\original_9_19.png,1,9
C:\Users\arfan\OneDrive\Desktop\forgery\data\Cedar\full_org\original_49_2.png,C:\Users\arfan\OneDrive\Desktop\forgery\data\Cedar\full_forg\forgeries_49_21.png,0,49
C:\Users\arfan\OneDrive\Desktop\forgery\data\Cedar\full_org\original_18_10.png,C:\Users\arfan\OneDrive\Desktop\forgery\data\Cedar\full_org\original_18_4.png,1,18
C:\Users\arfan\OneDrive\Desktop\forgery\data\Cedar\full_org\original_25_12.png,C:\Users\arfan\OneDrive\Desktop\forgery\data\Cedar\full_org\original_25_7.png,1,25
C:\Users\arfan\OneDrive\Desktop\forgery\data\Cedar\full_org\original_46_1.png,C:\Users\arfan\OneDrive\Desktop\forgery\data\Cedar\full_org\original_46_21.png,1,46
C:\Users\arfan\OneDrive\Desktop\forgery\data\Cedar\full_org\original_49_24.png,C:\Users\arfan\OneDrive\Desktop\forgery\data\Cedar\full_org\original_49_9.png,1,49
C:\Users\arfan\OneDrive\Desktop\forgery\data\Cedar\full_org\original_50_14.png,C:\Users\arfan\OneDrive\Desktop\forgery\data\Cedar\full_org\original_50_3.png,1,50
C:\Users\arfan\OneDrive\Desktop\forgery\data\Cedar\full_org\original_20_18.png,C:\Users\arfan\OneDrive\Desktop\forgery\data\Cedar\full_forg\forgeries_20_20.png,0,20
C:\Users\arfan\OneDrive\Desktop\forgery\data\Cedar\full_org\original_43_20.png,C:\Users\arfan\OneDrive\Desktop\forgery\data\Cedar\full_org\original_43_24.png,1,43
C:\Users\arfan\OneDrive\Desktop\forgery\data\Cedar\full_org\original_29_13.png,C:\Users\arfan\OneDrive\Desktop\forgery\data\Cedar\full_org\original_29_3.png,1,29
C:\Users\arfan\OneDrive\Desktop\forgery\data\Cedar\full_org\original_29_21.png,C:\Users\arfan\OneDrive\Desktop\forgery\data\Cedar\full_forg\forgeries_29_19.png,0,29
C:\Users\arfan\OneDrive\Desktop\forgery\data\Cedar\full_org\original_42_10.png,C:\Users\arfan\OneDrive\Desktop\forgery\data\Cedar\full_forg\forgeries_42_1.png,0,42
C:\Users\arfan\OneDrive\Desktop\forgery\data\Cedar\full_org\original_49_2.png,C:\Users\arfan\OneDrive\Desktop\forgery\data\Cedar\full_forg\forgeries_49_7.png,0,49
C:\Users\arfan\OneDrive\Desktop\forgery\data\Cedar\full_org\original_22_1.png,C:\Users\arfan\OneDrive\Desktop\forgery\data\Cedar\full_org\original_22_21.png,1,22
C:\Users\arfan\OneDrive\Desktop\forgery\data\Cedar\full_org\original_41_2.png,C:\Users\arfan\OneDrive\Desktop\forgery\data\Cedar\full_forg\forgeries_41_17.png,0,41
C:\Users\arfan\OneDrive\Desktop\forgery\data\Cedar\full_org\original_15_22.png,C:\Users\arfan\OneDrive\Desktop\forgery\data\Cedar\full_org\original_15_24.png,1,15
C:\Users\arfan\OneDrive\Desktop\forgery\data\Cedar\full_org\original_55_15.png,C:\Users\arfan\OneDrive\Desktop\forgery\data\Cedar\full_org\original_55_24.png,1,55
C:\Users\arfan\OneDrive\Desktop\forgery\data\Cedar\full_org\original_22_13.png,C:\Users\arfan\OneDrive\Desktop\forgery\data\Cedar\full_org\original_22_24.png,1,22
C:\Users\arfan\OneDrive\Desktop\forgery\data\Cedar\full_org\original_51_16.png,C:\Users\arfan\OneDrive\Desktop\forgery\data\Cedar\full_forg\forgeries_51_6.png,0,51
C:\Users\arfan\OneDrive\Desktop\forgery\data\Cedar\full_org\original_1_19.png,C:\Users\arfan\OneDrive\Desktop\forgery\data\Cedar\full_forg\forgeries_1_15.png,0,1
C:\Users\arfan\OneDrive\Desktop\forgery\data\Cedar\full_org\original_9_2.png,C:\Users\arfan\OneDrive\Desktop\forgery\data\Cedar\full_forg\forgeries_9_10.png,0,9
C:\Users\arfan\OneDrive\Desktop\forgery\data\Cedar\full_org\original_22_19.png,C:\Users\arfan\OneDrive\Desktop\forgery\data\Cedar\full_org\original_22_24.png,1,22
C:\Users\arfan\OneDrive\Desktop\forgery\data\Cedar\full_org\original_37_16.png,C:\Users\arfan\OneDrive\Desktop\forgery\data\Cedar\full_org\original_37_6.png,1,37
C:\Users\arfan\OneDrive\Desktop\forgery\data\Cedar\full_org\original_52_3.png,C:\Users\arfan\OneDrive\Desktop\forgery\data\Cedar\full_forg\forgeries_52_19.png,0,52
C:\Users\arfan\OneDrive\Desktop\forgery\data\Cedar\full_org\original_8_18.png,C:\Users\arfan\OneDrive\Desktop\forgery\data\Cedar\full_org\original_8_8.png,1,8
C:\Users\arfan\OneDrive\Desktop\forgery\data\Cedar\full_org\original_48_12.png,C:\Users\arfan\OneDrive\Desktop\forgery\data\Cedar\full_forg\forgeries_48_12.png,0,48
C:\Users\arfan\OneDrive\Desktop\forgery\data\Cedar\full_org\original_48_11.png,C:\Users\arfan\OneDrive\Desktop\forgery\data\Cedar\full_forg\forgeries_48_22.png,0,48
C:\Users\arfan\OneDrive\Desktop\forgery\data\Cedar\full_org\original_38_8.png,C:\Users\arfan\OneDrive\Desktop\forgery\data\Cedar\full_forg\forgeries_38_14.png,0,38
C:\Users\arfan\OneDrive\Desktop\forgery\data\Cedar\full_org\original_38_5.png,C:\Users\arfan\OneDrive\Desktop\forgery\data\Cedar\full_forg\forgeries_38_2.png,0,38
C:\Users\arfan\OneDrive\Desktop\forgery\data\Cedar\full_org\original_44_14.png,C:\Users\arfan\OneDrive\Desktop\forgery\data\Cedar\full_forg\forgeries_44_21.png,0,44
C:\Users\arfan\OneDrive\Desktop\forgery\data\Cedar\full_org\original_39_12.png,C:\Users\arfan\OneDrive\Desktop\forgery\data\Cedar\full_org\original_39_20.png,1,39
C:\Users\arfan\OneDrive\Desktop\forgery\data\Cedar\full_org\original_27_11.png,C:\Users\arfan\OneDrive\Desktop\forgery\data\Cedar\full_org\original_27_17.png,1,27
C:\Users\arfan\OneDrive\Desktop\forgery\data\Cedar\full_org\original_15_19.png,C:\Users\arfan\OneDrive\Desktop\forgery\data\Cedar\full_org\original_15_8.png,1,15
C:\Users\arfan\OneDrive\Desktop\forgery\data\Cedar\full_org\original_52_20.png,C:\Users\arfan\OneDrive\Desktop\forgery\data\Cedar\full_forg\forgeries_52_9.png,0,52
C:\Users\arfan\OneDrive\Desktop\forgery\data\Cedar\full_org\original_32_10.png,C:\Users\arfan\OneDrive\Desktop\forgery\data\Cedar\full_forg\forgeries_32_4.png,0,32
C:\Users\arfan\OneDrive\Desktop\forgery\data\Cedar\full_org\original_50_17.png,C:\Users\arfan\OneDrive\Desktop\forgery\data\Cedar\full_forg\forgeries_50_2.png,0,50
C:\Users\arfan\OneDrive\Desktop\forgery\data\Cedar\full_org\original_20_17.png,C:\Users\arfan\OneDrive\Desktop\forgery\data\Cedar\full_org\original_20_23.png,1,20
C:\Users\arfan\OneDrive\Desktop\forgery\data\Cedar\full_org\original_36_18.png,C:\Users\arfan\OneDrive\Desktop\forgery\data\Cedar\full_forg\forgeries_36_2.png,0,36
C:\Users\arfan\OneDrive\Desktop\forgery\data\Cedar\full_org\original_29_18.png,C:\Users\arfan\OneDrive\Desktop\forgery\data\Cedar\full_forg\forgeries_29_11.png,0,29
C:\Users\arfan\OneDrive\Desktop\forgery\data\Cedar\full_org\original_3_3.png,C:\Users\arfan\OneDrive\Desktop\forgery\data\Cedar\full_org\original_3_7.png,1,3
C:\Users\arfan\OneDrive\Desktop\forgery\data\Cedar\full_org\original_47_2.png,C:\Users\arfan\OneDrive\Desktop\forgery\data\Cedar\full_org\original_47_8.png,1,47
C:\Users\arfan\OneDrive\Desktop\forgery\data\Cedar\full_org\original_15_22.png,C:\Users\arfan\OneDrive\Desktop\forgery\data\Cedar\full_forg\forgeries_15_6.png,0,15
C:\Users\arfan\OneDrive\Desktop\forgery\data\Cedar\full_org\original_10_10.png,C:\Users\arfan\OneDrive\Desktop\forgery\data\Cedar\full_org\original_10_3.png,1,10
C:\Users\arfan\OneDrive\Desktop\forgery\data\Cedar\full_org\original_18_12.png,C:\Users\arfan\OneDrive\Desktop\forgery\data\Cedar\full_forg\forgeries_18_8.png,0,18
C:\Users\arfan\OneDrive\Desktop\forgery\data\Cedar\full_org\original_26_9.png,C:\Users\arfan\OneDrive\Desktop\forgery\data\Cedar\full_forg\forgeries_26_23.png,0,26
C:\Users\arfan\OneDrive\Desktop\forgery\data\Cedar\full_org\original_42_1.png,C:\Users\arfan\OneDrive\Desktop\forgery\data\Cedar\full_forg\forgeries_42_21.png,0,42
C:\Users\arfan\OneDrive\Desktop\forgery\data\Cedar\full_org\original_38_14.png,C:\Users\arfan\OneDrive\Desktop\forgery\data\Cedar\full_org\original_38_6.png,1,38
C:\Users\arfan\OneDrive\Desktop\forgery\data\Cedar\full_org\original_53_19.png,C:\Users\arfan\OneDrive\Desktop\forgery\data\Cedar\full_forg\forgeries_53_12.png,0,53
C:\Users\arfan\OneDrive\Desktop\forgery\data\Cedar\full_org\original_36_1.png,C:\Users\arfan\OneDrive\Desktop\forgery\data\Cedar\full_forg\forgeries_36_13.png,0,36
C:\Users\arfan\OneDrive\Desktop\forgery\data\Cedar\full_org\original_50_6.png,C:\Users\arfan\OneDrive\Desktop\forgery\data\Cedar\full_forg\forgeries_50_8.png,0,50
C:\Users\arfan\OneDrive\Desktop\forgery\data\Cedar\full_org\original_24_4.png,C:\Users\arfan\OneDrive\Desktop\forgery\data\Cedar\full_forg\forgeries_24_14.png,0,24
C:\Users\arfan\OneDrive\Desktop\forgery\data\Cedar\full_org\original_42_17.png,C:\Users\arfan\OneDrive\Desktop\forgery\data\Cedar\full_org\original_42_8.png,1,42
C:\Users\arfan\OneDrive\Desktop\forgery\data\Cedar\full_org\original_22_2.png,C:\Users\arfan\OneDrive\Desktop\forgery\data\Cedar\full_org\original_22_24.png,1,22
C:\Users\arfan\OneDrive\Desktop\forgery\data\Cedar\full_org\original_15_20.png,C:\Users\arfan\OneDrive\Desktop\forgery\data\Cedar\full_forg\forgeries_15_8.png,0,15
C:\Users\arfan\OneDrive\Desktop\forgery\data\Cedar\full_org\original_36_4.png,C:\Users\arfan\OneDrive\Desktop\forgery\data\Cedar\full_org\original_36_8.png,1,36
C:\Users\arfan\OneDrive\Desktop\forgery\data\Cedar\full_org\original_41_8.png,C:\Users\arfan\OneDrive\Desktop\forgery\data\Cedar\full_forg\forgeries_41_1.png,0,41
C:\Users\arfan\OneDrive\Desktop\forgery\data\Cedar\full_org\original_8_10.png,C:\Users\arfan\OneDrive\Desktop\forgery\data\Cedar\full_org\original_8_21.png,1,8
C:\Users\arfan\OneDrive\Desktop\forgery\data\Cedar\full_org\original_45_9.png,C:\Users\arfan\OneDrive\Desktop\forgery\data\Cedar\full_forg\forgeries_45_6.png,0,45
C:\Users\arfan\OneDrive\Desktop\forgery\data\Cedar\full_org\original_53_16.png,C:\Users\arfan\OneDrive\Desktop\forgery\data\Cedar\full_org\original_53_6.png,1,53
C:\Users\arfan\OneDrive\Desktop\forgery\data\Cedar\full_org\original_52_16.png,C:\Users\arfan\OneDrive\Desktop\forgery\data\Cedar\full_org\original_52_19.png,1,52
C:\Users\arfan\OneDrive\Desktop\forgery\data\Cedar\full_org\original_46_19.png,C:\Users\arfan\OneDrive\Desktop\forgery\data\Cedar\full_org\original_46_6.png,1,46
C:\Users\arfan\OneDrive\Desktop\forgery\data\Cedar\full_org\original_44_18.png,C:\Users\arfan\OneDrive\Desktop\forgery\data\Cedar\full_forg\forgeries_44_7.png,0,44
C:\Users\arfan\OneDrive\Desktop\forgery\data\Cedar\full_org\original_55_1.png,C:\Users\arfan\OneDrive\Desktop\forgery\data\Cedar\full_org\original_55_2.png,1,55
C:\Users\arfan\OneDrive\Desktop\forgery\data\Cedar\full_org\original_27_17.png,C:\Users\arfan\OneDrive\Desktop\forgery\data\Cedar\full_forg\forgeries_27_15.png,0,27
C:\Users\arfan\OneDrive\Desktop\forgery\data\Cedar\full_org\original_50_12.png,C:\Users\arfan\OneDrive\Desktop\forgery\data\Cedar\full_forg\forgeries_50_16.png,0,50
C:\Users\arfan\OneDrive\Desktop\forgery\data\Cedar\full_org\original_40_13.png,C:\Users\arfan\OneDrive\Desktop\forgery\data\Cedar\full_org\original_40_2.png,1,40
C:\Users\arfan\OneDrive\Desktop\forgery\data\Cedar\full_org\original_1_13.png,C:\Users\arfan\OneDrive\Desktop\forgery\data\Cedar\full_forg\forgeries_1_19.png,0,1
C:\Users\arfan\OneDrive\Desktop\forgery\data\Cedar\full_org\original_12_10.png,C:\Users\arfan\OneDrive\Desktop\forgery\data\Cedar\full_org\original_12_4.png,1,12
C:\Users\arfan\OneDrive\Desktop\forgery\data\Cedar\full_org\original_26_24.png,C:\Users\arfan\OneDrive\Desktop\forgery\data\Cedar\full_forg\forgeries_26_7.png,0,26
C:\Users\arfan\OneDrive\Desktop\forgery\data\Cedar\full_org\original_22_4.png,C:\Users\arfan\OneDrive\Desktop\forgery\data\Cedar\full_forg\forgeries_22_17.png,0,22
C:\Users\arfan\OneDrive\Desktop\forgery\data\Cedar\full_org\original_27_8.png,C:\Users\arfan\OneDrive\Desktop\forgery\data\Cedar\full_forg\forgeries_27_18.png,0,27
C:\Users\arfan\OneDrive\Desktop\forgery\data\Cedar\full_org\original_12_1.png,C:\Users\arfan\OneDrive\Desktop\forgery\data\Cedar\full_org\original_12_24.png,1,12
C:\Users\arfan\OneDrive\Desktop\forgery\data\Cedar\full_org\original_13_8.png,C:\Users\arfan\OneDrive\Desktop\forgery\data\Cedar\full_forg\forgeries_13_5.png,0,13
C:\Users\arfan\OneDrive\Desktop\forgery\data\Cedar\full_org\original_18_18.png,C:\Users\arfan\OneDrive\Desktop\forgery\data\Cedar\full_forg\forgeries_18_9.png,0,18
C:\Users\arfan\OneDrive\Desktop\forgery\data\Cedar\full_org\original_48_1.png,C:\Users\arfan\OneDrive\Desktop\forgery\data\Cedar\full_org\original_48_18.png,1,48
C:\Users\arfan\OneDrive\Desktop\forgery\data\Cedar\full_org\original_20_22.png,C:\Users\arfan\OneDrive\Desktop\forgery\data\Cedar\full_forg\forgeries_20_13.png,0,20
C:\Users\arfan\OneDrive\Desktop\forgery\data\Cedar\full_org\original_13_2.png,C:\Users\arfan\OneDrive\Desktop\forgery\data\Cedar\full_forg\forgeries_13_23.png,0,13
C:\Users\arfan\OneDrive\Desktop\forgery\data\Cedar\full_org\original_41_19.png,C:\Users\arfan\OneDrive\Desktop\forgery\data\Cedar\full_org\original_41_8.png,1,41
C:\Users\arfan\OneDrive\Desktop\forgery\data\Cedar\full_org\original_13_2.png,C:\Users\arfan\OneDrive\Desktop\forgery\data\Cedar\full_forg\forgeries_13_2.png,0,13
C:\Users\arfan\OneDrive\Desktop\forgery\data\Cedar\full_org\original_8_1.png,C:\Users\arfan\OneDrive\Desktop\forgery\data\Cedar\full_org\original_8_14.png,1,8
C:\Users\arfan\OneDrive\Desktop\forgery\data\Cedar\full_org\original_9_9.png,C:\Users\arfan\OneDrive\Desktop\forgery\data\Cedar\full_forg\forgeries_9_21.png,0,9
C:\Users\arfan\OneDrive\Desktop\forgery\data\Cedar\full_org\original_38_6.png,C:\Users\arfan\OneDrive\Desktop\forgery\data\Cedar\full_forg\forgeries_38_18.png,0,38
C:\Users\arfan\OneDrive\Desktop\forgery\data\Cedar\full_org\original_48_19.png,C:\Users\arfan\OneDrive\Desktop\forgery\data\Cedar\full_org\original_48_21.png,1,48
C:\Users\arfan\OneDrive\Desktop\forgery\data\Cedar\full_org\original_34_11.png,C:\Users\arfan\OneDrive\Desktop\forgery\data\Cedar\full_org\original_34_12.png,1,34
C:\Users\arfan\OneDrive\Desktop\forgery\data\Cedar\full_org\original_27_20.png,C:\Users\arfan\OneDrive\Desktop\forgery\data\Cedar\full_forg\forgeries_27_18.png,0,27
C:\Users\arfan\OneDrive\Desktop\forgery\data\Cedar\full_org\original_5_23.png,C:\Users\arfan\OneDrive\Desktop\forgery\data\Cedar\full_forg\forgeries_5_18.png,0,5
C:\Users\arfan\OneDrive\Desktop\forgery\data\Cedar\full_org\original_41_1.png,C:\Users\arfan\OneDrive\Desktop\forgery\data\Cedar\full_org\original_41_22.png,1,41
C:\Users\arfan\OneDrive\Desktop\forgery\data\Cedar\full_org\original_46_19.png,C:\Users\arfan\OneDrive\Desktop\forgery\data\Cedar\full_org\original_46_2.png,1,46
C:\Users\arfan\OneDrive\Desktop\forgery\data\Cedar\full_org\original_14_1.png,C:\Users\arfan\OneDrive\Desktop\forgery\data\Cedar\full_org\original_14_22.png,1,14
C:\Users\arfan\OneDrive\Desktop\forgery\data\Cedar\full_org\original_48_9.png,C:\Users\arfan\OneDrive\Desktop\forgery\data\Cedar\full_forg\forgeries_48_7.png,0,48
C:\Users\arfan\OneDrive\Desktop\forgery\data\Cedar\full_org\original_24_5.png,C:\Users\arfan\OneDrive\Desktop\forgery\data\Cedar\full_org\original_24_9.png,1,24
C:\Users\arfan\OneDrive\Desktop\forgery\data\Cedar\full_org\original_22_4.png,C:\Users\arfan\OneDrive\Desktop\forgery\data\Cedar\full_forg\forgeries_22_24.png,0,22
C:\Users\arfan\OneDrive\Desktop\forgery\data\Cedar\full_org\original_7_21.png,C:\Users\arfan\OneDrive\Desktop\forgery\data\Cedar\full_org\original_7_7.png,1,7
C:\Users\arfan\OneDrive\Desktop\forgery\data\Cedar\full_org\original_43_11.png,C:\Users\arfan\OneDrive\Desktop\forgery\data\Cedar\full_org\original_43_7.png,1,43
C:\Users\arfan\OneDrive\Desktop\forgery\data\Cedar\full_org\original_39_22.png,C:\Users\arfan\OneDrive\Desktop\forgery\data\Cedar\full_forg\forgeries_39_11.png,0,39
C:\Users\arfan\OneDrive\Desktop\forgery\data\Cedar\full_org\original_50_9.png,C:\Users\arfan\OneDrive\Desktop\forgery\data\Cedar\full_forg\forgeries_50_20.png,0,50
C:\Users\arfan\OneDrive\Desktop\forgery\data\Cedar\full_org\original_40_9.png,C:\Users\arfan\OneDrive\Desktop\forgery\data\Cedar\full_forg\forgeries_40_13.png,0,40
C:\Users\arfan\OneDrive\Desktop\forgery\data\Cedar\full_org\original_47_21.png,C:\Users\arfan\OneDrive\Desktop\forgery\data\Cedar\full_forg\forgeries_47_24.png,0,47
C:\Users\arfan\OneDrive\Desktop\forgery\data\Cedar\full_org\original_45_12.png,C:\Users\arfan\OneDrive\Desktop\forgery\data\Cedar\full_org\original_45_7.png,1,45
C:\Users\arfan\OneDrive\Desktop\forgery\data\Cedar\full_org\original_29_13.png,C:\Users\arfan\OneDrive\Desktop\forgery\data\Cedar\full_org\original_29_4.png,1,29
C:\Users\arfan\OneDrive\Desktop\forgery\data\Cedar\full_org\original_51_17.png,C:\Users\arfan\OneDrive\Desktop\forgery\data\Cedar\full_org\original_51_20.png,1,51
C:\Users\arfan\OneDrive\Desktop\forgery\data\Cedar\full_org\original_50_14.png,C:\Users\arfan\OneDrive\Desktop\forgery\data\Cedar\full_forg\forgeries_50_7.png,0,50
C:\Users\arfan\OneDrive\Desktop\forgery\data\Cedar\full_org\original_43_19.png,C:\Users\arfan\OneDrive\Desktop\forgery\data\Cedar\full_org\original_43_4.png,1,43
C:\Users\arfan\OneDrive\Desktop\forgery\data\Cedar\full_org\original_34_21.png,C:\Users\arfan\OneDrive\Desktop\forgery\data\Cedar\full_forg\forgeries_34_7.png,0,34
C:\Users\arfan\OneDrive\Desktop\forgery\data\Cedar\full_org\original_3_6.png,C:\Users\arfan\OneDrive\Desktop\forgery\data\Cedar\full_forg\forgeries_3_4.png,0,3
C:\Users\arfan\OneDrive\Desktop\forgery\data\Cedar\full_org\original_41_9.png,C:\Users\arfan\OneDrive\Desktop\forgery\data\Cedar\full_forg\forgeries_41_19.png,0,41
C:\Users\arfan\OneDrive\Desktop\forgery\data\Cedar\full_org\original_22_11.png,C:\Users\arfan\OneDrive\Desktop\forgery\data\Cedar\full_org\original_22_7.png,1,22
C:\Users\arfan\OneDrive\Desktop\forgery\data\Cedar\full_org\original_50_9.png,C:\Users\arfan\OneDrive\Desktop\forgery\data\Cedar\full_forg\forgeries_50_11.png,0,50
C:\Users\arfan\OneDrive\Desktop\forgery\data\Cedar\full_org\original_53_18.png,C:\Users\arfan\OneDrive\Desktop\forgery\data\Cedar\full_org\original_53_22.png,1,53
C:\Users\arfan\OneDrive\Desktop\forgery\data\Cedar\full_org\original_9_9.png,C:\Users\arfan\OneDrive\Desktop\forgery\data\Cedar\full_forg\forgeries_9_10.png,0,9
C:\Users\arfan\OneDrive\Desktop\forgery\data\Cedar\full_org\original_27_1.png,C:\Users\arfan\OneDrive\Desktop\forgery\data\Cedar\full_org\original_27_3.png,1,27
C:\Users\arfan\OneDrive\Desktop\forgery\data\Cedar\full_org\original_24_17.png,C:\Users\arfan\OneDrive\Desktop\forgery\data\Cedar\full_forg\forgeries_24_8.png,0,24
C:\Users\arfan\OneDrive\Desktop\forgery\data\Cedar\full_org\original_24_2.png,C:\Users\arfan\OneDrive\Desktop\forgery\data\Cedar\full_forg\forgeries_24_13.png,0,24
C:\Users\arfan\OneDrive\Desktop\forgery\data\Cedar\full_org\original_17_15.png,C:\Users\arfan\OneDrive\Desktop\forgery\data\Cedar\full_forg\forgeries_17_13.png,0,17
C:\Users\arfan\OneDrive\Desktop\forgery\data\Cedar\full_org\original_17_11.png,C:\Users\arfan\OneDrive\Desktop\forgery\data\Cedar\full_forg\forgeries_17_17.png,0,17
C:\Users\arfan\OneDrive\Desktop\forgery\data\Cedar\full_org\original_36_6.png,C:\Users\arfan\OneDrive\Desktop\forgery\data\Cedar\full_forg\forgeries_36_13.png,0,36
C:\Users\arfan\OneDrive\Desktop\forgery\data\Cedar\full_org\original_55_12.png,C:\Users\arfan\OneDrive\Desktop\forgery\data\Cedar\full_org\original_55_15.png,1,55
C:\Users\arfan\OneDrive\Desktop\forgery\data\Cedar\full_org\original_27_4.png,C:\Users\arfan\OneDrive\Desktop\forgery\data\Cedar\full_forg\forgeries_27_14.png,0,27
C:\Users\arfan\OneDrive\Desktop\forgery\data\Cedar\full_org\original_15_23.png,C:\Users\arfan\OneDrive\Desktop\forgery\data\Cedar\full_org\original_15_8.png,1,15
C:\Users\arfan\OneDrive\Desktop\forgery\data\Cedar\full_org\original_32_22.png,C:\Users\arfan\OneDrive\Desktop\forgery\data\Cedar\full_forg\forgeries_32_9.png,0,32
C:\Users\arfan\OneDrive\Desktop\forgery\data\Cedar\full_org\original_37_13.png,C:\Users\arfan\OneDrive\Desktop\forgery\data\Cedar\full_forg\forgeries_37_22.png,0,37
C:\Users\arfan\OneDrive\Desktop\forgery\data\Cedar\full_org\original_18_18.png,C:\Users\arfan\OneDrive\Desktop\forgery\data\Cedar\full_forg\forgeries_18_18.png,0,18
C:\Users\arfan\OneDrive\Desktop\forgery\data\Cedar\full_org\original_14_4.png,C:\Users\arfan\OneDrive\Desktop\forgery\data\Cedar\full_forg\forgeries_14_13.png,0,14
C:\Users\arfan\OneDrive\Desktop\forgery\data\Cedar\full_org\original_50_24.png,C:\Users\arfan\OneDrive\Desktop\forgery\data\Cedar\full_org\original_50_4.png,1,50
C:\Users\arfan\OneDrive\Desktop\forgery\data\Cedar\full_org\original_41_13.png,C:\Users\arfan\OneDrive\Desktop\forgery\data\Cedar\full_forg\forgeries_41_19.png,0,41
C:\Users\arfan\OneDrive\Desktop\forgery\data\Cedar\full_org\original_27_17.png,C:\Users\arfan\OneDrive\Desktop\forgery\data\Cedar\full_forg\forgeries_27_4.png,0,27
C:\Users\arfan\OneDrive\Desktop\forgery\data\Cedar\full_org\original_55_13.png,C:\Users\arfan\OneDrive\Desktop\forgery\data\Cedar\full_forg\forgeries_55_17.png,0,55
C:\Users\arfan\OneDrive\Desktop\forgery\data\Cedar\full_org\original_51_11.png,C:\Users\arfan\OneDrive\Desktop\forgery\data\Cedar\full_org\original_51_9.png,1,51
C:\Users\arfan\OneDrive\Desktop\forgery\data\Cedar\full_org\original_1_21.png,C:\Users\arfan\OneDrive\Desktop\forgery\data\Cedar\full_forg\forgeries_1_4.png,0,1
C:\Users\arfan\OneDrive\Desktop\forgery\data\Cedar\full_org\original_15_6.png,C:\Users\arfan\OneDrive\Desktop\forgery\data\Cedar\full_forg\forgeries_15_17.png,0,15
C:\Users\arfan\OneDrive\Desktop\forgery\data\Cedar\full_org\original_40_10.png,C:\Users\arfan\OneDrive\Desktop\forgery\data\Cedar\full_forg\forgeries_40_2.png,0,40
C:\Users\arfan\OneDrive\Desktop\forgery\data\Cedar\full_org\original_1_18.png,C:\Users\arfan\OneDrive\Desktop\forgery\data\Cedar\full_forg\forgeries_1_3.png,0,1
C:\Users\arfan\OneDrive\Desktop\forgery\data\Cedar\full_org\original_9_23.png,C:\Users\arfan\OneDrive\Desktop\forgery\data\Cedar\full_forg\forgeries_9_6.png,0,9
C:\Users\arfan\OneDrive\Desktop\forgery\data\Cedar\full_org\original_12_9.png,C:\Users\arfan\OneDrive\Desktop\forgery\data\Cedar\full_forg\forgeries_12_13.png,0,12
C:\Users\arfan\OneDrive\Desktop\forgery\data\Cedar\full_org\original_6_12.png,C:\Users\arfan\OneDrive\Desktop\forgery\data\Cedar\full_org\original_6_16.png,1,6
C:\Users\arfan\OneDrive\Desktop\forgery\data\Cedar\full_org\original_9_18.png,C:\Users\arfan\OneDrive\Desktop\forgery\data\Cedar\full_forg\forgeries_9_11.png,0,9
C:\Users\arfan\OneDrive\Desktop\forgery\data\Cedar\full_org\original_50_10.png,C:\Users\arfan\OneDrive\Desktop\forgery\data\Cedar\full_org\original_50_12.png,1,50
C:\Users\arfan\OneDrive\Desktop\forgery\data\Cedar\full_org\original_25_14.png,C:\Users\arfan\OneDrive\Desktop\forgery\data\Cedar\full_org\original_25_20.png,1,25
C:\Users\arfan\OneDrive\Desktop\forgery\data\Cedar\full_org\original_36_2.png,C:\Users\arfan\OneDrive\Desktop\forgery\data\Cedar\full_forg\forgeries_36_1.png,0,36
C:\Users\arfan\OneDrive\Desktop\forgery\data\Cedar\full_org\original_42_10.png,C:\Users\arfan\OneDrive\Desktop\forgery\data\Cedar\full_org\original_42_23.png,1,42
C:\Users\arfan\OneDrive\Desktop\forgery\data\Cedar\full_org\original_45_2.png,C:\Users\arfan\OneDrive\Desktop\forgery\data\Cedar\full_org\original_45_9.png,1,45
C:\Users\arfan\OneDrive\Desktop\forgery\data\Cedar\full_org\original_4_11.png,C:\Users\arfan\OneDrive\Desktop\forgery\data\Cedar\full_forg\forgeries_4_2.png,0,4
C:\Users\arfan\OneDrive\Desktop\forgery\data\Cedar\full_org\original_47_19.png,C:\Users\arfan\OneDrive\Desktop\forgery\data\Cedar\full_org\original_47_20.png,1,47
C:\Users\arfan\OneDrive\Desktop\forgery\data\Cedar\full_org\original_53_14.png,C:\Users\arfan\OneDrive\Desktop\forgery\data\Cedar\full_forg\forgeries_53_4.png,0,53
C:\Users\arfan\OneDrive\Desktop\forgery\data\Cedar\full_org\original_49_18.png,C:\Users\arfan\OneDrive\Desktop\forgery\data\Cedar\full_forg\forgeries_49_10.png,0,49
C:\Users\arfan\OneDrive\Desktop\forgery\data\Cedar\full_org\original_43_10.png,C:\Users\arfan\OneDrive\Desktop\forgery\data\Cedar\full_org\original_43_19.png,1,43
C:\Users\arfan\OneDrive\Desktop\forgery\data\Cedar\full_org\original_55_21.png,C:\Users\arfan\OneDrive\Desktop\forgery\data\Cedar\full_forg\forgeries_55_1.png,0,55
C:\Users\arfan\OneDrive\Desktop\forgery\data\Cedar\full_org\original_38_19.png,C:\Users\arfan\OneDrive\Desktop\forgery\data\Cedar\full_org\original_38_2.png,1,38
C:\Users\arfan\OneDrive\Desktop\forgery\data\Cedar\full_org\original_17_18.png,C:\Users\arfan\OneDrive\Desktop\forgery\data\Cedar\full_org\original_17_20.png,1,17
C:\Users\arfan\OneDrive\Desktop\forgery\data\Cedar\full_org\original_6_23.png,C:\Users\arfan\OneDrive\Desktop\forgery\data\Cedar\full_org\original_6_8.png,1,6
C:\Users\arfan\OneDrive\Desktop\forgery\data\Cedar\full_org\original_1_10.png,C:\Users\arfan\OneDrive\Desktop\forgery\data\Cedar\full_org\original_1_6.png,1,1
C:\Users\arfan\OneDrive\Desktop\forgery\data\Cedar\full_org\original_50_1.png,C:\Users\arfan\OneDrive\Desktop\forgery\data\Cedar\full_org\original_50_6.png,1,50
C:\Users\arfan\OneDrive\Desktop\forgery\data\Cedar\full_org\original_52_17.png,C:\Users\arfan\OneDrive\Desktop\forgery\data\Cedar\full_org\original_52_18.png,1,52
C:\Users\arfan\OneDrive\Desktop\forgery\data\Cedar\full_org\original_49_21.png,C:\Users\arfan\OneDrive\Desktop\forgery\data\Cedar\full_org\original_49_8.png,1,49
C:\Users\arfan\OneDrive\Desktop\forgery\data\Cedar\full_org\original_54_2.png,C:\Users\arfan\OneDrive\Desktop\forgery\data\Cedar\full_org\original_54_7.png,1,54
C:\Users\arfan\OneDrive\Desktop\forgery\data\Cedar\full_org\original_21_16.png,C:\Users\arfan\OneDrive\Desktop\forgery\data\Cedar\full_org\original_21_24.png,1,21
C:\Users\arfan\OneDrive\Desktop\forgery\data\Cedar\full_org\original_4_13.png,C:\Users\arfan\OneDrive\Desktop\forgery\data\Cedar\full_org\original_4_18.png,1,4
C:\Users\arfan\OneDrive\Desktop\forgery\data\Cedar\full_org\original_27_1.png,C:\Users\arfan\OneDrive\Desktop\forgery\data\Cedar\full_org\original_27_18.png,1,27
C:\Users\arfan\OneDrive\Desktop\forgery\data\Cedar\full_org\original_49_12.png,C:\Users\arfan\OneDrive\Desktop\forgery\data\Cedar\full_forg\forgeries_49_15.png,0,49
C:\Users\arfan\OneDrive\Desktop\forgery\data\Cedar\full_org\original_46_2.png,C:\Users\arfan\OneDrive\Desktop\forgery\data\Cedar\full_forg\forgeries_46_24.png,0,46
C:\Users\arfan\OneDrive\Desktop\forgery\data\Cedar\full_org\original_25_14.png,C:\Users\arfan\OneDrive\Desktop\forgery\data\Cedar\full_org\original_25_9.png,1,25
C:\Users\arfan\OneDrive\Desktop\forgery\data\Cedar\full_org\original_52_3.png,C:\Users\arfan\OneDrive\Desktop\forgery\data\Cedar\full_forg\forgeries_52_8.png,0,52
C:\Users\arfan\OneDrive\Desktop\forgery\data\Cedar\full_org\original_26_15.png,C:\Users\arfan\OneDrive\Desktop\forgery\data\Cedar\full_forg\forgeries_26_24.png,0,26
C:\Users\arfan\OneDrive\Desktop\forgery\data\Cedar\full_org\original_51_4.png,C:\Users\arfan\OneDrive\Desktop\forgery\data\Cedar\full_forg\forgeries_51_6.png,0,51
C:\Users\arfan\OneDrive\Desktop\forgery\data\Cedar\full_org\original_39_20.png,C:\Users\arfan\OneDrive\Desktop\forgery\data\Cedar\full_forg\forgeries_39_8.png,0,39
C:\Users\arfan\OneDrive\Desktop\forgery\data\Cedar\full_org\original_3_18.png,C:\Users\arfan\OneDrive\Desktop\forgery\data\Cedar\full_forg\forgeries_3_9.png,0,3
C:\Users\arfan\OneDrive\Desktop\forgery\data\Cedar\full_org\original_44_12.png,C:\Users\arfan\OneDrive\Desktop\forgery\data\Cedar\full_forg\forgeries_44_16.png,0,44
C:\Users\arfan\OneDrive\Desktop\forgery\data\Cedar\full_org\original_39_12.png,C:\Users\arfan\OneDrive\Desktop\forgery\data\Cedar\full_org\original_39_21.png,1,39
C:\Users\arfan\OneDrive\Desktop\forgery\data\Cedar\full_org\original_5_24.png,C:\Users\arfan\OneDrive\Desktop\forgery\data\Cedar\full_forg\forgeries_5_20.png,0,5
C:\Users\arfan\OneDrive\Desktop\forgery\data\Cedar\full_org\original_49_2.png,C:\Users\arfan\OneDrive\Desktop\forgery\data\Cedar\full_org\original_49_3.png,1,49
C:\Users\arfan\OneDrive\Desktop\forgery\data\Cedar\full_org\original_3_10.png,C:\Users\arfan\OneDrive\Desktop\forgery\data\Cedar\full_org\original_3_21.png,1,3
C:\Users\arfan\OneDrive\Desktop\forgery\data\Cedar\full_org\original_39_12.png,C:\Users\arfan\OneDrive\Desktop\forgery\data\Cedar\full_forg\forgeries_39_11.png,0,39
C:\Users\arfan\OneDrive\Desktop\forgery\data\Cedar\full_org\original_8_14.png,C:\Users\arfan\OneDrive\Desktop\forgery\data\Cedar\full_org\original_8_17.png,1,8
C:\Users\arfan\OneDrive\Desktop\forgery\data\Cedar\full_org\original_3_19.png,C:\Users\arfan\OneDrive\Desktop\forgery\data\Cedar\full_forg\forgeries_3_3.png,0,3
C:\Users\arfan\OneDrive\Desktop\forgery\data\Cedar\full_org\original_1_12.png,C:\Users\arfan\OneDrive\Desktop\forgery\data\Cedar\full_org\original_1_20.png,1,1
C:\Users\arfan\OneDrive\Desktop\forgery\data\Cedar\full_org\original_29_19.png,C:\Users\arfan\OneDrive\Desktop\forgery\data\Cedar\full_forg\forgeries_29_7.png,0,29
C:\Users\arfan\OneDrive\Desktop\forgery\data\Cedar\full_org\original_45_6.png,C:\Users\arfan\OneDrive\Desktop\forgery\data\Cedar\full_org\original_45_8.png,1,45
C:\Users\arfan\OneDrive\Desktop\forgery\data\Cedar\full_org\original_51_22.png,C:\Users\arfan\OneDrive\Desktop\forgery\data\Cedar\full_forg\forgeries_51_13.png,0,51
C:\Users\arfan\OneDrive\Desktop\forgery\data\Cedar\full_org\original_45_15.png,C:\Users\arfan\OneDrive\Desktop\forgery\data\Cedar\full_org\original_45_2.png,1,45
C:\Users\arfan\OneDrive\Desktop\forgery\data\Cedar\full_org\original_48_16.png,C:\Users\arfan\OneDrive\Desktop\forgery\data\Cedar\full_forg\forgeries_48_21.png,0,48
C:\Users\arfan\OneDrive\Desktop\forgery\data\Cedar\full_org\original_44_13.png,C:\Users\arfan\OneDrive\Desktop\forgery\data\Cedar\full_org\original_44_5.png,1,44
C:\Users\arfan\OneDrive\Desktop\forgery\data\Cedar\full_org\original_25_19.png,C:\Users\arfan\OneDrive\Desktop\forgery\data\Cedar\full_org\original_25_2.png,1,25
C:\Users\arfan\OneDrive\Desktop\forgery\data\Cedar\full_org\original_46_18.png,C:\Users\arfan\OneDrive\Desktop\forgery\data\Cedar\full_forg\forgeries_46_16.png,0,46
C:\Users\arfan\OneDrive\Desktop\forgery\data\Cedar\full_org\original_18_23.png,C:\Users\arfan\OneDrive\Desktop\forgery\data\Cedar\full_forg\forgeries_18_3.png,0,18
C:\Users\arfan\OneDrive\Desktop\forgery\data\Cedar\full_org\original_6_6.png,C:\Users\arfan\OneDrive\Desktop\forgery\data\Cedar\full_forg\forgeries_6_24.png,0,6
C:\Users\arfan\OneDrive\Desktop\forgery\data\Cedar\full_org\original_20_16.png,C:\Users\arfan\OneDrive\Desktop\forgery\data\Cedar\full_forg\forgeries_20_14.png,0,20
C:\Users\arfan\OneDrive\Desktop\forgery\data\Cedar\full_org\original_41_6.png,C:\Users\arfan\OneDrive\Desktop\forgery\data\Cedar\full_forg\forgeries_41_22.png,0,41
C:\Users\arfan\OneDrive\Desktop\forgery\data\Cedar\full_org\original_17_4.png,C:\Users\arfan\OneDrive\Desktop\forgery\data\Cedar\full_forg\forgeries_17_21.png,0,17
C:\Users\arfan\OneDrive\Desktop\forgery\data\Cedar\full_org\original_7_15.png,C:\Users\arfan\OneDrive\Desktop\forgery\data\Cedar\full_org\original_7_6.png,1,7
C:\Users\arfan\OneDrive\Desktop\forgery\data\Cedar\full_org\original_17_17.png,C:\Users\arfan\OneDrive\Desktop\forgery\data\Cedar\full_org\original_17_9.png,1,17
C:\Users\arfan\OneDrive\Desktop\forgery\data\Cedar\full_org\original_49_17.png,C:\Users\arfan\OneDrive\Desktop\forgery\data\Cedar\full_org\original_49_3.png,1,49
C:\Users\arfan\OneDrive\Desktop\forgery\data\Cedar\full_org\original_51_11.png,C:\Users\arfan\OneDrive\Desktop\forgery\data\Cedar\full_org\original_51_4.png,1,51
C:\Users\arfan\OneDrive\Desktop\forgery\data\Cedar\full_org\original_12_10.png,C:\Users\arfan\OneDrive\Desktop\forgery\data\Cedar\full_org\original_12_14.png,1,12
C:\Users\arfan\OneDrive\Desktop\forgery\data\Cedar\full_org\original_51_6.png,C:\Users\arfan\OneDrive\Desktop\forgery\data\Cedar\full_forg\forgeries_51_20.png,0,51
C:\Users\arfan\OneDrive\Desktop\forgery\data\Cedar\full_org\original_51_20.png,C:\Users\arfan\OneDrive\Desktop\forgery\data\Cedar\full_forg\forgeries_51_1.png,0,51
C:\Users\arfan\OneDrive\Desktop\forgery\data\Cedar\full_org\original_21_15.png,C:\Users\arfan\OneDrive\Desktop\forgery\data\Cedar\full_org\original_21_19.png,1,21
C:\Users\arfan\OneDrive\Desktop\forgery\data\Cedar\full_org\original_3_24.png,C:\Users\arfan\OneDrive\Desktop\forgery\data\Cedar\full_forg\forgeries_3_13.png,0,3
C:\Users\arfan\OneDrive\Desktop\forgery\data\Cedar\full_org\original_36_17.png,C:\Users\arfan\OneDrive\Desktop\forgery\data\Cedar\full_org\original_36_6.png,1,36
C:\Users\arfan\OneDrive\Desktop\forgery\data\Cedar\full_org\original_42_12.png,C:\Users\arfan\OneDrive\Desktop\forgery\data\Cedar\full_org\original_42_6.png,1,42
C:\Users\arfan\OneDrive\Desktop\forgery\data\Cedar\full_org\original_5_2.png,C:\Users\arfan\OneDrive\Desktop\forgery\data\Cedar\full_forg\forgeries_5_24.png,0,5
C:\Users\arfan\OneDrive\Desktop\forgery\data\Cedar\full_org\original_44_23.png,C:\Users\arfan\OneDrive\Desktop\forgery\data\Cedar\full_forg\forgeries_44_4.png,0,44
C:\Users\arfan\OneDrive\Desktop\forgery\data\Cedar\full_org\original_34_21.png,C:\Users\arfan\OneDrive\Desktop\forgery\data\Cedar\full_org\original_34_4.png,1,34
C:\Users\arfan\OneDrive\Desktop\forgery\data\Cedar\full_org\original_3_5.png,C:\Users\arfan\OneDrive\Desktop\forgery\data\Cedar\full_forg\forgeries_3_12.png,0,3
C:\Users\arfan\OneDrive\Desktop\forgery\data\Cedar\full_org\original_55_11.png,C:\Users\arfan\OneDrive\Desktop\forgery\data\Cedar\full_org\original_55_24.png,1,55
C:\Users\arfan\OneDrive\Desktop\forgery\data\Cedar\full_org\original_13_6.png,C:\Users\arfan\OneDrive\Desktop\forgery\data\Cedar\full_forg\forgeries_13_21.png,0,13
C:\Users\arfan\OneDrive\Desktop\forgery\data\Cedar\full_org\original_9_2.png,C:\Users\arfan\OneDrive\Desktop\forgery\data\Cedar\full_forg\forgeries_9_5.png,0,9
C:\Users\arfan\OneDrive\Desktop\forgery\data\Cedar\full_org\original_29_10.png,C:\Users\arfan\OneDrive\Desktop\forgery\data\Cedar\full_forg\forgeries_29_10.png,0,29
C:\Users\arfan\OneDrive\Desktop\forgery\data\Cedar\full_org\original_26_12.png,C:\Users\arfan\OneDrive\Desktop\forgery\data\Cedar\full_org\original_26_13.png,1,26
C:\Users\arfan\OneDrive\Desktop\forgery\data\Cedar\full_org\original_25_3.png,C:\Users\arfan\OneDrive\Desktop\forgery\data\Cedar\full_forg\forgeries_25_6.png,0,25
C:\Users\arfan\OneDrive\Desktop\forgery\data\Cedar\full_org\original_13_15.png,C:\Users\arfan\OneDrive\Desktop\forgery\data\Cedar\full_org\original_13_4.png,1,13
C:\Users\arfan\OneDrive\Desktop\forgery\data\Cedar\full_org\original_34_2.png,C:\Users\arfan\OneDrive\Desktop\forgery\data\Cedar\full_forg\forgeries_34_20.png,0,34
C:\Users\arfan\OneDrive\Desktop\forgery\data\Cedar\full_org\original_21_18.png,C:\Users\arfan\OneDrive\Desktop\forgery\data\Cedar\full_forg\forgeries_21_22.png,0,21
C:\Users\arfan\OneDrive\Desktop\forgery\data\Cedar\full_org\original_54_14.png,C:\Users\arfan\OneDrive\Desktop\forgery\data\Cedar\full_org\original_54_4.png,1,54
C:\Users\arfan\OneDrive\Desktop\forgery\data\Cedar\full_org\original_13_23.png,C:\Users\arfan\OneDrive\Desktop\forgery\data\Cedar\full_org\original_13_7.png,1,13
C:\Users\arfan\OneDrive\Desktop\forgery\data\Cedar\full_org\original_53_17.png,C:\Users\arfan\OneDrive\Desktop\forgery\data\Cedar\full_forg\forgeries_53_10.png,0,53
C:\Users\arfan\OneDrive\Desktop\forgery\data\Cedar\full_org\original_6_15.png,C:\Users\arfan\OneDrive\Desktop\forgery\data\Cedar\full_forg\forgeries_6_4.png,0,6
C:\Users\arfan\OneDrive\Desktop\forgery\data\Cedar\full_org\original_3_11.png,C:\Users\arfan\OneDrive\Desktop\forgery\data\Cedar\full_forg\forgeries_3_20.png,0,3
C:\Users\arfan\OneDrive\Desktop\forgery\data\Cedar\full_org\original_29_22.png,C:\Users\arfan\OneDrive\Desktop\forgery\data\Cedar\full_org\original_29_23.png,1,29
C:\Users\arfan\OneDrive\Desktop\forgery\data\Cedar\full_org\original_41_17.png,C:\Users\arfan\OneDrive\Desktop\forgery\data\Cedar\full_forg\forgeries_41_5.png,0,41
C:\Users\arfan\OneDrive\Desktop\forgery\data\Cedar\full_org\original_36_1.png,C:\Users\arfan\OneDrive\Desktop\forgery\data\Cedar\full_forg\forgeries_36_21.png,0,36
C:\Users\arfan\OneDrive\Desktop\forgery\data\Cedar\full_org\original_36_22.png,C:\Users\arfan\OneDrive\Desktop\forgery\data\Cedar\full_org\original_36_8.png,1,36
C:\Users\arfan\OneDrive\Desktop\forgery\data\Cedar\full_org\original_24_20.png,C:\Users\arfan\OneDrive\Desktop\forgery\data\Cedar\full_org\original_24_7.png,1,24
C:\Users\arfan\OneDrive\Desktop\forgery\data\Cedar\full_org\original_25_15.png,C:\Users\arfan\OneDrive\Desktop\forgery\data\Cedar\full_org\original_25_3.png,1,25
C:\Users\arfan\OneDrive\Desktop\forgery\data\Cedar\full_org\original_9_5.png,C:\Users\arfan\OneDrive\Desktop\forgery\data\Cedar\full_org\original_9_8.png,1,9
C:\Users\arfan\OneDrive\Desktop\forgery\data\Cedar\full_org\original_1_5.png,C:\Users\arfan\OneDrive\Desktop\forgery\data\Cedar\full_org\original_1_8.png,1,1
C:\Users\arfan\OneDrive\Desktop\forgery\data\Cedar\full_org\original_45_2.png,C:\Users\arfan\OneDrive\Desktop\forgery\data\Cedar\full_forg\forgeries_45_11.png,0,45
C:\Users\arfan\OneDrive\Desktop\forgery\data\Cedar\full_org\original_9_12.png,C:\Users\arfan\OneDrive\Desktop\forgery\data\Cedar\full_forg\forgeries_9_2.png,0,9
C:\Users\arfan\OneDrive\Desktop\forgery\data\Cedar\full_org\original_47_7.png,C:\Users\arfan\OneDrive\Desktop\forgery\data\Cedar\full_forg\forgeries_47_4.png,0,47
C:\Users\arfan\OneDrive\Desktop\forgery\data\Cedar\full_org\original_44_15.png,C:\Users\arfan\OneDrive\Desktop\forgery\data\Cedar\full_org\original_44_2.png,1,44
C:\Users\arfan\OneDrive\Desktop\forgery\data\Cedar\full_org\original_53_5.png,C:\Users\arfan\OneDrive\Desktop\forgery\data\Cedar\full_org\original_53_9.png,1,53
C:\Users\arfan\OneDrive\Desktop\forgery\data\Cedar\full_org\original_4_1.png,C:\Users\arfan\OneDrive\Desktop\forgery\data\Cedar\full_org\original_4_18.png,1,4
C:\Users\arfan\OneDrive\Desktop\forgery\data\Cedar\full_org\original_41_18.png,C:\Users\arfan\OneDrive\Desktop\forgery\data\Cedar\full_forg\forgeries_41_10.png,0,41
C:\Users\arfan\OneDrive\Desktop\forgery\data\Cedar\full_org\original_47_13.png,C:\Users\arfan\OneDrive\Desktop\forgery\data\Cedar\full_org\original_47_6.png,1,47
C:\Users\arfan\OneDrive\Desktop\forgery\data\Cedar\full_org\original_53_17.png,C:\Users\arfan\OneDrive\Desktop\forgery\data\Cedar\full_org\original_53_2.png,1,53
C:\Users\arfan\OneDrive\Desktop\forgery\data\Cedar\full_org\original_20_11.png,C:\Users\arfan\OneDrive\Desktop\forgery\data\Cedar\full_org\original_20_9.png,1,20
C:\Users\arfan\OneDrive\Desktop\forgery\data\Cedar\full_org\original_49_10.png,C:\Users\arfan\OneDrive\Desktop\forgery\data\Cedar\full_forg\forgeries_49_1.png,0,49
C:\Users\arfan\OneDrive\Desktop\forgery\data\Cedar\full_org\original_44_15.png,C:\Users\arfan\OneDrive\Desktop\forgery\data\Cedar\full_forg\forgeries_44_12.png,0,44
C:\Users\arfan\OneDrive\Desktop\forgery\data\Cedar\full_org\original_40_15.png,C:\Users\arfan\OneDrive\Desktop\forgery\data\Cedar\full_org\original_40_19.png,1,40
C:\Users\arfan\OneDrive\Desktop\forgery\data\Cedar\full_org\original_51_23.png,C:\Users\arfan\OneDrive\Desktop\forgery\data\Cedar\full_org\original_51_8.png,1,51
C:\Users\arfan\OneDrive\Desktop\forgery\data\Cedar\full_org\original_36_17.png,C:\Users\arfan\OneDrive\Desktop\forgery\data\Cedar\full_forg\forgeries_36_18.png,0,36
C:\Users\arfan\OneDrive\Desktop\forgery\data\Cedar\full_org\original_15_21.png,C:\Users\arfan\OneDrive\Desktop\forgery\data\Cedar\full_org\original_15_8.png,1,15
C:\Users\arfan\OneDrive\Desktop\forgery\data\Cedar\full_org\original_29_19.png,C:\Users\arfan\OneDrive\Desktop\forgery\data\Cedar\full_org\original_29_24.png,1,29
C:\Users\arfan\OneDrive\Desktop\forgery\data\Cedar\full_org\original_37_21.png,C:\Users\arfan\OneDrive\Desktop\forgery\data\Cedar\full_org\original_37_9.png,1,37
C:\Users\arfan\OneDrive\Desktop\forgery\data\Cedar\full_org\original_13_19.png,C:\Users\arfan\OneDrive\Desktop\forgery\data\Cedar\full_org\original_13_20.png,1,13
C:\Users\arfan\OneDrive\Desktop\forgery\data\Cedar\full_org\original_48_2.png,C:\Users\arfan\OneDrive\Desktop\forgery\data\Cedar\full_forg\forgeries_48_2.png,0,48
C:\Users\arfan\OneDrive\Desktop\forgery\data\Cedar\full_org\original_8_18.png,C:\Users\arfan\OneDrive\Desktop\forgery\data\Cedar\full_forg\forgeries_8_10.png,0,8
C:\Users\arfan\OneDrive\Desktop\forgery\data\Cedar\full_org\original_24_1.png,C:\Users\arfan\OneDrive\Desktop\forgery\data\Cedar\full_org\original_24_3.png,1,24
C:\Users\arfan\OneDrive\Desktop\forgery\data\Cedar\full_org\original_12_13.png,C:\Users\arfan\OneDrive\Desktop\forgery\data\Cedar\full_org\original_12_16.png,1,12
C:\Users\arfan\OneDrive\Desktop\forgery\data\Cedar\full_org\original_4_9.png,C:\Users\arfan\OneDrive\Desktop\forgery\data\Cedar\full_forg\forgeries_4_7.png,0,4
C:\Users\arfan\OneDrive\Desktop\forgery\data\Cedar\full_org\original_17_17.png,C:\Users\arfan\OneDrive\Desktop\forgery\data\Cedar\full_forg\forgeries_17_9.png,0,17
C:\Users\arfan\OneDrive\Desktop\forgery\data\Cedar\full_org\original_13_15.png,C:\Users\arfan\OneDrive\Desktop\forgery\data\Cedar\full_forg\forgeries_13_18.png,0,13
C:\Users\arfan\OneDrive\Desktop\forgery\data\Cedar\full_org\original_6_18.png,C:\Users\arfan\OneDrive\Desktop\forgery\data\Cedar\full_org\original_6_7.png,1,6
C:\Users\arfan\OneDrive\Desktop\forgery\data\Cedar\full_org\original_44_13.png,C:\Users\arfan\OneDrive\Desktop\forgery\data\Cedar\full_forg\forgeries_44_7.png,0,44
C:\Users\arfan\OneDrive\Desktop\forgery\data\Cedar\full_org\original_38_18.png,C:\Users\arfan\OneDrive\Desktop\forgery\data\Cedar\full_org\original_38_6.png,1,38
C:\Users\arfan\OneDrive\Desktop\forgery\data\Cedar\full_org\original_15_20.png,C:\Users\arfan\OneDrive\Desktop\forgery\data\Cedar\full_org\original_15_4.png,1,15
C:\Users\arfan\OneDrive\Desktop\forgery\data\Cedar\full_org\original_6_5.png,C:\Users\arfan\OneDrive\Desktop\forgery\data\Cedar\full_org\original_6_9.png,1,6
C:\Users\arfan\OneDrive\Desktop\forgery\data\Cedar\full_org\original_51_16.png,C:\Users\arfan\OneDrive\Desktop\forgery\data\Cedar\full_org\original_51_3.png,1,51
C:\Users\arfan\OneDrive\Desktop\forgery\data\Cedar\full_org\original_10_10.png,C:\Users\arfan\OneDrive\Desktop\forgery\data\Cedar\full_org\original_10_11.png,1,10
C:\Users\arfan\OneDrive\Desktop\forgery\data\Cedar\full_org\original_22_3.png,C:\Users\arfan\OneDrive\Desktop\forgery\data\Cedar\full_forg\forgeries_22_18.png,0,22
C:\Users\arfan\OneDrive\Desktop\forgery\data\Cedar\full_org\original_47_16.png,C:\Users\arfan\OneDrive\Desktop\forgery\data\Cedar\full_org\original_47_5.png,1,47
C:\Users\arfan\OneDrive\Desktop\forgery\data\Cedar\full_org\original_1_23.png,C:\Users\arfan\OneDrive\Desktop\forgery\data\Cedar\full_org\original_1_8.png,1,1
C:\Users\arfan\OneDrive\Desktop\forgery\data\Cedar\full_org\original_51_3.png,C:\Users\arfan\OneDrive\Desktop\forgery\data\Cedar\full_forg\forgeries_51_17.png,0,51
C:\Users\arfan\OneDrive\Desktop\forgery\data\Cedar\full_org\original_22_18.png,C:\Users\arfan\OneDrive\Desktop\forgery\data\Cedar\full_forg\forgeries_22_13.png,0,22
C:\Users\arfan\OneDrive\Desktop\forgery\data\Cedar\full_org\original_50_12.png,C:\Users\arfan\OneDrive\Desktop\forgery\data\Cedar\full_org\original_50_7.png,1,50
C:\Users\arfan\OneDrive\Desktop\forgery\data\Cedar\full_org\original_48_13.png,C:\Users\arfan\OneDrive\Desktop\forgery\data\Cedar\full_org\original_48_20.png,1,48
C:\Users\arfan\OneDrive\Desktop\forgery\data\Cedar\full_org\original_10_4.png,C:\Users\arfan\OneDrive\Desktop\forgery\data\Cedar\full_forg\forgeries_10_23.png,0,10
C:\Users\arfan\OneDrive\Desktop\forgery\data\Cedar\full_org\original_42_19.png,C:\Users\arfan\OneDrive\Desktop\forgery\data\Cedar\full_org\original_42_9.png,1,42
C:\Users\arfan\OneDrive\Desktop\forgery\data\Cedar\full_org\original_9_19.png,C:\Users\arfan\OneDrive\Desktop\forgery\data\Cedar\full_org\original_9_21.png,1,9
C:\Users\arfan\OneDrive\Desktop\forgery\data\Cedar\full_org\original_17_11.png,C:\Users\arfan\OneDrive\Desktop\forgery\data\Cedar\full_org\original_17_13.png,1,17
C:\Users\arfan\OneDrive\Desktop\forgery\data\Cedar\full_org\original_32_4.png,C:\Users\arfan\OneDrive\Desktop\forgery\data\Cedar\full_forg\forgeries_32_5.png,0,32
C:\Users\arfan\OneDrive\Desktop\forgery\data\Cedar\full_org\original_20_12.png,C:\Users\arfan\OneDrive\Desktop\forgery\data\Cedar\full_org\original_20_19.png,1,20
C:\Users\arfan\OneDrive\Desktop\forgery\data\Cedar\full_org\original_27_11.png,C:\Users\arfan\OneDrive\Desktop\forgery\data\Cedar\full_org\original_27_20.png,1,27
C:\Users\arfan\OneDrive\Desktop\forgery\data\Cedar\full_org\original_43_24.png,C:\Users\arfan\OneDrive\Desktop\forgery\data\Cedar\full_org\original_43_5.png,1,43
C:\Users\arfan\OneDrive\Desktop\forgery\data\Cedar\full_org\original_47_15.png,C:\Users\arfan\OneDrive\Desktop\forgery\data\Cedar\full_forg\forgeries_47_9.png,0,47
C:\Users\arfan\OneDrive\Desktop\forgery\data\Cedar\full_org\original_4_6.png,C:\Users\arfan\OneDrive\Desktop\forgery\data\Cedar\full_forg\forgeries_4_11.png,0,4
C:\Users\arfan\OneDrive\Desktop\forgery\data\Cedar\full_org\original_20_18.png,C:\Users\arfan\OneDrive\Desktop\forgery\data\Cedar\full_forg\forgeries_20_17.png,0,20
C:\Users\arfan\OneDrive\Desktop\forgery\data\Cedar\full_org\original_14_15.png,C:\Users\arfan\OneDrive\Desktop\forgery\data\Cedar\full_forg\forgeries_14_20.png,0,14
C:\Users\arfan\OneDrive\Desktop\forgery\data\Cedar\full_org\original_21_20.png,C:\Users\arfan\OneDrive\Desktop\forgery\data\Cedar\full_org\original_21_23.png,1,21
C:\Users\arfan\OneDrive\Desktop\forgery\data\Cedar\full_org\original_13_11.png,C:\Users\arfan\OneDrive\Desktop\forgery\data\Cedar\full_org\original_13_13.png,1,13
C:\Users\arfan\OneDrive\Desktop\forgery\data\Cedar\full_org\original_12_18.png,C:\Users\arfan\OneDrive\Desktop\forgery\data\Cedar\full_org\original_12_24.png,1,12
C:\Users\arfan\OneDrive\Desktop\forgery\data\Cedar\full_org\original_24_5.png,C:\Users\arfan\OneDrive\Desktop\forgery\data\Cedar\full_forg\forgeries_24_10.png,0,24
C:\Users\arfan\OneDrive\Desktop\forgery\data\Cedar\full_org\original_14_24.png,C:\Users\arfan\OneDrive\Desktop\forgery\data\Cedar\full_forg\forgeries_14_16.png,0,14
C:\Users\arfan\OneDrive\Desktop\forgery\data\Cedar\full_org\original_6_7.png,C:\Users\arfan\OneDrive\Desktop\forgery\data\Cedar\full_forg\forgeries_6_1.png,0,6
C:\Users\arfan\OneDrive\Desktop\forgery\data\Cedar\full_org\original_49_19.png,C:\Users\arfan\OneDrive\Desktop\forgery\data\Cedar\full_forg\forgeries_49_12.png,0,49
C:\Users\arfan\OneDrive\Desktop\forgery\data\Cedar\full_org\original_44_17.png,C:\Users\arfan\OneDrive\Desktop\forgery\data\Cedar\full_org\original_44_9.png,1,44
C:\Users\arfan\OneDrive\Desktop\forgery\data\Cedar\full_org\original_52_12.png,C:\Users\arfan\OneDrive\Desktop\forgery\data\Cedar\full_forg\forgeries_52_18.png,0,52
C:\Users\arfan\OneDrive\Desktop\forgery\data\Cedar\full_org\original_25_14.png,C:\Users\arfan\OneDrive\Desktop\forgery\data\Cedar\full_forg\forgeries_25_4.png,0,25
C:\Users\arfan\OneDrive\Desktop\forgery\data\Cedar\full_org\original_15_15.png,C:\Users\arfan\OneDrive\Desktop\forgery\data\Cedar\full_org\original_15_6.png,1,15
C:\Users\arfan\OneDrive\Desktop\forgery\data\Cedar\full_org\original_53_13.png,C:\Users\arfan\OneDrive\Desktop\forgery\data\Cedar\full_org\original_53_16.png,1,53
C:\Users\arfan\OneDrive\Desktop\forgery\data\Cedar\full_org\original_55_21.png,C:\Users\arfan\OneDrive\Desktop\forgery\data\Cedar\full_forg\forgeries_55_10.png,0,55
C:\Users\arfan\OneDrive\Desktop\forgery\data\Cedar\full_org\original_38_23.png,C:\Users\arfan\OneDrive\Desktop\forgery\data\Cedar\full_org\original_38_4.png,1,38
C:\Users\arfan\OneDrive\Desktop\forgery\data\Cedar\full_org\original_26_21.png,C:\Users\arfan\OneDrive\Desktop\forgery\data\Cedar\full_org\original_26_8.png,1,26
C:\Users\arfan\OneDrive\Desktop\forgery\data\Cedar\full_org\original_20_3.png,C:\Users\arfan\OneDrive\Desktop\forgery\data\Cedar\full_forg\forgeries_20_6.png,0,20
C:\Users\arfan\OneDrive\Desktop\forgery\data\Cedar\full_org\original_48_11.png,C:\Users\arfan\OneDrive\Desktop\forgery\data\Cedar\full_org\original_48_20.png,1,48
C:\Users\arfan\OneDrive\Desktop\forgery\data\Cedar\full_org\original_9_2.png,C:\Users\arfan\OneDrive\Desktop\forgery\data\Cedar\full_org\original_9_7.png,1,9
C:\Users\arfan\OneDrive\Desktop\forgery\data\Cedar\full_org\original_49_7.png,C:\Users\arfan\OneDrive\Desktop\forgery\data\Cedar\full_org\original_49_8.png,1,49
C:\Users\arfan\OneDrive\Desktop\forgery\data\Cedar\full_org\original_40_11.png,C:\Users\arfan\OneDrive\Desktop\forgery\data\Cedar\full_org\original_40_8.png,1,40
C:\Users\arfan\OneDrive\Desktop\forgery\data\Cedar\full_org\original_50_16.png,C:\Users\arfan\OneDrive\Desktop\forgery\data\Cedar\full_forg\forgeries_50_8.png,0,50
C:\Users\arfan\OneDrive\Desktop\forgery\data\Cedar\full_org\original_29_1.png,C:\Users\arfan\OneDrive\Desktop\forgery\data\Cedar\full_org\original_29_14.png,1,29
C:\Users\arfan\OneDrive\Desktop\forgery\data\Cedar\full_org\original_3_10.png,C:\Users\arfan\OneDrive\Desktop\forgery\data\Cedar\full_org\original_3_8.png,1,3
C:\Users\arfan\OneDrive\Desktop\forgery\data\Cedar\full_org\original_18_12.png,C:\Users\arfan\OneDrive\Desktop\forgery\data\Cedar\full_org\original_18_19.png,1,18
C:\Users\arfan\OneDrive\Desktop\forgery\data\Cedar\full_org\original_36_21.png,C:\Users\arfan\OneDrive\Desktop\forgery\data\Cedar\full_org\original_36_24.png,1,36
C:\Users\arfan\OneDrive\Desktop\forgery\data\Cedar\full_org\original_4_1.png,C:\Users\arfan\OneDrive\Desktop\forgery\data\Cedar\full_org\original_4_8.png,1,4
C:\Users\arfan\OneDrive\Desktop\forgery\data\Cedar\full_org\original_1_21.png,C:\Users\arfan\OneDrive\Desktop\forgery\data\Cedar\full_forg\forgeries_1_24.png,0,1
C:\Users\arfan\OneDrive\Desktop\forgery\data\Cedar\full_org\original_22_21.png,C:\Users\arfan\OneDrive\Desktop\forgery\data\Cedar\full_forg\forgeries_22_5.png,0,22
C:\Users\arfan\OneDrive\Desktop\forgery\data\Cedar\full_org\original_7_13.png,C:\Users\arfan\OneDrive\Desktop\forgery\data\Cedar\full_forg\forgeries_7_23.png,0,7
C:\Users\arfan\OneDrive\Desktop\forgery\data\Cedar\full_org\original_49_17.png,C:\Users\arfan\OneDrive\Desktop\forgery\data\Cedar\full_org\original_49_20.png,1,49
C:\Users\arfan\OneDrive\Desktop\forgery\data\Cedar\full_org\original_1_14.png,C:\Users\arfan\OneDrive\Desktop\forgery\data\Cedar\full_forg\forgeries_1_18.png,0,1
C:\Users\arfan\OneDrive\Desktop\forgery\data\Cedar\full_org\original_22_17.png,C:\Users\arfan\OneDrive\Desktop\forgery\data\Cedar\full_forg\forgeries_22_7.png,0,22
C:\Users\arfan\OneDrive\Desktop\forgery\data\Cedar\full_org\original_21_15.png,C:\Users\arfan\OneDrive\Desktop\forgery\data\Cedar\full_org\original_21_6.png,1,21
C:\Users\arfan\OneDrive\Desktop\forgery\data\Cedar\full_org\original_27_17.png,C:\Users\arfan\OneDrive\Desktop\forgery\data\Cedar\full_org\original_27_6.png,1,27
C:\Users\arfan\OneDrive\Desktop\forgery\data\Cedar\full_org\original_8_8.png,C:\Users\arfan\OneDrive\Desktop\forgery\data\Cedar\full_forg\forgeries_8_4.png,0,8
C:\Users\arfan\OneDrive\Desktop\forgery\data\Cedar\full_org\original_15_1.png,C:\Users\arfan\OneDrive\Desktop\forgery\data\Cedar\full_forg\forgeries_15_17.png,0,15
C:\Users\arfan\OneDrive\Desktop\forgery\data\Cedar\full_org\original_8_21.png,C:\Users\arfan\OneDrive\Desktop\forgery\data\Cedar\full_org\original_8_22.png,1,8
C:\Users\arfan\OneDrive\Desktop\forgery\data\Cedar\full_org\original_29_10.png,C:\Users\arfan\OneDrive\Desktop\forgery\data\Cedar\full_forg\forgeries_29_13.png,0,29
C:\Users\arfan\OneDrive\Desktop\forgery\data\Cedar\full_org\original_32_21.png,C:\Users\arfan\OneDrive\Desktop\forgery\data\Cedar\full_forg\forgeries_32_13.png,0,32
C:\Users\arfan\OneDrive\Desktop\forgery\data\Cedar\full_org\original_45_14.png,C:\Users\arfan\OneDrive\Desktop\forgery\data\Cedar\full_org\original_45_9.png,1,45
C:\Users\arfan\OneDrive\Desktop\forgery\data\Cedar\full_org\original_37_9.png,C:\Users\arfan\OneDrive\Desktop\forgery\data\Cedar\full_forg\forgeries_37_23.png,0,37
C:\Users\arfan\OneDrive\Desktop\forgery\data\Cedar\full_org\original_6_1.png,C:\Users\arfan\OneDrive\Desktop\forgery\data\Cedar\full_org\original_6_15.png,1,6
C:\Users\arfan\OneDrive\Desktop\forgery\data\Cedar\full_org\original_1_22.png,C:\Users\arfan\OneDrive\Desktop\forgery\data\Cedar\full_org\original_1_8.png,1,1
C:\Users\arfan\OneDrive\Desktop\forgery\data\Cedar\full_org\original_36_15.png,C:\Users\arfan\OneDrive\Desktop\forgery\data\Cedar\full_forg\forgeries_36_13.png,0,36
C:\Users\arfan\OneDrive\Desktop\forgery\data\Cedar\full_org\original_24_15.png,C:\Users\arfan\OneDrive\Desktop\forgery\data\Cedar\full_forg\forgeries_24_6.png,0,24
C:\Users\arfan\OneDrive\Desktop\forgery\data\Cedar\full_org\original_46_19.png,C:\Users\arfan\OneDrive\Desktop\forgery\data\Cedar\full_org\original_46_5.png,1,46
C:\Users\arfan\OneDrive\Desktop\forgery\data\Cedar\full_org\original_41_4.png,C:\Users\arfan\OneDrive\Desktop\forgery\data\Cedar\full_org\original_41_9.png,1,41
C:\Users\arfan\OneDrive\Desktop\forgery\data\Cedar\full_org\original_21_12.png,C:\Users\arfan\OneDrive\Desktop\forgery\data\Cedar\full_org\original_21_6.png,1,21
C:\Users\arfan\OneDrive\Desktop\forgery\data\Cedar\full_org\original_49_10.png,C:\Users\arfan\OneDrive\Desktop\forgery\data\Cedar\full_org\original_49_5.png,1,49
C:\Users\arfan\OneDrive\Desktop\forgery\data\Cedar\full_org\original_13_15.png,C:\Users\arfan\OneDrive\Desktop\forgery\data\Cedar\full_forg\forgeries_13_17.png,0,13
C:\Users\arfan\OneDrive\Desktop\forgery\data\Cedar\full_org\original_14_1.png,C:\Users\arfan\OneDrive\Desktop\forgery\data\Cedar\full_org\original_14_18.png,1,14
C:\Users\arfan\OneDrive\Desktop\forgery\data\Cedar\full_org\original_42_7.png,C:\Users\arfan\OneDrive\Desktop\forgery\data\Cedar\full_forg\forgeries_42_16.png,0,42
C:\Users\arfan\OneDrive\Desktop\forgery\data\Cedar\full_org\original_37_11.png,C:\Users\arfan\OneDrive\Desktop\forgery\data\Cedar\full_forg\forgeries_37_8.png,0,37
C:\Users\arfan\OneDrive\Desktop\forgery\data\Cedar\full_org\original_20_15.png,C:\Users\arfan\OneDrive\Desktop\forgery\data\Cedar\full_forg\forgeries_20_4.png,0,20
C:\Users\arfan\OneDrive\Desktop\forgery\data\Cedar\full_org\original_52_1.png,C:\Users\arfan\OneDrive\Desktop\forgery\data\Cedar\full_org\original_52_17.png,1,52
C:\Users\arfan\OneDrive\Desktop\forgery\data\Cedar\full_org\original_47_10.png,C:\Users\arfan\OneDrive\Desktop\forgery\data\Cedar\full_org\original_47_23.png,1,47
C:\Users\arfan\OneDrive\Desktop\forgery\data\Cedar\full_org\original_40_11.png,C:\Users\arfan\OneDrive\Desktop\forgery\data\Cedar\full_org\original_40_23.png,1,40
C:\Users\arfan\OneDrive\Desktop\forgery\data\Cedar\full_org\original_17_15.png,C:\Users\arfan\OneDrive\Desktop\forgery\data\Cedar\full_org\original_17_2.png,1,17
C:\Users\arfan\OneDrive\Desktop\forgery\data\Cedar\full_org\original_36_3.png,C:\Users\arfan\OneDrive\Desktop\forgery\data\Cedar\full_org\original_36_9.png,1,36
C:\Users\arfan\OneDrive\Desktop\forgery\data\Cedar\full_org\original_14_1.png,C:\Users\arfan\OneDrive\Desktop\forgery\data\Cedar\full_forg\forgeries_14_4.png,0,14
C:\Users\arfan\OneDrive\Desktop\forgery\data\Cedar\full_org\original_49_1.png,C:\Users\arfan\OneDrive\Desktop\forgery\data\Cedar\full_org\original_49_10.png,1,49
C:\Users\arfan\OneDrive\Desktop\forgery\data\Cedar\full_org\original_47_18.png,C:\Users\arfan\OneDrive\Desktop\forgery\data\Cedar\full_org\original_47_8.png,1,47
C:\Users\arfan\OneDrive\Desktop\forgery\data\Cedar\full_org\original_3_9.png,C:\Users\arfan\OneDrive\Desktop\forgery\data\Cedar\full_forg\forgeries_3_16.png,0,3
C:\Users\arfan\OneDrive\Desktop\forgery\data\Cedar\full_org\original_51_11.png,C:\Users\arfan\OneDrive\Desktop\forgery\data\Cedar\full_org\original_51_7.png,1,51
C:\Users\arfan\OneDrive\Desktop\forgery\data\Cedar\full_org\original_54_16.png,C:\Users\arfan\OneDrive\Desktop\forgery\data\Cedar\full_forg\forgeries_54_4.png,0,54
C:\Users\arfan\OneDrive\Desktop\forgery\data\Cedar\full_org\original_39_17.png,C:\Users\arfan\OneDrive\Desktop\forgery\data\Cedar\full_forg\forgeries_39_14.png,0,39
C:\Users\arfan\OneDrive\Desktop\forgery\data\Cedar\full_org\original_45_20.png,C:\Users\arfan\OneDrive\Desktop\forgery\data\Cedar\full_forg\forgeries_45_24.png,0,45
C:\Users\arfan\OneDrive\Desktop\forgery\data\Cedar\full_org\original_34_13.png,C:\Users\arfan\OneDrive\Desktop\forgery\data\Cedar\full_forg\forgeries_34_3.png,0,34
C:\Users\arfan\OneDrive\Desktop\forgery\data\Cedar\full_org\original_34_10.png,C:\Users\arfan\OneDrive\Desktop\forgery\data\Cedar\full_forg\forgeries_34_7.png,0,34
C:\Users\arfan\OneDrive\Desktop\forgery\data\Cedar\full_org\original_10_4.png,C:\Users\arfan\OneDrive\Desktop\forgery\data\Cedar\full_org\original_10_8.png,1,10
C:\Users\arfan\OneDrive\Desktop\forgery\data\Cedar\full_org\original_5_23.png,C:\Users\arfan\OneDrive\Desktop\forgery\data\Cedar\full_org\original_5_5.png,1,5
C:\Users\arfan\OneDrive\Desktop\forgery\data\Cedar\full_org\original_4_10.png,C:\Users\arfan\OneDrive\Desktop\forgery\data\Cedar\full_org\original_4_17.png,1,4
C:\Users\arfan\OneDrive\Desktop\forgery\data\Cedar\full_org\original_1_10.png,C:\Users\arfan\OneDrive\Desktop\forgery\data\Cedar\full_org\original_1_3.png,1,1
C:\Users\arfan\OneDrive\Desktop\forgery\data\Cedar\full_org\original_1_10.png,C:\Users\arfan\OneDrive\Desktop\forgery\data\Cedar\full_org\original_1_17.png,1,1
C:\Users\arfan\OneDrive\Desktop\forgery\data\Cedar\full_org\original_29_6.png,C:\Users\arfan\OneDrive\Desktop\forgery\data\Cedar\full_forg\forgeries_29_16.png,0,29
C:\Users\arfan\OneDrive\Desktop\forgery\data\Cedar\full_org\original_47_4.png,C:\Users\arfan\OneDrive\Desktop\forgery\data\Cedar\full_forg\forgeries_47_3.png,0,47
C:\Users\arfan\OneDrive\Desktop\forgery\data\Cedar\full_org\original_43_23.png,C:\Users\arfan\OneDrive\Desktop\forgery\data\Cedar\full_forg\forgeries_43_13.png,0,43
C:\Users\arfan\OneDrive\Desktop\forgery\data\Cedar\full_org\original_14_13.png,C:\Users\arfan\OneDrive\Desktop\forgery\data\Cedar\full_org\original_14_6.png,1,14
C:\Users\arfan\OneDrive\Desktop\forgery\data\Cedar\full_org\original_46_4.png,C:\Users\arfan\OneDrive\Desktop\forgery\data\Cedar\full_forg\forgeries_46_7.png,0,46
C:\Users\arfan\OneDrive\Desktop\forgery\data\Cedar\full_org\original_20_18.png,C:\Users\arfan\OneDrive\Desktop\forgery\data\Cedar\full_org\original_20_23.png,1,20
C:\Users\arfan\OneDrive\Desktop\forgery\data\Cedar\full_org\original_40_24.png,C:\Users\arfan\OneDrive\Desktop\forgery\data\Cedar\full_forg\forgeries_40_12.png,0,40
C:\Users\arfan\OneDrive\Desktop\forgery\data\Cedar\full_org\original_34_19.png,C:\Users\arfan\OneDrive\Desktop\forgery\data\Cedar\full_org\original_34_3.png,1,34
C:\Users\arfan\OneDrive\Desktop\forgery\data\Cedar\full_org\original_53_10.png,C:\Users\arfan\OneDrive\Desktop\forgery\data\Cedar\full_forg\forgeries_53_21.png,0,53
C:\Users\arfan\OneDrive\Desktop\forgery\data\Cedar\full_org\original_6_19.png,C:\Users\arfan\OneDrive\Desktop\forgery\data\Cedar\full_forg\forgeries_6_10.png,0,6
C:\Users\arfan\OneDrive\Desktop\forgery\data\Cedar\full_org\original_34_10.png,C:\Users\arfan\OneDrive\Desktop\forgery\data\Cedar\full_forg\forgeries_34_10.png,0,34
C:\Users\arfan\OneDrive\Desktop\forgery\data\Cedar\full_org\original_7_15.png,C:\Users\arfan\OneDrive\Desktop\forgery\data\Cedar\full_org\original_7_18.png,1,7
C:\Users\arfan\OneDrive\Desktop\forgery\data\Cedar\full_org\original_41_2.png,C:\Users\arfan\OneDrive\Desktop\forgery\data\Cedar\full_forg\forgeries_41_4.png,0,41
C:\Users\arfan\OneDrive\Desktop\forgery\data\Cedar\full_org\original_52_15.png,C:\Users\arfan\OneDrive\Desktop\forgery\data\Cedar\full_org\original_52_3.png,1,52
C:\Users\arfan\OneDrive\Desktop\forgery\data\Cedar\full_org\original_52_16.png,C:\Users\arfan\OneDrive\Desktop\forgery\data\Cedar\full_forg\forgeries_52_21.png,0,52
C:\Users\arfan\OneDrive\Desktop\forgery\data\Cedar\full_org\original_14_18.png,C:\Users\arfan\OneDrive\Desktop\forgery\data\Cedar\full_forg\forgeries_14_4.png,0,14
C:\Users\arfan\OneDrive\Desktop\forgery\data\Cedar\full_org\original_38_1.png,C:\Users\arfan\OneDrive\Desktop\forgery\data\Cedar\full_org\original_38_20.png,1,38
C:\Users\arfan\OneDrive\Desktop\forgery\data\Cedar\full_org\original_29_1.png,C:\Users\arfan\OneDrive\Desktop\forgery\data\Cedar\full_forg\forgeries_29_14.png,0,29
C:\Users\arfan\OneDrive\Desktop\forgery\data\Cedar\full_org\original_25_10.png,C:\Users\arfan\OneDrive\Desktop\forgery\data\Cedar\full_forg\forgeries_25_20.png,0,25
C:\Users\arfan\OneDrive\Desktop\forgery\data\Cedar\full_org\original_49_16.png,C:\Users\arfan\OneDrive\Desktop\forgery\data\Cedar\full_org\original_49_19.png,1,49
C:\Users\arfan\OneDrive\Desktop\forgery\data\Cedar\full_org\original_27_7.png,C:\Users\arfan\OneDrive\Desktop\forgery\data\Cedar\full_forg\forgeries_27_12.png,0,27
C:\Users\arfan\OneDrive\Desktop\forgery\data\Cedar\full_org\original_15_9.png,C:\Users\arfan\OneDrive\Desktop\forgery\data\Cedar\full_forg\forgeries_15_3.png,0,15
C:\Users\arfan\OneDrive\Desktop\forgery\data\Cedar\full_org\original_9_18.png,C:\Users\arfan\OneDrive\Desktop\forgery\data\Cedar\full_forg\forgeries_9_14.png,0,9
C:\Users\arfan\OneDrive\Desktop\forgery\data\Cedar\full_org\original_7_12.png,C:\Users\arfan\OneDrive\Desktop\forgery\data\Cedar\full_org\original_7_19.png,1,7
C:\Users\arfan\OneDrive\Desktop\forgery\data\Cedar\full_org\original_22_2.png,C:\Users\arfan\OneDrive\Desktop\forgery\data\Cedar\full_org\original_22_4.png,1,22
C:\Users\arfan\OneDrive\Desktop\forgery\data\Cedar\full_org\original_13_19.png,C:\Users\arfan\OneDrive\Desktop\forgery\data\Cedar\full_org\original_13_4.png,1,13
C:\Users\arfan\OneDrive\Desktop\forgery\data\Cedar\full_org\original_38_9.png,C:\Users\arfan\OneDrive\Desktop\forgery\data\Cedar\full_forg\forgeries_38_18.png,0,38
C:\Users\arfan\OneDrive\Desktop\forgery\data\Cedar\full_org\original_37_18.png,C:\Users\arfan\OneDrive\Desktop\forgery\data\Cedar\full_org\original_37_9.png,1,37
C:\Users\arfan\OneDrive\Desktop\forgery\data\Cedar\full_org\original_14_17.png,C:\Users\arfan\OneDrive\Desktop\forgery\data\Cedar\full_forg\forgeries_14_19.png,0,14
C:\Users\arfan\OneDrive\Desktop\forgery\data\Cedar\full_org\original_22_10.png,C:\Users\arfan\OneDrive\Desktop\forgery\data\Cedar\full_org\original_22_9.png,1,22
C:\Users\arfan\OneDrive\Desktop\forgery\data\Cedar\full_org\original_6_1.png,C:\Users\arfan\OneDrive\Desktop\forgery\data\Cedar\full_forg\forgeries_6_24.png,0,6
C:\Users\arfan\OneDrive\Desktop\forgery\data\Cedar\full_org\original_24_18.png,C:\Users\arfan\OneDrive\Desktop\forgery\data\Cedar\full_forg\forgeries_24_14.png,0,24
C:\Users\arfan\OneDrive\Desktop\forgery\data\Cedar\full_org\original_9_10.png,C:\Users\arfan\OneDrive\Desktop\forgery\data\Cedar\full_org\original_9_24.png,1,9
C:\Users\arfan\OneDrive\Desktop\forgery\data\Cedar\full_org\original_32_3.png,C:\Users\arfan\OneDrive\Desktop\forgery\data\Cedar\full_forg\forgeries_32_2.png,0,32
C:\Users\arfan\OneDrive\Desktop\forgery\data\Cedar\full_org\original_39_24.png,C:\Users\arfan\OneDrive\Desktop\forgery\data\Cedar\full_forg\forgeries_39_19.png,0,39
C:\Users\arfan\OneDrive\Desktop\forgery\data\Cedar\full_org\original_55_22.png,C:\Users\arfan\OneDrive\Desktop\forgery\data\Cedar\full_forg\forgeries_55_15.png,0,55
C:\Users\arfan\OneDrive\Desktop\forgery\data\Cedar\full_org\original_54_14.png,C:\Users\arfan\OneDrive\Desktop\forgery\data\Cedar\full_org\original_54_8.png,1,54
C:\Users\arfan\OneDrive\Desktop\forgery\data\Cedar\full_org\original_24_12.png,C:\Users\arfan\OneDrive\Desktop\forgery\data\Cedar\full_org\original_24_15.png,1,24
C:\Users\arfan\OneDrive\Desktop\forgery\data\Cedar\full_org\original_44_3.png,C:\Users\arfan\OneDrive\Desktop\forgery\data\Cedar\full_forg\forgeries_44_1.png,0,44
C:\Users\arfan\OneDrive\Desktop\forgery\data\Cedar\full_org\original_15_11.png,C:\Users\arfan\OneDrive\Desktop\forgery\data\Cedar\full_org\original_15_23.png,1,15
C:\Users\arfan\OneDrive\Desktop\forgery\data\Cedar\full_org\original_21_19.png,C:\Users\arfan\OneDrive\Desktop\forgery\data\Cedar\full_forg\forgeries_21_17.png,0,21
C:\Users\arfan\OneDrive\Desktop\forgery\data\Cedar\full_org\original_27_19.png,C:\Users\arfan\OneDrive\Desktop\forgery\data\Cedar\full_org\original_27_5.png,1,27
C:\Users\arfan\OneDrive\Desktop\forgery\data\Cedar\full_org\original_49_23.png,C:\Users\arfan\OneDrive\Desktop\forgery\data\Cedar\full_forg\forgeries_49_21.png,0,49
C:\Users\arfan\OneDrive\Desktop\forgery\data\Cedar\full_org\original_54_22.png,C:\Users\arfan\OneDrive\Desktop\forgery\data\Cedar\full_forg\forgeries_54_24.png,0,54
C:\Users\arfan\OneDrive\Desktop\forgery\data\Cedar\full_org\original_49_12.png,C:\Users\arfan\OneDrive\Desktop\forgery\data\Cedar\full_forg\forgeries_49_1.png,0,49
C:\Users\arfan\OneDrive\Desktop\forgery\data\Cedar\full_org\original_53_11.png,C:\Users\arfan\OneDrive\Desktop\forgery\data\Cedar\full_org\original_53_22.png,1,53
C:\Users\arfan\OneDrive\Desktop\forgery\data\Cedar\full_org\original_5_11.png,C:\Users\arfan\OneDrive\Desktop\forgery\data\Cedar\full_forg\forgeries_5_21.png,0,5
C:\Users\arfan\OneDrive\Desktop\forgery\data\Cedar\full_org\original_54_11.png,C:\Users\arfan\OneDrive\Desktop\forgery\data\Cedar\full_forg\forgeries_54_16.png,0,54
C:\Users\arfan\OneDrive\Desktop\forgery\data\Cedar\full_org\original_38_16.png,C:\Users\arfan\OneDrive\Desktop\forgery\data\Cedar\full_org\original_38_23.png,1,38
C:\Users\arfan\OneDrive\Desktop\forgery\data\Cedar\full_org\original_3_1.png,C:\Users\arfan\OneDrive\Desktop\forgery\data\Cedar\full_org\original_3_23.png,1,3
C:\Users\arfan\OneDrive\Desktop\forgery\data\Cedar\full_org\original_32_20.png,C:\Users\arfan\OneDrive\Desktop\forgery\data\Cedar\full_forg\forgeries_32_19.png,0,32
C:\Users\arfan\OneDrive\Desktop\forgery\data\Cedar\full_org\original_14_10.png,C:\Users\arfan\OneDrive\Desktop\forgery\data\Cedar\full_forg\forgeries_14_3.png,0,14
C:\Users\arfan\OneDrive\Desktop\forgery\data\Cedar\full_org\original_50_18.png,C:\Users\arfan\OneDrive\Desktop\forgery\data\Cedar\full_org\original_50_20.png,1,50
C:\Users\arfan\OneDrive\Desktop\forgery\data\Cedar\full_org\original_49_15.png,C:\Users\arfan\OneDrive\Desktop\forgery\data\Cedar\full_org\original_49_3.png,1,49
C:\Users\arfan\OneDrive\Desktop\forgery\data\Cedar\full_org\original_22_24.png,C:\Users\arfan\OneDrive\Desktop\forgery\data\Cedar\full_forg\forgeries_22_2.png,0,22
C:\Users\arfan\OneDrive\Desktop\forgery\data\Cedar\full_org\original_29_21.png,C:\Users\arfan\OneDrive\Desktop\forgery\data\Cedar\full_forg\forgeries_29_8.png,0,29
C:\Users\arfan\OneDrive\Desktop\forgery\data\Cedar\full_org\original_48_20.png,C:\Users\arfan\OneDrive\Desktop\forgery\data\Cedar\full_forg\forgeries_48_18.png,0,48
C:\Users\arfan\OneDrive\Desktop\forgery\data\Cedar\full_org\original_9_22.png,C:\Users\arfan\OneDrive\Desktop\forgery\data\Cedar\full_forg\forgeries_9_1.png,0,9
C:\Users\arfan\OneDrive\Desktop\forgery\data\Cedar\full_org\original_29_12.png,C:\Users\arfan\OneDrive\Desktop\forgery\data\Cedar\full_org\original_29_9.png,1,29
C:\Users\arfan\OneDrive\Desktop\forgery\data\Cedar\full_org\original_1_20.png,C:\Users\arfan\OneDrive\Desktop\forgery\data\Cedar\full_org\original_1_4.png,1,1
C:\Users\arfan\OneDrive\Desktop\forgery\data\Cedar\full_org\original_37_13.png,C:\Users\arfan\OneDrive\Desktop\forgery\data\Cedar\full_org\original_37_24.png,1,37
C:\Users\arfan\OneDrive\Desktop\forgery\data\Cedar\full_org\original_7_1.png,C:\Users\arfan\OneDrive\Desktop\forgery\data\Cedar\full_forg\forgeries_7_17.png,0,7
C:\Users\arfan\OneDrive\Desktop\forgery\data\Cedar\full_org\original_13_13.png,C:\Users\arfan\OneDrive\Desktop\forgery\data\Cedar\full_org\original_13_18.png,1,13
C:\Users\arfan\OneDrive\Desktop\forgery\data\Cedar\full_org\original_12_19.png,C:\Users\arfan\OneDrive\Desktop\forgery\data\Cedar\full_org\original_12_20.png,1,12
C:\Users\arfan\OneDrive\Desktop\forgery\data\Cedar\full_org\original_5_9.png,C:\Users\arfan\OneDrive\Desktop\forgery\data\Cedar\full_forg\forgeries_5_5.png,0,5
C:\Users\arfan\OneDrive\Desktop\forgery\data\Cedar\full_org\original_8_14.png,C:\Users\arfan\OneDrive\Desktop\forgery\data\Cedar\full_org\original_8_24.png,1,8
C:\Users\arfan\OneDrive\Desktop\forgery\data\Cedar\full_org\original_14_22.png,C:\Users\arfan\OneDrive\Desktop\forgery\data\Cedar\full_org\original_14_24.png,1,14
C:\Users\arfan\OneDrive\Desktop\forgery\data\Cedar\full_org\original_52_5.png,C:\Users\arfan\OneDrive\Desktop\forgery\data\Cedar\full_forg\forgeries_52_8.png,0,52
C:\Users\arfan\OneDrive\Desktop\forgery\data\Cedar\full_org\original_38_13.png,C:\Users\arfan\OneDrive\Desktop\forgery\data\Cedar\full_org\original_38_14.png,1,38
C:\Users\arfan\OneDrive\Desktop\forgery\data\Cedar\full_org\original_40_22.png,C:\Users\arfan\OneDrive\Desktop\forgery\data\Cedar\full_org\original_40_7.png,1,40
C:\Users\arfan\OneDrive\Desktop\forgery\data\Cedar\full_org\original_6_18.png,C:\Users\arfan\OneDrive\Desktop\forgery\data\Cedar\full_forg\forgeries_6_14.png,0,6
C:\Users\arfan\OneDrive\Desktop\forgery\data\Cedar\full_org\original_41_15.png,C:\Users\arfan\OneDrive\Desktop\forgery\data\Cedar\full_org\original_41_19.png,1,41
C:\Users\arfan\OneDrive\Desktop\forgery\data\Cedar\full_org\original_15_1.png,C:\Users\arfan\OneDrive\Desktop\forgery\data\Cedar\full_org\original_15_2.png,1,15
C:\Users\arfan\OneDrive\Desktop\forgery\data\Cedar\full_org\original_36_1.png,C:\Users\arfan\OneDrive\Desktop\forgery\data\Cedar\full_org\original_36_7.png,1,36
C:\Users\arfan\OneDrive\Desktop\forgery\data\Cedar\full_org\original_1_14.png,C:\Users\arfan\OneDrive\Desktop\forgery\data\Cedar\full_org\original_1_24.png,1,1
C:\Users\arfan\OneDrive\Desktop\forgery\data\Cedar\full_org\original_7_14.png,C:\Users\arfan\OneDrive\Desktop\forgery\data\Cedar\full_forg\forgeries_7_6.png,0,7
C:\Users\arfan\OneDrive\Desktop\forgery\data\Cedar\full_org\original_38_11.png,C:\Users\arfan\OneDrive\Desktop\forgery\data\Cedar\full_forg\forgeries_38_10.png,0,38
C:\Users\arfan\OneDrive\Desktop\forgery\data\Cedar\full_org\original_20_5.png,C:\Users\arfan\OneDrive\Desktop\forgery\data\Cedar\full_forg\forgeries_20_19.png,0,20
C:\Users\arfan\OneDrive\Desktop\forgery\data\Cedar\full_org\original_27_21.png,C:\Users\arfan\OneDrive\Desktop\forgery\data\Cedar\full_org\original_27_7.png,1,27
C:\Users\arfan\OneDrive\Desktop\forgery\data\Cedar\full_org\original_37_18.png,C:\Users\arfan\OneDrive\Desktop\forgery\data\Cedar\full_forg\forgeries_37_5.png,0,37
C:\Users\arfan\OneDrive\Desktop\forgery\data\Cedar\full_org\original_7_14.png,C:\Users\arfan\OneDrive\Desktop\forgery\data\Cedar\full_org\original_7_16.png,1,7
C:\Users\arfan\OneDrive\Desktop\forgery\data\Cedar\full_org\original_41_4.png,C:\Users\arfan\OneDrive\Desktop\forgery\data\Cedar\full_org\original_41_5.png,1,41
C:\Users\arfan\OneDrive\Desktop\forgery\data\Cedar\full_org\original_51_8.png,C:\Users\arfan\OneDrive\Desktop\forgery\data\Cedar\full_forg\forgeries_51_14.png,0,51
C:\Users\arfan\OneDrive\Desktop\forgery\data\Cedar\full_org\original_8_2.png,C:\Users\arfan\OneDrive\Desktop\forgery\data\Cedar\full_forg\forgeries_8_7.png,0,8
C:\Users\arfan\OneDrive\Desktop\forgery\data\Cedar\full_org\original_38_16.png,C:\Users\arfan\OneDrive\Desktop\forgery\data\Cedar\full_forg\forgeries_38_10.png,0,38
C:\Users\arfan\OneDrive\Desktop\forgery\data\Cedar\full_org\original_24_1.png,C:\Users\arfan\OneDrive\Desktop\forgery\data\Cedar\full_org\original_24_23.png,1,24
C:\Users\arfan\OneDrive\Desktop\forgery\data\Cedar\full_org\original_21_11.png,C:\Users\arfan\OneDrive\Desktop\forgery\data\Cedar\full_org\original_21_7.png,1,21
C:\Users\arfan\OneDrive\Desktop\forgery\data\Cedar\full_org\original_20_5.png,C:\Users\arfan\OneDrive\Desktop\forgery\data\Cedar\full_org\original_20_6.png,1,20
C:\Users\arfan\OneDrive\Desktop\forgery\data\Cedar\full_org\original_5_16.png,C:\Users\arfan\OneDrive\Desktop\forgery\data\Cedar\full_org\original_5_5.png,1,5
C:\Users\arfan\OneDrive\Desktop\forgery\data\Cedar\full_org\original_9_4.png,C:\Users\arfan\OneDrive\Desktop\forgery\data\Cedar\full_org\original_9_5.png,1,9
C:\Users\arfan\OneDrive\Desktop\forgery\data\Cedar\full_org\original_52_3.png,C:\Users\arfan\OneDrive\Desktop\forgery\data\Cedar\full_org\original_52_5.png,1,52
C:\Users\arfan\OneDrive\Desktop\forgery\data\Cedar\full_org\original_7_12.png,C:\Users\arfan\OneDrive\Desktop\forgery\data\Cedar\full_forg\forgeries_7_9.png,0,7
C:\Users\arfan\OneDrive\Desktop\forgery\data\Cedar\full_org\original_46_3.png,C:\Users\arfan\OneDrive\Desktop\forgery\data\Cedar\full_forg\forgeries_46_18.png,0,46
C:\Users\arfan\OneDrive\Desktop\forgery\data\Cedar\full_org\original_6_9.png,C:\Users\arfan\OneDrive\Desktop\forgery\data\Cedar\full_forg\forgeries_6_15.png,0,6
C:\Users\arfan\OneDrive\Desktop\forgery\data\Cedar\full_org\original_42_4.png,C:\Users\arfan\OneDrive\Desktop\forgery\data\Cedar\full_forg\forgeries_42_19.png,0,42
C:\Users\arfan\OneDrive\Desktop\forgery\data\Cedar\full_org\original_8_2.png,C:\Users\arfan\OneDrive\Desktop\forgery\data\Cedar\full_org\original_8_21.png,1,8
C:\Users\arfan\OneDrive\Desktop\forgery\data\Cedar\full_org\original_20_12.png,C:\Users\arfan\OneDrive\Desktop\forgery\data\Cedar\full_org\original_20_2.png,1,20
C:\Users\arfan\OneDrive\Desktop\forgery\data\Cedar\full_org\original_46_17.png,C:\Users\arfan\OneDrive\Desktop\forgery\data\Cedar\full_forg\forgeries_46_21.png,0,46
C:\Users\arfan\OneDrive\Desktop\forgery\data\Cedar\full_org\original_1_4.png,C:\Users\arfan\OneDrive\Desktop\forgery\data\Cedar\full_forg\forgeries_1_19.png,0,1
C:\Users\arfan\OneDrive\Desktop\forgery\data\Cedar\full_org\original_50_18.png,C:\Users\arfan\OneDrive\Desktop\forgery\data\Cedar\full_org\original_50_7.png,1,50
C:\Users\arfan\OneDrive\Desktop\forgery\data\Cedar\full_org\original_47_3.png,C:\Users\arfan\OneDrive\Desktop\forgery\data\Cedar\full_forg\forgeries_47_24.png,0,47
C:\Users\arfan\OneDrive\Desktop\forgery\data\Cedar\full_org\original_55_15.png,C:\Users\arfan\OneDrive\Desktop\forgery\data\Cedar\full_org\original_55_17.png,1,55
C:\Users\arfan\OneDrive\Desktop\forgery\data\Cedar\full_org\original_15_24.png,C:\Users\arfan\OneDrive\Desktop\forgery\data\Cedar\full_org\original_15_3.png,1,15
C:\Users\arfan\OneDrive\Desktop\forgery\data\Cedar\full_org\original_10_1.png,C:\Users\arfan\OneDrive\Desktop\forgery\data\Cedar\full_org\original_10_7.png,1,10
C:\Users\arfan\OneDrive\Desktop\forgery\data\Cedar\full_org\original_15_17.png,C:\Users\arfan\OneDrive\Desktop\forgery\data\Cedar\full_org\original_15_24.png,1,15
C:\Users\arfan\OneDrive\Desktop\forgery\data\Cedar\full_org\original_32_12.png,C:\Users\arfan\OneDrive\Desktop\forgery\data\Cedar\full_org\original_32_4.png,1,32
C:\Users\arfan\OneDrive\Desktop\forgery\data\Cedar\full_org\original_18_18.png,C:\Users\arfan\OneDrive\Desktop\forgery\data\Cedar\full_forg\forgeries_18_8.png,0,18
C:\Users\arfan\OneDrive\Desktop\forgery\data\Cedar\full_org\original_48_23.png,C:\Users\arfan\OneDrive\Desktop\forgery\data\Cedar\full_org\original_48_3.png,1,48
C:\Users\arfan\OneDrive\Desktop\forgery\data\Cedar\full_org\original_5_15.png,C:\Users\arfan\OneDrive\Desktop\forgery\data\Cedar\full_org\original_5_3.png,1,5
C:\Users\arfan\OneDrive\Desktop\forgery\data\Cedar\full_org\original_32_24.png,C:\Users\arfan\OneDrive\Desktop\forgery\data\Cedar\full_forg\forgeries_32_17.png,0,32
C:\Users\arfan\OneDrive\Desktop\forgery\data\Cedar\full_org\original_18_2.png,C:\Users\arfan\OneDrive\Desktop\forgery\data\Cedar\full_org\original_18_9.png,1,18
C:\Users\arfan\OneDrive\Desktop\forgery\data\Cedar\full_org\original_46_24.png,C:\Users\arfan\OneDrive\Desktop\forgery\data\Cedar\full_forg\forgeries_46_12.png,0,46
C:\Users\arfan\OneDrive\Desktop\forgery\data\Cedar\full_org\original_14_24.png,C:\Users\arfan\OneDrive\Desktop\forgery\data\Cedar\full_org\original_14_9.png,1,14
C:\Users\arfan\OneDrive\Desktop\forgery\data\Cedar\full_org\original_26_1.png,C:\Users\arfan\OneDrive\Desktop\forgery\data\Cedar\full_forg\forgeries_26_19.png,0,26
C:\Users\arfan\OneDrive\Desktop\forgery\data\Cedar\full_org\original_39_15.png,C:\Users\arfan\OneDrive\Desktop\forgery\data\Cedar\full_forg\forgeries_39_24.png,0,39
C:\Users\arfan\OneDrive\Desktop\forgery\data\Cedar\full_org\original_50_16.png,C:\Users\arfan\OneDrive\Desktop\forgery\data\Cedar\full_org\original_50_19.png,1,50
C:\Users\arfan\OneDrive\Desktop\forgery\data\Cedar\full_org\original_44_11.png,C:\Users\arfan\OneDrive\Desktop\forgery\data\Cedar\full_forg\forgeries_44_13.png,0,44
C:\Users\arfan\OneDrive\Desktop\forgery\data\Cedar\full_org\original_43_6.png,C:\Users\arfan\OneDrive\Desktop\forgery\data\Cedar\full_forg\forgeries_43_16.png,0,43
C:\Users\arfan\OneDrive\Desktop\forgery\data\Cedar\full_org\original_26_17.png,C:\Users\arfan\OneDrive\Desktop\forgery\data\Cedar\full_forg\forgeries_26_10.png,0,26
C:\Users\arfan\OneDrive\Desktop\forgery\data\Cedar\full_org\original_14_3.png,C:\Users\arfan\OneDrive\Desktop\forgery\data\Cedar\full_org\original_14_7.png,1,14
C:\Users\arfan\OneDrive\Desktop\forgery\data\Cedar\full_org\original_55_10.png,C:\Users\arfan\OneDrive\Desktop\forgery\data\Cedar\full_org\original_55_9.png,1,55
C:\Users\arfan\OneDrive\Desktop\forgery\data\Cedar\full_org\original_26_10.png,C:\Users\arfan\OneDrive\Desktop\forgery\data\Cedar\full_org\original_26_11.png,1,26
C:\Users\arfan\OneDrive\Desktop\forgery\data\Cedar\full_org\original_17_13.png,C:\Users\arfan\OneDrive\Desktop\forgery\data\Cedar\full_forg\forgeries_17_17.png,0,17
C:\Users\arfan\OneDrive\Desktop\forgery\data\Cedar\full_org\original_36_15.png,C:\Users\arfan\OneDrive\Desktop\forgery\data\Cedar\full_org\original_36_17.png,1,36
C:\Users\arfan\OneDrive\Desktop\forgery\data\Cedar\full_org\original_37_12.png,C:\Users\arfan\OneDrive\Desktop\forgery\data\Cedar\full_forg\forgeries_37_12.png,0,37
C:\Users\arfan\OneDrive\Desktop\forgery\data\Cedar\full_org\original_38_9.png,C:\Users\arfan\OneDrive\Desktop\forgery\data\Cedar\full_forg\forgeries_38_7.png,0,38
C:\Users\arfan\OneDrive\Desktop\forgery\data\Cedar\full_org\original_22_6.png,C:\Users\arfan\OneDrive\Desktop\forgery\data\Cedar\full_org\original_22_8.png,1,22
C:\Users\arfan\OneDrive\Desktop\forgery\data\Cedar\full_org\original_20_12.png,C:\Users\arfan\OneDrive\Desktop\forgery\data\Cedar\full_org\original_20_3.png,1,20
C:\Users\arfan\OneDrive\Desktop\forgery\data\Cedar\full_org\original_41_10.png,C:\Users\arfan\OneDrive\Desktop\forgery\data\Cedar\full_org\original_41_14.png,1,41
C:\Users\arfan\OneDrive\Desktop\forgery\data\Cedar\full_org\original_1_12.png,C:\Users\arfan\OneDrive\Desktop\forgery\data\Cedar\full_org\original_1_23.png,1,1
C:\Users\arfan\OneDrive\Desktop\forgery\data\Cedar\full_org\original_45_5.png,C:\Users\arfan\OneDrive\Desktop\forgery\data\Cedar\full_org\original_45_9.png,1,45
C:\Users\arfan\OneDrive\Desktop\forgery\data\Cedar\full_org\original_46_3.png,C:\Users\arfan\OneDrive\Desktop\forgery\data\Cedar\full_forg\forgeries_46_12.png,0,46
C:\Users\arfan\OneDrive\Desktop\forgery\data\Cedar\full_org\original_40_1.png,C:\Users\arfan\OneDrive\Desktop\forgery\data\Cedar\full_org\original_40_19.png,1,40
C:\Users\arfan\OneDrive\Desktop\forgery\data\Cedar\full_org\original_6_3.png,C:\Users\arfan\OneDrive\Desktop\forgery\data\Cedar\full_forg\forgeries_6_9.png,0,6
C:\Users\arfan\OneDrive\Desktop\forgery\data\Cedar\full_org\original_34_18.png,C:\Users\arfan\OneDrive\Desktop\forgery\data\Cedar\full_forg\forgeries_34_14.png,0,34
C:\Users\arfan\OneDrive\Desktop\forgery\data\Cedar\full_org\original_15_9.png,C:\Users\arfan\OneDrive\Desktop\forgery\data\Cedar\full_forg\forgeries_15_19.png,0,15
C:\Users\arfan\OneDrive\Desktop\forgery\data\Cedar\full_org\original_24_15.png,C:\Users\arfan\OneDrive\Desktop\forgery\data\Cedar\full_org\original_24_17.png,1,24
C:\Users\arfan\OneDrive\Desktop\forgery\data\Cedar\full_org\original_27_24.png,C:\Users\arfan\OneDrive\Desktop\forgery\data\Cedar\full_org\original_27_8.png,1,27
C:\Users\arfan\OneDrive\Desktop\forgery\data\Cedar\full_org\original_25_9.png,C:\Users\arfan\OneDrive\Desktop\forgery\data\Cedar\full_forg\forgeries_25_23.png,0,25
C:\Users\arfan\OneDrive\Desktop\forgery\data\Cedar\full_org\original_29_13.png,C:\Users\arfan\OneDrive\Desktop\forgery\data\Cedar\full_org\original_29_8.png,1,29
C:\Users\arfan\OneDrive\Desktop\forgery\data\Cedar\full_org\original_43_22.png,C:\Users\arfan\OneDrive\Desktop\forgery\data\Cedar\full_org\original_43_24.png,1,43
C:\Users\arfan\OneDrive\Desktop\forgery\data\Cedar\full_org\original_5_3.png,C:\Users\arfan\OneDrive\Desktop\forgery\data\Cedar\full_org\original_5_9.png,1,5
C:\Users\arfan\OneDrive\Desktop\forgery\data\Cedar\full_org\original_10_12.png,C:\Users\arfan\OneDrive\Desktop\forgery\data\Cedar\full_org\original_10_13.png,1,10
C:\Users\arfan\OneDrive\Desktop\forgery\data\Cedar\full_org\original_43_21.png,C:\Users\arfan\OneDrive\Desktop\forgery\data\Cedar\full_org\original_43_4.png,1,43
C:\Users\arfan\OneDrive\Desktop\forgery\data\Cedar\full_org\original_44_24.png,C:\Users\arfan\OneDrive\Desktop\forgery\data\Cedar\full_forg\forgeries_44_11.png,0,44
C:\Users\arfan\OneDrive\Desktop\forgery\data\Cedar\full_org\original_24_17.png,C:\Users\arfan\OneDrive\Desktop\forgery\data\Cedar\full_forg\forgeries_24_17.png,0,24
C:\Users\arfan\OneDrive\Desktop\forgery\data\Cedar\full_org\original_20_10.png,C:\Users\arfan\OneDrive\Desktop\forgery\data\Cedar\full_org\original_20_11.png,1,20
C:\Users\arfan\OneDrive\Desktop\forgery\data\Cedar\full_org\original_10_16.png,C:\Users\arfan\OneDrive\Desktop\forgery\data\Cedar\full_org\original_10_5.png,1,10
C:\Users\arfan\OneDrive\Desktop\forgery\data\Cedar\full_org\original_17_17.png,C:\Users\arfan\OneDrive\Desktop\forgery\data\Cedar\full_forg\forgeries_17_6.png,0,17
C:\Users\arfan\OneDrive\Desktop\forgery\data\Cedar\full_org\original_26_5.png,C:\Users\arfan\OneDrive\Desktop\forgery\data\Cedar\full_forg\forgeries_26_15.png,0,26
C:\Users\arfan\OneDrive\Desktop\forgery\data\Cedar\full_org\original_17_24.png,C:\Users\arfan\OneDrive\Desktop\forgery\data\Cedar\full_forg\forgeries_17_23.png,0,17
C:\Users\arfan\OneDrive\Desktop\forgery\data\Cedar\full_org\original_10_24.png,C:\Users\arfan\OneDrive\Desktop\forgery\data\Cedar\full_forg\forgeries_10_20.png,0,10
C:\Users\arfan\OneDrive\Desktop\forgery\data\Cedar\full_org\original_26_10.png,C:\Users\arfan\OneDrive\Desktop\forgery\data\Cedar\full_forg\forgeries_26_2.png,0,26
C:\Users\arfan\OneDrive\Desktop\forgery\data\Cedar\full_org\original_18_14.png,C:\Users\arfan\OneDrive\Desktop\forgery\data\Cedar\full_org\original_18_19.png,1,18
C:\Users\arfan\OneDrive\Desktop\forgery\data\Cedar\full_org\original_7_18.png,C:\Users\arfan\OneDrive\Desktop\forgery\data\Cedar\full_forg\forgeries_7_2.png,0,7
C:\Users\arfan\OneDrive\Desktop\forgery\data\Cedar\full_org\original_14_13.png,C:\Users\arfan\OneDrive\Desktop\forgery\data\Cedar\full_org\original_14_4.png,1,14
C:\Users\arfan\OneDrive\Desktop\forgery\data\Cedar\full_org\original_43_19.png,C:\Users\arfan\OneDrive\Desktop\forgery\data\Cedar\full_forg\forgeries_43_5.png,0,43
C:\Users\arfan\OneDrive\Desktop\forgery\data\Cedar\full_org\original_55_3.png,C:\Users\arfan\OneDrive\Desktop\forgery\data\Cedar\full_forg\forgeries_55_5.png,0,55
C:\Users\arfan\OneDrive\Desktop\forgery\data\Cedar\full_org\original_51_1.png,C:\Users\arfan\OneDrive\Desktop\forgery\data\Cedar\full_org\original_51_20.png,1,51
C:\Users\arfan\OneDrive\Desktop\forgery\data\Cedar\full_org\original_51_24.png,C:\Users\arfan\OneDrive\Desktop\forgery\data\Cedar\full_forg\forgeries_51_1.png,0,51
C:\Users\arfan\OneDrive\Desktop\forgery\data\Cedar\full_org\original_38_22.png,C:\Users\arfan\OneDrive\Desktop\forgery\data\Cedar\full_forg\forgeries_38_2.png,0,38
C:\Users\arfan\OneDrive\Desktop\forgery\data\Cedar\full_org\original_24_3.png,C:\Users\arfan\OneDrive\Desktop\forgery\data\Cedar\full_org\original_24_8.png,1,24
C:\Users\arfan\OneDrive\Desktop\forgery\data\Cedar\full_org\original_39_11.png,C:\Users\arfan\OneDrive\Desktop\forgery\data\Cedar\full_org\original_39_15.png,1,39
C:\Users\arfan\OneDrive\Desktop\forgery\data\Cedar\full_org\original_41_11.png,C:\Users\arfan\OneDrive\Desktop\forgery\data\Cedar\full_org\original_41_14.png,1,41
C:\Users\arfan\OneDrive\Desktop\forgery\data\Cedar\full_org\original_7_21.png,C:\Users\arfan\OneDrive\Desktop\forgery\data\Cedar\full_org\original_7_22.png,1,7
C:\Users\arfan\OneDrive\Desktop\forgery\data\Cedar\full_org\original_43_15.png,C:\Users\arfan\OneDrive\Desktop\forgery\data\Cedar\full_forg\forgeries_43_22.png,0,43
C:\Users\arfan\OneDrive\Desktop\forgery\data\Cedar\full_org\original_6_16.png,C:\Users\arfan\OneDrive\Desktop\forgery\data\Cedar\full_org\original_6_20.png,1,6
C:\Users\arfan\OneDrive\Desktop\forgery\data\Cedar\full_org\original_27_6.png,C:\Users\arfan\OneDrive\Desktop\forgery\data\Cedar\full_forg\forgeries_27_11.png,0,27
C:\Users\arfan\OneDrive\Desktop\forgery\data\Cedar\full_org\original_55_14.png,C:\Users\arfan\OneDrive\Desktop\forgery\data\Cedar\full_forg\forgeries_55_11.png,0,55
C:\Users\arfan\OneDrive\Desktop\forgery\data\Cedar\full_org\original_9_20.png,C:\Users\arfan\OneDrive\Desktop\forgery\data\Cedar\full_org\original_9_5.png,1,9
C:\Users\arfan\OneDrive\Desktop\forgery\data\Cedar\full_org\original_32_6.png,C:\Users\arfan\OneDrive\Desktop\forgery\data\Cedar\full_forg\forgeries_32_7.png,0,32
C:\Users\arfan\OneDrive\Desktop\forgery\data\Cedar\full_org\original_22_22.png,C:\Users\arfan\OneDrive\Desktop\forgery\data\Cedar\full_forg\forgeries_22_18.png,0,22
C:\Users\arfan\OneDrive\Desktop\forgery\data\Cedar\full_org\original_6_16.png,C:\Users\arfan\OneDrive\Desktop\forgery\data\Cedar\full_forg\forgeries_6_16.png,0,6
C:\Users\arfan\OneDrive\Desktop\forgery\data\Cedar\full_org\original_21_18.png,C:\Users\arfan\OneDrive\Desktop\forgery\data\Cedar\full_org\original_21_21.png,1,21
C:\Users\arfan\OneDrive\Desktop\forgery\data\Cedar\full_org\original_4_10.png,C:\Users\arfan\OneDrive\Desktop\forgery\data\Cedar\full_org\original_4_11.png,1,4
C:\Users\arfan\OneDrive\Desktop\forgery\data\Cedar\full_org\original_1_2.png,C:\Users\arfan\OneDrive\Desktop\forgery\data\Cedar\full_forg\forgeries_1_3.png,0,1
C:\Users\arfan\OneDrive\Desktop\forgery\data\Cedar\full_org\original_24_1.png,C:\Users\arfan\OneDrive\Desktop\forgery\data\Cedar\full_org\original_24_20.png,1,24
C:\Users\arfan\OneDrive\Desktop\forgery\data\Cedar\full_org\original_42_10.png,C:\Users\arfan\OneDrive\Desktop\forgery\data\Cedar\full_forg\forgeries_42_19.png,0,42
C:\Users\arfan\OneDrive\Desktop\forgery\data\Cedar\full_org\original_1_15.png,C:\Users\arfan\OneDrive\Desktop\forgery\data\Cedar\full_forg\forgeries_1_23.png,0,1
C:\Users\arfan\OneDrive\Desktop\forgery\data\Cedar\full_org\original_1_13.png,C:\Users\arfan\OneDrive\Desktop\forgery\data\Cedar\full_org\original_1_24.png,1,1
C:\Users\arfan\OneDrive\Desktop\forgery\data\Cedar\full_org\original_40_20.png,C:\Users\arfan\OneDrive\Desktop\forgery\data\Cedar\full_org\original_40_4.png,1,40
C:\Users\arfan\OneDrive\Desktop\forgery\data\Cedar\full_org\original_4_2.png,C:\Users\arfan\OneDrive\Desktop\forgery\data\Cedar\full_forg\forgeries_4_3.png,0,4
C:\Users\arfan\OneDrive\Desktop\forgery\data\Cedar\full_org\original_5_16.png,C:\Users\arfan\OneDrive\Desktop\forgery\data\Cedar\full_org\original_5_6.png,1,5
C:\Users\arfan\OneDrive\Desktop\forgery\data\Cedar\full_org\original_22_22.png,C:\Users\arfan\OneDrive\Desktop\forgery\data\Cedar\full_forg\forgeries_22_11.png,0,22
C:\Users\arfan\OneDrive\Desktop\forgery\data\Cedar\full_org\original_26_2.png,C:\Users\arfan\OneDrive\Desktop\forgery\data\Cedar\full_forg\forgeries_26_10.png,0,26
C:\Users\arfan\OneDrive\Desktop\forgery\data\Cedar\full_org\original_27_19.png,C:\Users\arfan\OneDrive\Desktop\forgery\data\Cedar\full_forg\forgeries_27_13.png,0,27
C:\Users\arfan\OneDrive\Desktop\forgery\data\Cedar\full_org\original_9_17.png,C:\Users\arfan\OneDrive\Desktop\forgery\data\Cedar\full_org\original_9_20.png,1,9
C:\Users\arfan\OneDrive\Desktop\forgery\data\Cedar\full_org\original_21_1.png,C:\Users\arfan\OneDrive\Desktop\forgery\data\Cedar\full_org\original_21_7.png,1,21
C:\Users\arfan\OneDrive\Desktop\forgery\data\Cedar\full_org\original_48_1.png,C:\Users\arfan\OneDrive\Desktop\forgery\data\Cedar\full_org\original_48_9.png,1,48
C:\Users\arfan\OneDrive\Desktop\forgery\data\Cedar\full_org\original_46_4.png,C:\Users\arfan\OneDrive\Desktop\forgery\data\Cedar\full_org\original_46_9.png,1,46
C:\Users\arfan\OneDrive\Desktop\forgery\data\Cedar\full_org\original_51_11.png,C:\Users\arfan\OneDrive\Desktop\forgery\data\Cedar\full_forg\forgeries_51_6.png,0,51
C:\Users\arfan\OneDrive\Desktop\forgery\data\Cedar\full_org\original_52_3.png,C:\Users\arfan\OneDrive\Desktop\forgery\data\Cedar\full_org\original_52_8.png,1,52
C:\Users\arfan\OneDrive\Desktop\forgery\data\Cedar\full_org\original_52_14.png,C:\Users\arfan\OneDrive\Desktop\forgery\data\Cedar\full_org\original_52_23.png,1,52
C:\Users\arfan\OneDrive\Desktop\forgery\data\Cedar\full_org\original_17_1.png,C:\Users\arfan\OneDrive\Desktop\forgery\data\Cedar\full_forg\forgeries_17_21.png,0,17
C:\Users\arfan\OneDrive\Desktop\forgery\data\Cedar\full_org\original_42_17.png,C:\Users\arfan\OneDrive\Desktop\forgery\data\Cedar\full_org\original_42_24.png,1,42
C:\Users\arfan\OneDrive\Desktop\forgery\data\Cedar\full_org\original_44_20.png,C:\Users\arfan\OneDrive\Desktop\forgery\data\Cedar\full_org\original_44_22.png,1,44
C:\Users\arfan\OneDrive\Desktop\forgery\data\Cedar\full_org\original_5_8.png,C:\Users\arfan\OneDrive\Desktop\forgery\data\Cedar\full_forg\forgeries_5_19.png,0,5
C:\Users\arfan\OneDrive\Desktop\forgery\data\Cedar\full_org\original_41_12.png,C:\Users\arfan\OneDrive\Desktop\forgery\data\Cedar\full_org\original_41_2.png,1,41
C:\Users\arfan\OneDrive\Desktop\forgery\data\Cedar\full_org\original_12_5.png,C:\Users\arfan\OneDrive\Desktop\forgery\data\Cedar\full_forg\forgeries_12_12.png,0,12
C:\Users\arfan\OneDrive\Desktop\forgery\data\Cedar\full_org\original_21_5.png,C:\Users\arfan\OneDrive\Desktop\forgery\data\Cedar\full_forg\forgeries_21_17.png,0,21
C:\Users\arfan\OneDrive\Desktop\forgery\data\Cedar\full_org\original_27_12.png,C:\Users\arfan\OneDrive\Desktop\forgery\data\Cedar\full_org\original_27_7.png,1,27
C:\Users\arfan\OneDrive\Desktop\forgery\data\Cedar\full_org\original_10_22.png,C:\Users\arfan\OneDrive\Desktop\forgery\data\Cedar\full_forg\forgeries_10_13.png,0,10
C:\Users\arfan\OneDrive\Desktop\forgery\data\Cedar\full_org\original_17_17.png,C:\Users\arfan\OneDrive\Desktop\forgery\data\Cedar\full_org\original_17_7.png,1,17
C:\Users\arfan\OneDrive\Desktop\forgery\data\Cedar\full_org\original_50_11.png,C:\Users\arfan\OneDrive\Desktop\forgery\data\Cedar\full_forg\forgeries_50_6.png,0,50
C:\Users\arfan\OneDrive\Desktop\forgery\data\Cedar\full_org\original_14_18.png,C:\Users\arfan\OneDrive\Desktop\forgery\data\Cedar\full_forg\forgeries_14_18.png,0,14
C:\Users\arfan\OneDrive\Desktop\forgery\data\Cedar\full_org\original_26_2.png,C:\Users\arfan\OneDrive\Desktop\forgery\data\Cedar\full_org\original_26_9.png,1,26
C:\Users\arfan\OneDrive\Desktop\forgery\data\Cedar\full_org\original_38_14.png,C:\Users\arfan\OneDrive\Desktop\forgery\data\Cedar\full_org\original_38_16.png,1,38
C:\Users\arfan\OneDrive\Desktop\forgery\data\Cedar\full_org\original_42_4.png,C:\Users\arfan\OneDrive\Desktop\forgery\data\Cedar\full_org\original_42_7.png,1,42
C:\Users\arfan\OneDrive\Desktop\forgery\data\Cedar\full_org\original_40_16.png,C:\Users\arfan\OneDrive\Desktop\forgery\data\Cedar\full_org\original_40_20.png,1,40
C:\Users\arfan\OneDrive\Desktop\forgery\data\Cedar\full_org\original_13_2.png,C:\Users\arfan\OneDrive\Desktop\forgery\data\Cedar\full_org\original_13_24.png,1,13
C:\Users\arfan\OneDrive\Desktop\forgery\data\Cedar\full_org\original_5_9.png,C:\Users\arfan\OneDrive\Desktop\forgery\data\Cedar\full_forg\forgeries_5_17.png,0,5
C:\Users\arfan\OneDrive\Desktop\forgery\data\Cedar\full_org\original_18_12.png,C:\Users\arfan\OneDrive\Desktop\forgery\data\Cedar\full_forg\forgeries_18_7.png,0,18
C:\Users\arfan\OneDrive\Desktop\forgery\data\Cedar\full_org\original_46_17.png,C:\Users\arfan\OneDrive\Desktop\forgery\data\Cedar\full_org\original_46_2.png,1,46
C:\Users\arfan\OneDrive\Desktop\forgery\data\Cedar\full_org\original_52_13.png,C:\Users\arfan\OneDrive\Desktop\forgery\data\Cedar\full_org\original_52_2.png,1,52
C:\Users\arfan\OneDrive\Desktop\forgery\data\Cedar\full_org\original_44_9.png,C:\Users\arfan\OneDrive\Desktop\forgery\data\Cedar\full_forg\forgeries_44_7.png,0,44
C:\Users\arfan\OneDrive\Desktop\forgery\data\Cedar\full_org\original_5_24.png,C:\Users\arfan\OneDrive\Desktop\forgery\data\Cedar\full_forg\forgeries_5_5.png,0,5
C:\Users\arfan\OneDrive\Desktop\forgery\data\Cedar\full_org\original_29_2.png,C:\Users\arfan\OneDrive\Desktop\forgery\data\Cedar\full_forg\forgeries_29_3.png,0,29
C:\Users\arfan\OneDrive\Desktop\forgery\data\Cedar\full_org\original_47_23.png,C:\Users\arfan\OneDrive\Desktop\forgery\data\Cedar\full_forg\forgeries_47_2.png,0,47
C:\Users\arfan\OneDrive\Desktop\forgery\data\Cedar\full_org\original_7_1.png,C:\Users\arfan\OneDrive\Desktop\forgery\data\Cedar\full_org\original_7_18.png,1,7
C:\Users\arfan\OneDrive\Desktop\forgery\data\Cedar\full_org\original_3_10.png,C:\Users\arfan\OneDrive\Desktop\forgery\data\Cedar\full_forg\forgeries_3_15.png,0,3
C:\Users\arfan\OneDrive\Desktop\forgery\data\Cedar\full_org\original_47_9.png,C:\Users\arfan\OneDrive\Desktop\forgery\data\Cedar\full_forg\forgeries_47_8.png,0,47
C:\Users\arfan\OneDrive\Desktop\forgery\data\Cedar\full_org\original_42_16.png,C:\Users\arfan\OneDrive\Desktop\forgery\data\Cedar\full_forg\forgeries_42_20.png,0,42
C:\Users\arfan\OneDrive\Desktop\forgery\data\Cedar\full_org\original_25_23.png,C:\Users\arfan\OneDrive\Desktop\forgery\data\Cedar\full_forg\forgeries_25_5.png,0,25
C:\Users\arfan\OneDrive\Desktop\forgery\data\Cedar\full_org\original_18_6.png,C:\Users\arfan\OneDrive\Desktop\forgery\data\Cedar\full_forg\forgeries_18_20.png,0,18
C:\Users\arfan\OneDrive\Desktop\forgery\data\Cedar\full_org\original_46_20.png,C:\Users\arfan\OneDrive\Desktop\forgery\data\Cedar\full_forg\forgeries_46_1.png,0,46
C:\Users\arfan\OneDrive\Desktop\forgery\data\Cedar\full_org\original_55_15.png,C:\Users\arfan\OneDrive\Desktop\forgery\data\Cedar\full_forg\forgeries_55_24.png,0,55
C:\Users\arfan\OneDrive\Desktop\forgery\data\Cedar\full_org\original_21_11.png,C:\Users\arfan\OneDrive\Desktop\forgery\data\Cedar\full_org\original_21_15.png,1,21
C:\Users\arfan\OneDrive\Desktop\forgery\data\Cedar\full_org\original_52_21.png,C:\Users\arfan\OneDrive\Desktop\forgery\data\Cedar\full_org\original_52_3.png,1,52
C:\Users\arfan\OneDrive\Desktop\forgery\data\Cedar\full_org\original_29_17.png,C:\Users\arfan\OneDrive\Desktop\forgery\data\Cedar\full_forg\forgeries_29_21.png,0,29
C:\Users\arfan\OneDrive\Desktop\forgery\data\Cedar\full_org\original_10_23.png,C:\Users\arfan\OneDrive\Desktop\forgery\data\Cedar\full_org\original_10_7.png,1,10
C:\Users\arfan\OneDrive\Desktop\forgery\data\Cedar\full_org\original_10_20.png,C:\Users\arfan\OneDrive\Desktop\forgery\data\Cedar\full_org\original_10_8.png,1,10
C:\Users\arfan\OneDrive\Desktop\forgery\data\Cedar\full_org\original_42_12.png,C:\Users\arfan\OneDrive\Desktop\forgery\data\Cedar\full_org\original_42_8.png,1,42
C:\Users\arfan\OneDrive\Desktop\forgery\data\Cedar\full_org\original_1_7.png,C:\Users\arfan\OneDrive\Desktop\forgery\data\Cedar\full_forg\forgeries_1_11.png,0,1
C:\Users\arfan\OneDrive\Desktop\forgery\data\Cedar\full_org\original_47_18.png,C:\Users\arfan\OneDrive\Desktop\forgery\data\Cedar\full_org\original_47_2.png,1,47
C:\Users\arfan\OneDrive\Desktop\forgery\data\Cedar\full_org\original_40_12.png,C:\Users\arfan\OneDrive\Desktop\forgery\data\Cedar\full_org\original_40_21.png,1,40
C:\Users\arfan\OneDrive\Desktop\forgery\data\Cedar\full_org\original_32_16.png,C:\Users\arfan\OneDrive\Desktop\forgery\data\Cedar\full_forg\forgeries_32_1.png,0,32
C:\Users\arfan\OneDrive\Desktop\forgery\data\Cedar\full_org\original_21_11.png,C:\Users\arfan\OneDrive\Desktop\forgery\data\Cedar\full_org\original_21_4.png,1,21
C:\Users\arfan\OneDrive\Desktop\forgery\data\Cedar\full_org\original_9_17.png,C:\Users\arfan\OneDrive\Desktop\forgery\data\Cedar\full_org\original_9_8.png,1,9
C:\Users\arfan\OneDrive\Desktop\forgery\data\Cedar\full_org\original_17_4.png,C:\Users\arfan\OneDrive\Desktop\forgery\data\Cedar\full_org\original_17_6.png,1,17
C:\Users\arfan\OneDrive\Desktop\forgery\data\Cedar\full_org\original_8_11.png,C:\Users\arfan\OneDrive\Desktop\forgery\data\Cedar\full_org\original_8_21.png,1,8
C:\Users\arfan\OneDrive\Desktop\forgery\data\Cedar\full_org\original_10_8.png,C:\Users\arfan\OneDrive\Desktop\forgery\data\Cedar\full_forg\forgeries_10_13.png,0,10
C:\Users\arfan\OneDrive\Desktop\forgery\data\Cedar\full_org\original_55_12.png,C:\Users\arfan\OneDrive\Desktop\forgery\data\Cedar\full_org\original_55_7.png,1,55
C:\Users\arfan\OneDrive\Desktop\forgery\data\Cedar\full_org\original_26_4.png,C:\Users\arfan\OneDrive\Desktop\forgery\data\Cedar\full_org\original_26_8.png,1,26
C:\Users\arfan\OneDrive\Desktop\forgery\data\Cedar\full_org\original_6_10.png,C:\Users\arfan\OneDrive\Desktop\forgery\data\Cedar\full_org\original_6_21.png,1,6
C:\Users\arfan\OneDrive\Desktop\forgery\data\Cedar\full_org\original_40_1.png,C:\Users\arfan\OneDrive\Desktop\forgery\data\Cedar\full_forg\forgeries_40_6.png,0,40
C:\Users\arfan\OneDrive\Desktop\forgery\data\Cedar\full_org\original_29_11.png,C:\Users\arfan\OneDrive\Desktop\forgery\data\Cedar\full_forg\forgeries_29_20.png,0,29
C:\Users\arfan\OneDrive\Desktop\forgery\data\Cedar\full_org\original_1_21.png,C:\Users\arfan\OneDrive\Desktop\forgery\data\Cedar\full_forg\forgeries_1_3.png,0,1
C:\Users\arfan\OneDrive\Desktop\forgery\data\Cedar\full_org\original_34_21.png,C:\Users\arfan\OneDrive\Desktop\forgery\data\Cedar\full_forg\forgeries_34_20.png,0,34
C:\Users\arfan\OneDrive\Desktop\forgery\data\Cedar\full_org\original_34_19.png,C:\Users\arfan\OneDrive\Desktop\forgery\data\Cedar\full_org\original_34_2.png,1,34
C:\Users\arfan\OneDrive\Desktop\forgery\data\Cedar\full_org\original_7_15.png,C:\Users\arfan\OneDrive\Desktop\forgery\data\Cedar\full_forg\forgeries_7_6.png,0,7
C:\Users\arfan\OneDrive\Desktop\forgery\data\Cedar\full_org\original_47_8.png,C:\Users\arfan\OneDrive\Desktop\forgery\data\Cedar\full_forg\forgeries_47_17.png,0,47
C:\Users\arfan\OneDrive\Desktop\forgery\data\Cedar\full_org\original_29_24.png,C:\Users\arfan\OneDrive\Desktop\forgery\data\Cedar\full_forg\forgeries_29_21.png,0,29
C:\Users\arfan\OneDrive\Desktop\forgery\data\Cedar\full_org\original_10_1.png,C:\Users\arfan\OneDrive\Desktop\forgery\data\Cedar\full_org\original_10_5.png,1,10
C:\Users\arfan\OneDrive\Desktop\forgery\data\Cedar\full_org\original_18_2.png,C:\Users\arfan\OneDrive\Desktop\forgery\data\Cedar\full_org\original_18_24.png,1,18
C:\Users\arfan\OneDrive\Desktop\forgery\data\Cedar\full_org\original_38_11.png,C:\Users\arfan\OneDrive\Desktop\forgery\data\Cedar\full_org\original_38_16.png,1,38
C:\Users\arfan\OneDrive\Desktop\forgery\data\Cedar\full_org\original_10_2.png,C:\Users\arfan\OneDrive\Desktop\forgery\data\Cedar\full_forg\forgeries_10_16.png,0,10
C:\Users\arfan\OneDrive\Desktop\forgery\data\Cedar\full_org\original_20_14.png,C:\Users\arfan\OneDrive\Desktop\forgery\data\Cedar\full_org\original_20_22.png,1,20
C:\Users\arfan\OneDrive\Desktop\forgery\data\Cedar\full_org\original_27_13.png,C:\Users\arfan\OneDrive\Desktop\forgery\data\Cedar\full_org\original_27_14.png,1,27
C:\Users\arfan\OneDrive\Desktop\forgery\data\Cedar\full_org\original_12_12.png,C:\Users\arfan\OneDrive\Desktop\forgery\data\Cedar\full_org\original_12_16.png,1,12
C:\Users\arfan\OneDrive\Desktop\forgery\data\Cedar\full_org\original_4_11.png,C:\Users\arfan\OneDrive\Desktop\forgery\data\Cedar\full_org\original_4_20.png,1,4
C:\Users\arfan\OneDrive\Desktop\forgery\data\Cedar\full_org\original_13_16.png,C:\Users\arfan\OneDrive\Desktop\forgery\data\Cedar\full_forg\forgeries_13_19.png,0,13
C:\Users\arfan\OneDrive\Desktop\forgery\data\Cedar\full_org\original_20_6.png,C:\Users\arfan\OneDrive\Desktop\forgery\data\Cedar\full_forg\forgeries_20_18.png,0,20
C:\Users\arfan\OneDrive\Desktop\forgery\data\Cedar\full_org\original_12_3.png,C:\Users\arfan\OneDrive\Desktop\forgery\data\Cedar\full_org\original_12_5.png,1,12
C:\Users\arfan\OneDrive\Desktop\forgery\data\Cedar\full_org\original_17_11.png,C:\Users\arfan\OneDrive\Desktop\forgery\data\Cedar\full_forg\forgeries_17_3.png,0,17
C:\Users\arfan\OneDrive\Desktop\forgery\data\Cedar\full_org\original_17_14.png,C:\Users\arfan\OneDrive\Desktop\forgery\data\Cedar\full_org\original_17_3.png,1,17
C:\Users\arfan\OneDrive\Desktop\forgery\data\Cedar\full_org\original_14_22.png,C:\Users\arfan\OneDrive\Desktop\forgery\data\Cedar\full_org\original_14_7.png,1,14
C:\Users\arfan\OneDrive\Desktop\forgery\data\Cedar\full_org\original_45_11.png,C:\Users\arfan\OneDrive\Desktop\forgery\data\Cedar\full_org\original_45_12.png,1,45
C:\Users\arfan\OneDrive\Desktop\forgery\data\Cedar\full_org\original_42_10.png,C:\Users\arfan\OneDrive\Desktop\forgery\data\Cedar\full_forg\forgeries_42_6.png,0,42
C:\Users\arfan\OneDrive\Desktop\forgery\data\Cedar\full_org\original_37_13.png,C:\Users\arfan\OneDrive\Desktop\forgery\data\Cedar\full_forg\forgeries_37_11.png,0,37
C:\Users\arfan\OneDrive\Desktop\forgery\data\Cedar\full_org\original_12_7.png,C:\Users\arfan\OneDrive\Desktop\forgery\data\Cedar\full_forg\forgeries_12_2.png,0,12
C:\Users\arfan\OneDrive\Desktop\forgery\data\Cedar\full_org\original_40_24.png,C:\Users\arfan\OneDrive\Desktop\forgery\data\Cedar\full_org\original_40_6.png,1,40
C:\Users\arfan\OneDrive\Desktop\forgery\data\Cedar\full_org\original_38_6.png,C:\Users\arfan\OneDrive\Desktop\forgery\data\Cedar\full_org\original_38_7.png,1,38
C:\Users\arfan\OneDrive\Desktop\forgery\data\Cedar\full_org\original_54_20.png,C:\Users\arfan\OneDrive\Desktop\forgery\data\Cedar\full_forg\forgeries_54_4.png,0,54
C:\Users\arfan\OneDrive\Desktop\forgery\data\Cedar\full_org\original_12_2.png,C:\Users\arfan\OneDrive\Desktop\forgery\data\Cedar\full_forg\forgeries_12_23.png,0,12
C:\Users\arfan\OneDrive\Desktop\forgery\data\Cedar\full_org\original_40_18.png,C:\Users\arfan\OneDrive\Desktop\forgery\data\Cedar\full_forg\forgeries_40_7.png,0,40
C:\Users\arfan\OneDrive\Desktop\forgery\data\Cedar\full_org\original_49_8.png,C:\Users\arfan\OneDrive\Desktop\forgery\data\Cedar\full_org\original_49_9.png,1,49
C:\Users\arfan\OneDrive\Desktop\forgery\data\Cedar\full_org\original_12_1.png,C:\Users\arfan\OneDrive\Desktop\forgery\data\Cedar\full_org\original_12_21.png,1,12
C:\Users\arfan\OneDrive\Desktop\forgery\data\Cedar\full_org\original_53_1.png,C:\Users\arfan\OneDrive\Desktop\forgery\data\Cedar\full_forg\forgeries_53_20.png,0,53
C:\Users\arfan\OneDrive\Desktop\forgery\data\Cedar\full_org\original_26_13.png,C:\Users\arfan\OneDrive\Desktop\forgery\data\Cedar\full_org\original_26_3.png,1,26
C:\Users\arfan\OneDrive\Desktop\forgery\data\Cedar\full_org\original_17_9.png,C:\Users\arfan\OneDrive\Desktop\forgery\data\Cedar\full_forg\forgeries_17_15.png,0,17
C:\Users\arfan\OneDrive\Desktop\forgery\data\Cedar\full_org\original_32_12.png,C:\Users\arfan\OneDrive\Desktop\forgery\data\Cedar\full_org\original_32_17.png,1,32
C:\Users\arfan\OneDrive\Desktop\forgery\data\Cedar\full_org\original_4_1.png,C:\Users\arfan\OneDrive\Desktop\forgery\data\Cedar\full_org\original_4_12.png,1,4
C:\Users\arfan\OneDrive\Desktop\forgery\data\Cedar\full_org\original_4_10.png,C:\Users\arfan\OneDrive\Desktop\forgery\data\Cedar\full_forg\forgeries_4_16.png,0,4
C:\Users\arfan\OneDrive\Desktop\forgery\data\Cedar\full_org\original_43_2.png,C:\Users\arfan\OneDrive\Desktop\forgery\data\Cedar\full_forg\forgeries_43_9.png,0,43
C:\Users\arfan\OneDrive\Desktop\forgery\data\Cedar\full_org\original_26_1.png,C:\Users\arfan\OneDrive\Desktop\forgery\data\Cedar\full_org\original_26_5.png,1,26
C:\Users\arfan\OneDrive\Desktop\forgery\data\Cedar\full_org\original_54_6.png,C:\Users\arfan\OneDrive\Desktop\forgery\data\Cedar\full_forg\forgeries_54_20.png,0,54
C:\Users\arfan\OneDrive\Desktop\forgery\data\Cedar\full_org\original_4_16.png,C:\Users\arfan\OneDrive\Desktop\forgery\data\Cedar\full_forg\forgeries_4_11.png,0,4
C:\Users\arfan\OneDrive\Desktop\forgery\data\Cedar\full_org\original_29_8.png,C:\Users\arfan\OneDrive\Desktop\forgery\data\Cedar\full_org\original_29_9.png,1,29
C:\Users\arfan\OneDrive\Desktop\forgery\data\Cedar\full_org\original_24_10.png,C:\Users\arfan\OneDrive\Desktop\forgery\data\Cedar\full_forg\forgeries_24_17.png,0,24
C:\Users\arfan\OneDrive\Desktop\forgery\data\Cedar\full_org\original_54_10.png,C:\Users\arfan\OneDrive\Desktop\forgery\data\Cedar\full_org\original_54_21.png,1,54
C:\Users\arfan\OneDrive\Desktop\forgery\data\Cedar\full_org\original_37_21.png,C:\Users\arfan\OneDrive\Desktop\forgery\data\Cedar\full_forg\forgeries_37_17.png,0,37
C:\Users\arfan\OneDrive\Desktop\forgery\data\Cedar\full_org\original_54_12.png,C:\Users\arfan\OneDrive\Desktop\forgery\data\Cedar\full_org\original_54_7.png,1,54
C:\Users\arfan\OneDrive\Desktop\forgery\data\Cedar\full_org\original_48_22.png,C:\Users\arfan\OneDrive\Desktop\forgery\data\Cedar\full_forg\forgeries_48_21.png,0,48
C:\Users\arfan\OneDrive\Desktop\forgery\data\Cedar\full_org\original_46_12.png,C:\Users\arfan\OneDrive\Desktop\forgery\data\Cedar\full_forg\forgeries_46_16.png,0,46
C:\Users\arfan\OneDrive\Desktop\forgery\data\Cedar\full_org\original_12_1.png,C:\Users\arfan\OneDrive\Desktop\forgery\data\Cedar\full_forg\forgeries_12_2.png,0,12
C:\Users\arfan\OneDrive\Desktop\forgery\data\Cedar\full_org\original_46_1.png,C:\Users\arfan\OneDrive\Desktop\forgery\data\Cedar\full_org\original_46_2.png,1,46
C:\Users\arfan\OneDrive\Desktop\forgery\data\Cedar\full_org\original_7_14.png,C:\Users\arfan\OneDrive\Desktop\forgery\data\Cedar\full_forg\forgeries_7_9.png,0,7
C:\Users\arfan\OneDrive\Desktop\forgery\data\Cedar\full_org\original_13_14.png,C:\Users\arfan\OneDrive\Desktop\forgery\data\Cedar\full_org\original_13_23.png,1,13
C:\Users\arfan\OneDrive\Desktop\forgery\data\Cedar\full_org\original_32_11.png,C:\Users\arfan\OneDrive\Desktop\forgery\data\Cedar\full_forg\forgeries_32_10.png,0,32
C:\Users\arfan\OneDrive\Desktop\forgery\data\Cedar\full_org\original_41_10.png,C:\Users\arfan\OneDrive\Desktop\forgery\data\Cedar\full_forg\forgeries_41_3.png,0,41
C:\Users\arfan\OneDrive\Desktop\forgery\data\Cedar\full_org\original_6_6.png,C:\Users\arfan\OneDrive\Desktop\forgery\data\Cedar\full_forg\forgeries_6_1.png,0,6
C:\Users\arfan\OneDrive\Desktop\forgery\data\Cedar\full_org\original_15_15.png,C:\Users\arfan\OneDrive\Desktop\forgery\data\Cedar\full_forg\forgeries_15_8.png,0,15
C:\Users\arfan\OneDrive\Desktop\forgery\data\Cedar\full_org\original_1_21.png,C:\Users\arfan\OneDrive\Desktop\forgery\data\Cedar\full_org\original_1_9.png,1,1
C:\Users\arfan\OneDrive\Desktop\forgery\data\Cedar\full_org\original_34_16.png,C:\Users\arfan\OneDrive\Desktop\forgery\data\Cedar\full_org\original_34_2.png,1,34
C:\Users\arfan\OneDrive\Desktop\forgery\data\Cedar\full_org\original_41_10.png,C:\Users\arfan\OneDrive\Desktop\forgery\data\Cedar\full_forg\forgeries_41_20.png,0,41
C:\Users\arfan\OneDrive\Desktop\forgery\data\Cedar\full_org\original_20_16.png,C:\Users\arfan\OneDrive\Desktop\forgery\data\Cedar\full_forg\forgeries_20_5.png,0,20
C:\Users\arfan\OneDrive\Desktop\forgery\data\Cedar\full_org\original_54_17.png,C:\Users\arfan\OneDrive\Desktop\forgery\data\Cedar\full_forg\forgeries_54_2.png,0,54
C:\Users\arfan\OneDrive\Desktop\forgery\data\Cedar\full_org\original_25_11.png,C:\Users\arfan\OneDrive\Desktop\forgery\data\Cedar\full_forg\forgeries_25_7.png,0,25
C:\Users\arfan\OneDrive\Desktop\forgery\data\Cedar\full_org\original_49_20.png,C:\Users\arfan\OneDrive\Desktop\forgery\data\Cedar\full_org\original_49_6.png,1,49
C:\Users\arfan\OneDrive\Desktop\forgery\data\Cedar\full_org\original_47_22.png,C:\Users\arfan\OneDrive\Desktop\forgery\data\Cedar\full_org\original_47_4.png,1,47
C:\Users\arfan\OneDrive\Desktop\forgery\data\Cedar\full_org\original_4_12.png,C:\Users\arfan\OneDrive\Desktop\forgery\data\Cedar\full_forg\forgeries_4_21.png,0,4
C:\Users\arfan\OneDrive\Desktop\forgery\data\Cedar\full_org\original_5_10.png,C:\Users\arfan\OneDrive\Desktop\forgery\data\Cedar\full_org\original_5_22.png,1,5
C:\Users\arfan\OneDrive\Desktop\forgery\data\Cedar\full_org\original_39_17.png,C:\Users\arfan\OneDrive\Desktop\forgery\data\Cedar\full_org\original_39_6.png,1,39
C:\Users\arfan\OneDrive\Desktop\forgery\data\Cedar\full_org\original_15_8.png,C:\Users\arfan\OneDrive\Desktop\forgery\data\Cedar\full_forg\forgeries_15_1.png,0,15
C:\Users\arfan\OneDrive\Desktop\forgery\data\Cedar\full_org\original_47_12.png,C:\Users\arfan\OneDrive\Desktop\forgery\data\Cedar\full_forg\forgeries_47_6.png,0,47
C:\Users\arfan\OneDrive\Desktop\forgery\data\Cedar\full_org\original_9_10.png,C:\Users\arfan\OneDrive\Desktop\forgery\data\Cedar\full_forg\forgeries_9_8.png,0,9
C:\Users\arfan\OneDrive\Desktop\forgery\data\Cedar\full_org\original_13_5.png,C:\Users\arfan\OneDrive\Desktop\forgery\data\Cedar\full_forg\forgeries_13_15.png,0,13
C:\Users\arfan\OneDrive\Desktop\forgery\data\Cedar\full_org\original_44_12.png,C:\Users\arfan\OneDrive\Desktop\forgery\data\Cedar\full_forg\forgeries_44_12.png,0,44
C:\Users\arfan\OneDrive\Desktop\forgery\data\Cedar\full_org\original_4_12.png,C:\Users\arfan\OneDrive\Desktop\forgery\data\Cedar\full_org\original_4_20.png,1,4
C:\Users\arfan\OneDrive\Desktop\forgery\data\Cedar\full_org\original_44_4.png,C:\Users\arfan\OneDrive\Desktop\forgery\data\Cedar\full_forg\forgeries_44_7.png,0,44
C:\Users\arfan\OneDrive\Desktop\forgery\data\Cedar\full_org\original_12_10.png,C:\Users\arfan\OneDrive\Desktop\forgery\data\Cedar\full_org\original_12_2.png,1,12
C:\Users\arfan\OneDrive\Desktop\forgery\data\Cedar\full_org\original_36_17.png,C:\Users\arfan\OneDrive\Desktop\forgery\data\Cedar\full_forg\forgeries_36_13.png,0,36
C:\Users\arfan\OneDrive\Desktop\forgery\data\Cedar\full_org\original_14_23.png,C:\Users\arfan\OneDrive\Desktop\forgery\data\Cedar\full_org\original_14_3.png,1,14
C:\Users\arfan\OneDrive\Desktop\forgery\data\Cedar\full_org\original_17_23.png,C:\Users\arfan\OneDrive\Desktop\forgery\data\Cedar\full_org\original_17_24.png,1,17
C:\Users\arfan\OneDrive\Desktop\forgery\data\Cedar\full_org\original_49_7.png,C:\Users\arfan\OneDrive\Desktop\forgery\data\Cedar\full_forg\forgeries_49_10.png,0,49
C:\Users\arfan\OneDrive\Desktop\forgery\data\Cedar\full_org\original_12_13.png,C:\Users\arfan\OneDrive\Desktop\forgery\data\Cedar\full_org\original_12_18.png,1,12
C:\Users\arfan\OneDrive\Desktop\forgery\data\Cedar\full_org\original_51_16.png,C:\Users\arfan\OneDrive\Desktop\forgery\data\Cedar\full_org\original_51_2.png,1,51
C:\Users\arfan\OneDrive\Desktop\forgery\data\Cedar\full_org\original_26_6.png,C:\Users\arfan\OneDrive\Desktop\forgery\data\Cedar\full_forg\forgeries_26_20.png,0,26
C:\Users\arfan\OneDrive\Desktop\forgery\data\Cedar\full_org\original_12_10.png,C:\Users\arfan\OneDrive\Desktop\forgery\data\Cedar\full_forg\forgeries_12_21.png,0,12
C:\Users\arfan\OneDrive\Desktop\forgery\data\Cedar\full_org\original_44_11.png,C:\Users\arfan\OneDrive\Desktop\forgery\data\Cedar\full_org\original_44_20.png,1,44
C:\Users\arfan\OneDrive\Desktop\forgery\data\Cedar\full_org\original_8_24.png,C:\Users\arfan\OneDrive\Desktop\forgery\data\Cedar\full_forg\forgeries_8_23.png,0,8
C:\Users\arfan\OneDrive\Desktop\forgery\data\Cedar\full_org\original_25_3.png,C:\Users\arfan\OneDrive\Desktop\forgery\data\Cedar\full_forg\forgeries_25_16.png,0,25
C:\Users\arfan\OneDrive\Desktop\forgery\data\Cedar\full_org\original_50_8.png,C:\Users\arfan\OneDrive\Desktop\forgery\data\Cedar\full_forg\forgeries_50_20.png,0,50
C:\Users\arfan\OneDrive\Desktop\forgery\data\Cedar\full_org\original_20_10.png,C:\Users\arfan\OneDrive\Desktop\forgery\data\Cedar\full_org\original_20_21.png,1,20
C:\Users\arfan\OneDrive\Desktop\forgery\data\Cedar\full_org\original_43_21.png,C:\Users\arfan\OneDrive\Desktop\forgery\data\Cedar\full_org\original_43_3.png,1,43
C:\Users\arfan\OneDrive\Desktop\forgery\data\Cedar\full_org\original_15_6.png,C:\Users\arfan\OneDrive\Desktop\forgery\data\Cedar\full_forg\forgeries_15_23.png,0,15
C:\Users\arfan\OneDrive\Desktop\forgery\data\Cedar\full_org\original_14_12.png,C:\Users\arfan\OneDrive\Desktop\forgery\data\Cedar\full_org\original_14_5.png,1,14
C:\Users\arfan\OneDrive\Desktop\forgery\data\Cedar\full_org\original_3_1.png,C:\Users\arfan\OneDrive\Desktop\forgery\data\Cedar\full_org\original_3_7.png,1,3
C:\Users\arfan\OneDrive\Desktop\forgery\data\Cedar\full_org\original_37_8.png,C:\Users\arfan\OneDrive\Desktop\forgery\data\Cedar\full_forg\forgeries_37_8.png,0,37
C:\Users\arfan\OneDrive\Desktop\forgery\data\Cedar\full_org\original_14_20.png,C:\Users\arfan\OneDrive\Desktop\forgery\data\Cedar\full_org\original_14_4.png,1,14
C:\Users\arfan\OneDrive\Desktop\forgery\data\Cedar\full_org\original_13_10.png,C:\Users\arfan\OneDrive\Desktop\forgery\data\Cedar\full_org\original_13_13.png,1,13
C:\Users\arfan\OneDrive\Desktop\forgery\data\Cedar\full_org\original_52_15.png,C:\Users\arfan\OneDrive\Desktop\forgery\data\Cedar\full_org\original_52_6.png,1,52
C:\Users\arfan\OneDrive\Desktop\forgery\data\Cedar\full_org\original_26_15.png,C:\Users\arfan\OneDrive\Desktop\forgery\data\Cedar\full_forg\forgeries_26_15.png,0,26
C:\Users\arfan\OneDrive\Desktop\forgery\data\Cedar\full_org\original_6_9.png,C:\Users\arfan\OneDrive\Desktop\forgery\data\Cedar\full_forg\forgeries_6_18.png,0,6
C:\Users\arfan\OneDrive\Desktop\forgery\data\Cedar\full_org\original_41_23.png,C:\Users\arfan\OneDrive\Desktop\forgery\data\Cedar\full_forg\forgeries_41_15.png,0,41
C:\Users\arfan\OneDrive\Desktop\forgery\data\Cedar\full_org\original_15_13.png,C:\Users\arfan\OneDrive\Desktop\forgery\data\Cedar\full_org\original_15_17.png,1,15
C:\Users\arfan\OneDrive\Desktop\forgery\data\Cedar\full_org\original_18_12.png,C:\Users\arfan\OneDrive\Desktop\forgery\data\Cedar\full_org\original_18_5.png,1,18
C:\Users\arfan\OneDrive\Desktop\forgery\data\Cedar\full_org\original_24_1.png,C:\Users\arfan\OneDrive\Desktop\forgery\data\Cedar\full_org\original_24_21.png,1,24
C:\Users\arfan\OneDrive\Desktop\forgery\data\Cedar\full_org\original_43_13.png,C:\Users\arfan\OneDrive\Desktop\forgery\data\Cedar\full_org\original_43_9.png,1,43
C:\Users\arfan\OneDrive\Desktop\forgery\data\Cedar\full_org\original_39_10.png,C:\Users\arfan\OneDrive\Desktop\forgery\data\Cedar\full_org\original_39_8.png,1,39
C:\Users\arfan\OneDrive\Desktop\forgery\data\Cedar\full_org\original_44_4.png,C:\Users\arfan\OneDrive\Desktop\forgery\data\Cedar\full_org\original_44_6.png,1,44
C:\Users\arfan\OneDrive\Desktop\forgery\data\Cedar\full_org\original_13_18.png,C:\Users\arfan\OneDrive\Desktop\forgery\data\Cedar\full_org\original_13_9.png,1,13
C:\Users\arfan\OneDrive\Desktop\forgery\data\Cedar\full_org\original_9_18.png,C:\Users\arfan\OneDrive\Desktop\forgery\data\Cedar\full_org\original_9_8.png,1,9
C:\Users\arfan\OneDrive\Desktop\forgery\data\Cedar\full_org\original_36_16.png,C:\Users\arfan\OneDrive\Desktop\forgery\data\Cedar\full_org\original_36_7.png,1,36
C:\Users\arfan\OneDrive\Desktop\forgery\data\Cedar\full_org\original_45_13.png,C:\Users\arfan\OneDrive\Desktop\forgery\data\Cedar\full_org\original_45_8.png,1,45
C:\Users\arfan\OneDrive\Desktop\forgery\data\Cedar\full_org\original_13_24.png,C:\Users\arfan\OneDrive\Desktop\forgery\data\Cedar\full_forg\forgeries_13_19.png,0,13
C:\Users\arfan\OneDrive\Desktop\forgery\data\Cedar\full_org\original_22_20.png,C:\Users\arfan\OneDrive\Desktop\forgery\data\Cedar\full_forg\forgeries_22_14.png,0,22
C:\Users\arfan\OneDrive\Desktop\forgery\data\Cedar\full_org\original_12_14.png,C:\Users\arfan\OneDrive\Desktop\forgery\data\Cedar\full_forg\forgeries_12_9.png,0,12
C:\Users\arfan\OneDrive\Desktop\forgery\data\Cedar\full_org\original_5_5.png,C:\Users\arfan\OneDrive\Desktop\forgery\data\Cedar\full_org\original_5_6.png,1,5
C:\Users\arfan\OneDrive\Desktop\forgery\data\Cedar\full_org\original_44_2.png,C:\Users\arfan\OneDrive\Desktop\forgery\data\Cedar\full_org\original_44_22.png,1,44
C:\Users\arfan\OneDrive\Desktop\forgery\data\Cedar\full_org\original_3_11.png,C:\Users\arfan\OneDrive\Desktop\forgery\data\Cedar\full_forg\forgeries_3_22.png,0,3
C:\Users\arfan\OneDrive\Desktop\forgery\data\Cedar\full_org\original_54_11.png,C:\Users\arfan\OneDrive\Desktop\forgery\data\Cedar\full_forg\forgeries_54_4.png,0,54
C:\Users\arfan\OneDrive\Desktop\forgery\data\Cedar\full_org\original_8_10.png,C:\Users\arfan\OneDrive\Desktop\forgery\data\Cedar\full_forg\forgeries_8_13.png,0,8
C:\Users\arfan\OneDrive\Desktop\forgery\data\Cedar\full_org\original_54_10.png,C:\Users\arfan\OneDrive\Desktop\forgery\data\Cedar\full_forg\forgeries_54_17.png,0,54
C:\Users\arfan\OneDrive\Desktop\forgery\data\Cedar\full_org\original_37_12.png,C:\Users\arfan\OneDrive\Desktop\forgery\data\Cedar\full_org\original_37_15.png,1,37
C:\Users\arfan\OneDrive\Desktop\forgery\data\Cedar\full_org\original_41_19.png,C:\Users\arfan\OneDrive\Desktop\forgery\data\Cedar\full_forg\forgeries_41_21.png,0,41
C:\Users\arfan\OneDrive\Desktop\forgery\data\Cedar\full_org\original_21_7.png,C:\Users\arfan\OneDrive\Desktop\forgery\data\Cedar\full_forg\forgeries_21_3.png,0,21
C:\Users\arfan\OneDrive\Desktop\forgery\data\Cedar\full_org\original_17_17.png,C:\Users\arfan\OneDrive\Desktop\forgery\data\Cedar\full_forg\forgeries_17_7.png,0,17
C:\Users\arfan\OneDrive\Desktop\forgery\data\Cedar\full_org\original_18_8.png,C:\Users\arfan\OneDrive\Desktop\forgery\data\Cedar\full_forg\forgeries_18_20.png,0,18
C:\Users\arfan\OneDrive\Desktop\forgery\data\Cedar\full_org\original_43_23.png,C:\Users\arfan\OneDrive\Desktop\forgery\data\Cedar\full_forg\forgeries_43_22.png,0,43
C:\Users\arfan\OneDrive\Desktop\forgery\data\Cedar\full_org\original_13_24.png,C:\Users\arfan\OneDrive\Desktop\forgery\data\Cedar\full_forg\forgeries_13_5.png,0,13
C:\Users\arfan\OneDrive\Desktop\forgery\data\Cedar\full_org\original_52_11.png,C:\Users\arfan\OneDrive\Desktop\forgery\data\Cedar\full_org\original_52_16.png,1,52
C:\Users\arfan\OneDrive\Desktop\forgery\data\Cedar\full_org\original_32_5.png,C:\Users\arfan\OneDrive\Desktop\forgery\data\Cedar\full_forg\forgeries_32_14.png,0,32
C:\Users\arfan\OneDrive\Desktop\forgery\data\Cedar\full_org\original_18_16.png,C:\Users\arfan\OneDrive\Desktop\forgery\data\Cedar\full_org\original_18_3.png,1,18
C:\Users\arfan\OneDrive\Desktop\forgery\data\Cedar\full_org\original_52_10.png,C:\Users\arfan\OneDrive\Desktop\forgery\data\Cedar\full_org\original_52_7.png,1,52
C:\Users\arfan\OneDrive\Desktop\forgery\data\Cedar\full_org\original_13_1.png,C:\Users\arfan\OneDrive\Desktop\forgery\data\Cedar\full_org\original_13_5.png,1,13
C:\Users\arfan\OneDrive\Desktop\forgery\data\Cedar\full_org\original_10_4.png,C:\Users\arfan\OneDrive\Desktop\forgery\data\Cedar\full_forg\forgeries_10_24.png,0,10
C:\Users\arfan\OneDrive\Desktop\forgery\data\Cedar\full_org\original_49_20.png,C:\Users\arfan\OneDrive\Desktop\forgery\data\Cedar\full_forg\forgeries_49_13.png,0,49
C:\Users\arfan\OneDrive\Desktop\forgery\data\Cedar\full_org\original_53_19.png,C:\Users\arfan\OneDrive\Desktop\forgery\data\Cedar\full_forg\forgeries_53_1.png,0,53
C:\Users\arfan\OneDrive\Desktop\forgery\data\Cedar\full_org\original_24_18.png,C:\Users\arfan\OneDrive\Desktop\forgery\data\Cedar\full_org\original_24_22.png,1,24
C:\Users\arfan\OneDrive\Desktop\forgery\data\Cedar\full_org\original_34_22.png,C:\Users\arfan\OneDrive\Desktop\forgery\data\Cedar\full_forg\forgeries_34_19.png,0,34
C:\Users\arfan\OneDrive\Desktop\forgery\data\Cedar\full_org\original_53_18.png,C:\Users\arfan\OneDrive\Desktop\forgery\data\Cedar\full_org\original_53_21.png,1,53
C:\Users\arfan\OneDrive\Desktop\forgery\data\Cedar\full_org\original_6_17.png,C:\Users\arfan\OneDrive\Desktop\forgery\data\Cedar\full_forg\forgeries_6_9.png,0,6
C:\Users\arfan\OneDrive\Desktop\forgery\data\Cedar\full_org\original_10_1.png,C:\Users\arfan\OneDrive\Desktop\forgery\data\Cedar\full_org\original_10_21.png,1,10
C:\Users\arfan\OneDrive\Desktop\forgery\data\Cedar\full_org\original_47_15.png,C:\Users\arfan\OneDrive\Desktop\forgery\data\Cedar\full_forg\forgeries_47_12.png,0,47
C:\Users\arfan\OneDrive\Desktop\forgery\data\Cedar\full_org\original_13_10.png,C:\Users\arfan\OneDrive\Desktop\forgery\data\Cedar\full_org\original_13_11.png,1,13
C:\Users\arfan\OneDrive\Desktop\forgery\data\Cedar\full_org\original_6_2.png,C:\Users\arfan\OneDrive\Desktop\forgery\data\Cedar\full_forg\forgeries_6_21.png,0,6
C:\Users\arfan\OneDrive\Desktop\forgery\data\Cedar\full_org\original_32_9.png,C:\Users\arfan\OneDrive\Desktop\forgery\data\Cedar\full_forg\forgeries_32_22.png,0,32
C:\Users\arfan\OneDrive\Desktop\forgery\data\Cedar\full_org\original_49_20.png,C:\Users\arfan\OneDrive\Desktop\forgery\data\Cedar\full_forg\forgeries_49_14.png,0,49
C:\Users\arfan\OneDrive\Desktop\forgery\data\Cedar\full_org\original_43_1.png,C:\Users\arfan\OneDrive\Desktop\forgery\data\Cedar\full_org\original_43_20.png,1,43
C:\Users\arfan\OneDrive\Desktop\forgery\data\Cedar\full_org\original_37_16.png,C:\Users\arfan\OneDrive\Desktop\forgery\data\Cedar\full_org\original_37_19.png,1,37
C:\Users\arfan\OneDrive\Desktop\forgery\data\Cedar\full_org\original_44_21.png,C:\Users\arfan\OneDrive\Desktop\forgery\data\Cedar\full_forg\forgeries_44_9.png,0,44
C:\Users\arfan\OneDrive\Desktop\forgery\data\Cedar\full_org\original_46_24.png,C:\Users\arfan\OneDrive\Desktop\forgery\data\Cedar\full_org\original_46_5.png,1,46
C:\Users\arfan\OneDrive\Desktop\forgery\data\Cedar\full_org\original_51_2.png,C:\Users\arfan\OneDrive\Desktop\forgery\data\Cedar\full_forg\forgeries_51_7.png,0,51
C:\Users\arfan\OneDrive\Desktop\forgery\data\Cedar\full_org\original_4_20.png,C:\Users\arfan\OneDrive\Desktop\forgery\data\Cedar\full_forg\forgeries_4_12.png,0,4
C:\Users\arfan\OneDrive\Desktop\forgery\data\Cedar\full_org\original_22_12.png,C:\Users\arfan\OneDrive\Desktop\forgery\data\Cedar\full_org\original_22_4.png,1,22
C:\Users\arfan\OneDrive\Desktop\forgery\data\Cedar\full_org\original_54_23.png,C:\Users\arfan\OneDrive\Desktop\forgery\data\Cedar\full_forg\forgeries_54_5.png,0,54
C:\Users\arfan\OneDrive\Desktop\forgery\data\Cedar\full_org\original_46_17.png,C:\Users\arfan\OneDrive\Desktop\forgery\data\Cedar\full_org\original_46_6.png,1,46
C:\Users\arfan\OneDrive\Desktop\forgery\data\Cedar\full_org\original_13_21.png,C:\Users\arfan\OneDrive\Desktop\forgery\data\Cedar\full_forg\forgeries_13_21.png,0,13
C:\Users\arfan\OneDrive\Desktop\forgery\data\Cedar\full_org\original_34_22.png,C:\Users\arfan\OneDrive\Desktop\forgery\data\Cedar\full_org\original_34_23.png,1,34
C:\Users\arfan\OneDrive\Desktop\forgery\data\Cedar\full_org\original_46_1.png,C:\Users\arfan\OneDrive\Desktop\forgery\data\Cedar\full_org\original_46_6.png,1,46
C:\Users\arfan\OneDrive\Desktop\forgery\data\Cedar\full_org\original_38_17.png,C:\Users\arfan\OneDrive\Desktop\forgery\data\Cedar\full_forg\forgeries_38_21.png,0,38
C:\Users\arfan\OneDrive\Desktop\forgery\data\Cedar\full_org\original_12_12.png,C:\Users\arfan\OneDrive\Desktop\forgery\data\Cedar\full_forg\forgeries_12_6.png,0,12
C:\Users\arfan\OneDrive\Desktop\forgery\data\Cedar\full_org\original_39_16.png,C:\Users\arfan\OneDrive\Desktop\forgery\data\Cedar\full_org\original_39_22.png,1,39
C:\Users\arfan\OneDrive\Desktop\forgery\data\Cedar\full_org\original_55_8.png,C:\Users\arfan\OneDrive\Desktop\forgery\data\Cedar\full_forg\forgeries_55_2.png,0,55
C:\Users\arfan\OneDrive\Desktop\forgery\data\Cedar\full_org\original_17_21.png,C:\Users\arfan\OneDrive\Desktop\forgery\data\Cedar\full_forg\forgeries_17_23.png,0,17
C:\Users\arfan\OneDrive\Desktop\forgery\data\Cedar\full_org\original_14_1.png,C:\Users\arfan\OneDrive\Desktop\forgery\data\Cedar\full_forg\forgeries_14_9.png,0,14
C:\Users\arfan\OneDrive\Desktop\forgery\data\Cedar\full_org\original_44_18.png,C:\Users\arfan\OneDrive\Desktop\forgery\data\Cedar\full_org\original_44_19.png,1,44
C:\Users\arfan\OneDrive\Desktop\forgery\data\Cedar\full_org\original_21_22.png,C:\Users\arfan\OneDrive\Desktop\forgery\data\Cedar\full_org\original_21_5.png,1,21
C:\Users\arfan\OneDrive\Desktop\forgery\data\Cedar\full_org\original_48_20.png,C:\Users\arfan\OneDrive\Desktop\forgery\data\Cedar\full_forg\forgeries_48_1.png,0,48
C:\Users\arfan\OneDrive\Desktop\forgery\data\Cedar\full_org\original_6_2.png,C:\Users\arfan\OneDrive\Desktop\forgery\data\Cedar\full_org\original_6_6.png,1,6
C:\Users\arfan\OneDrive\Desktop\forgery\data\Cedar\full_org\original_4_24.png,C:\Users\arfan\OneDrive\Desktop\forgery\data\Cedar\full_forg\forgeries_4_19.png,0,4
C:\Users\arfan\OneDrive\Desktop\forgery\data\Cedar\full_org\original_6_12.png,C:\Users\arfan\OneDrive\Desktop\forgery\data\Cedar\full_org\original_6_9.png,1,6
C:\Users\arfan\OneDrive\Desktop\forgery\data\Cedar\full_org\original_45_14.png,C:\Users\arfan\OneDrive\Desktop\forgery\data\Cedar\full_forg\forgeries_45_10.png,0,45
C:\Users\arfan\OneDrive\Desktop\forgery\data\Cedar\full_org\original_10_1.png,C:\Users\arfan\OneDrive\Desktop\forgery\data\Cedar\full_org\original_10_8.png,1,10
C:\Users\arfan\OneDrive\Desktop\forgery\data\Cedar\full_org\original_24_19.png,C:\Users\arfan\OneDrive\Desktop\forgery\data\Cedar\full_org\original_24_5.png,1,24
C:\Users\arfan\OneDrive\Desktop\forgery\data\Cedar\full_org\original_34_17.png,C:\Users\arfan\OneDrive\Desktop\forgery\data\Cedar\full_forg\forgeries_34_16.png,0,34
C:\Users\arfan\OneDrive\Desktop\forgery\data\Cedar\full_org\original_18_4.png,C:\Users\arfan\OneDrive\Desktop\forgery\data\Cedar\full_org\original_18_8.png,1,18
C:\Users\arfan\OneDrive\Desktop\forgery\data\Cedar\full_org\original_3_4.png,C:\Users\arfan\OneDrive\Desktop\forgery\data\Cedar\full_org\original_3_6.png,1,3
C:\Users\arfan\OneDrive\Desktop\forgery\data\Cedar\full_org\original_21_19.png,C:\Users\arfan\OneDrive\Desktop\forgery\data\Cedar\full_forg\forgeries_21_7.png,0,21
C:\Users\arfan\OneDrive\Desktop\forgery\data\Cedar\full_org\original_3_21.png,C:\Users\arfan\OneDrive\Desktop\forgery\data\Cedar\full_forg\forgeries_3_1.png,0,3
C:\Users\arfan\OneDrive\Desktop\forgery\data\Cedar\full_org\original_40_12.png,C:\Users\arfan\OneDrive\Desktop\forgery\data\Cedar\full_org\original_40_14.png,1,40
C:\Users\arfan\OneDrive\Desktop\forgery\data\Cedar\full_org\original_54_11.png,C:\Users\arfan\OneDrive\Desktop\forgery\data\Cedar\full_org\original_54_23.png,1,54
C:\Users\arfan\OneDrive\Desktop\forgery\data\Cedar\full_org\original_5_18.png,C:\Users\arfan\OneDrive\Desktop\forgery\data\Cedar\full_org\original_5_5.png,1,5
C:\Users\arfan\OneDrive\Desktop\forgery\data\Cedar\full_org\original_24_20.png,C:\Users\arfan\OneDrive\Desktop\forgery\data\Cedar\full_forg\forgeries_24_11.png,0,24
C:\Users\arfan\OneDrive\Desktop\forgery\data\Cedar\full_org\original_45_18.png,C:\Users\arfan\OneDrive\Desktop\forgery\data\Cedar\full_forg\forgeries_45_9.png,0,45
C:\Users\arfan\OneDrive\Desktop\forgery\data\Cedar\full_org\original_40_13.png,C:\Users\arfan\OneDrive\Desktop\forgery\data\Cedar\full_forg\forgeries_40_20.png,0,40
C:\Users\arfan\OneDrive\Desktop\forgery\data\Cedar\full_org\original_25_11.png,C:\Users\arfan\OneDrive\Desktop\forgery\data\Cedar\full_forg\forgeries_25_12.png,0,25
C:\Users\arfan\OneDrive\Desktop\forgery\data\Cedar\full_org\original_36_12.png,C:\Users\arfan\OneDrive\Desktop\forgery\data\Cedar\full_org\original_36_20.png,1,36
C:\Users\arfan\OneDrive\Desktop\forgery\data\Cedar\full_org\original_6_17.png,C:\Users\arfan\OneDrive\Desktop\forgery\data\Cedar\full_forg\forgeries_6_17.png,0,6
C:\Users\arfan\OneDrive\Desktop\forgery\data\Cedar\full_org\original_39_6.png,C:\Users\arfan\OneDrive\Desktop\forgery\data\Cedar\full_forg\forgeries_39_10.png,0,39
C:\Users\arfan\OneDrive\Desktop\forgery\data\Cedar\full_org\original_36_11.png,C:\Users\arfan\OneDrive\Desktop\forgery\data\Cedar\full_org\original_36_9.png,1,36
C:\Users\arfan\OneDrive\Desktop\forgery\data\Cedar\full_org\original_26_16.png,C:\Users\arfan\OneDrive\Desktop\forgery\data\Cedar\full_org\original_26_17.png,1,26
C:\Users\arfan\OneDrive\Desktop\forgery\data\Cedar\full_org\original_34_22.png,C:\Users\arfan\OneDrive\Desktop\forgery\data\Cedar\full_org\original_34_5.png,1,34
C:\Users\arfan\OneDrive\Desktop\forgery\data\Cedar\full_org\original_48_13.png,C:\Users\arfan\OneDrive\Desktop\forgery\data\Cedar\full_org\original_48_18.png,1,48
C:\Users\arfan\OneDrive\Desktop\forgery\data\Cedar\full_org\original_47_17.png,C:\Users\arfan\OneDrive\Desktop\forgery\data\Cedar\full_forg\forgeries_47_8.png,0,47
C:\Users\arfan\OneDrive\Desktop\forgery\data\Cedar\full_org\original_42_19.png,C:\Users\arfan\OneDrive\Desktop\forgery\data\Cedar\full_forg\forgeries_42_22.png,0,42
C:\Users\arfan\OneDrive\Desktop\forgery\data\Cedar\full_org\original_21_6.png,C:\Users\arfan\OneDrive\Desktop\forgery\data\Cedar\full_org\original_21_8.png,1,21
C:\Users\arfan\OneDrive\Desktop\forgery\data\Cedar\full_org\original_32_11.png,C:\Users\arfan\OneDrive\Desktop\forgery\data\Cedar\full_forg\forgeries_32_22.png,0,32
C:\Users\arfan\OneDrive\Desktop\forgery\data\Cedar\full_org\original_50_22.png,C:\Users\arfan\OneDrive\Desktop\forgery\data\Cedar\full_org\original_50_6.png,1,50
C:\Users\arfan\OneDrive\Desktop\forgery\data\Cedar\full_org\original_20_22.png,C:\Users\arfan\OneDrive\Desktop\forgery\data\Cedar\full_forg\forgeries_20_1.png,0,20
C:\Users\arfan\OneDrive\Desktop\forgery\data\Cedar\full_org\original_41_20.png,C:\Users\arfan\OneDrive\Desktop\forgery\data\Cedar\full_org\original_41_23.png,1,41
C:\Users\arfan\OneDrive\Desktop\forgery\data\Cedar\full_org\original_37_21.png,C:\Users\arfan\OneDrive\Desktop\forgery\data\Cedar\full_forg\forgeries_37_7.png,0,37
C:\Users\arfan\OneDrive\Desktop\forgery\data\Cedar\full_org\original_36_17.png,C:\Users\arfan\OneDrive\Desktop\forgery\data\Cedar\full_org\original_36_20.png,1,36
C:\Users\arfan\OneDrive\Desktop\forgery\data\Cedar\full_org\original_42_18.png,C:\Users\arfan\OneDrive\Desktop\forgery\data\Cedar\full_forg\forgeries_42_12.png,0,42
C:\Users\arfan\OneDrive\Desktop\forgery\data\Cedar\full_org\original_41_1.png,C:\Users\arfan\OneDrive\Desktop\forgery\data\Cedar\full_org\original_41_6.png,1,41
C:\Users\arfan\OneDrive\Desktop\forgery\data\Cedar\full_org\original_50_10.png,C:\Users\arfan\OneDrive\Desktop\forgery\data\Cedar\full_org\original_50_7.png,1,50
C:\Users\arfan\OneDrive\Desktop\forgery\data\Cedar\full_org\original_4_22.png,C:\Users\arfan\OneDrive\Desktop\forgery\data\Cedar\full_org\original_4_9.png,1,4
C:\Users\arfan\OneDrive\Desktop\forgery\data\Cedar\full_org\original_4_20.png,C:\Users\arfan\OneDrive\Desktop\forgery\data\Cedar\full_forg\forgeries_4_6.png,0,4
C:\Users\arfan\OneDrive\Desktop\forgery\data\Cedar\full_org\original_8_3.png,C:\Users\arfan\OneDrive\Desktop\forgery\data\Cedar\full_forg\forgeries_8_22.png,0,8
C:\Users\arfan\OneDrive\Desktop\forgery\data\Cedar\full_org\original_54_12.png,C:\Users\arfan\OneDrive\Desktop\forgery\data\Cedar\full_forg\forgeries_54_17.png,0,54
C:\Users\arfan\OneDrive\Desktop\forgery\data\Cedar\full_org\original_3_22.png,C:\Users\arfan\OneDrive\Desktop\forgery\data\Cedar\full_org\original_3_4.png,1,3
C:\Users\arfan\OneDrive\Desktop\forgery\data\Cedar\full_org\original_12_1.png,C:\Users\arfan\OneDrive\Desktop\forgery\data\Cedar\full_forg\forgeries_12_13.png,0,12
C:\Users\arfan\OneDrive\Desktop\forgery\data\Cedar\full_org\original_38_17.png,C:\Users\arfan\OneDrive\Desktop\forgery\data\Cedar\full_org\original_38_24.png,1,38
C:\Users\arfan\OneDrive\Desktop\forgery\data\Cedar\full_org\original_45_4.png,C:\Users\arfan\OneDrive\Desktop\forgery\data\Cedar\full_forg\forgeries_45_16.png,0,45
C:\Users\arfan\OneDrive\Desktop\forgery\data\Cedar\full_org\original_32_6.png,C:\Users\arfan\OneDrive\Desktop\forgery\data\Cedar\full_forg\forgeries_32_4.png,0,32
C:\Users\arfan\OneDrive\Desktop\forgery\data\Cedar\full_org\original_50_5.png,C:\Users\arfan\OneDrive\Desktop\forgery\data\Cedar\full_forg\forgeries_50_1.png,0,50
C:\Users\arfan\OneDrive\Desktop\forgery\data\Cedar\full_org\original_12_21.png,C:\Users\arfan\OneDrive\Desktop\forgery\data\Cedar\full_org\original_12_7.png,1,12
C:\Users\arfan\OneDrive\Desktop\forgery\data\Cedar\full_org\original_14_1.png,C:\Users\arfan\OneDrive\Desktop\forgery\data\Cedar\full_org\original_14_3.png,1,14
C:\Users\arfan\OneDrive\Desktop\forgery\data\Cedar\full_org\original_45_17.png,C:\Users\arfan\OneDrive\Desktop\forgery\data\Cedar\full_forg\forgeries_45_11.png,0,45
C:\Users\arfan\OneDrive\Desktop\forgery\data\Cedar\full_org\original_40_14.png,C:\Users\arfan\OneDrive\Desktop\forgery\data\Cedar\full_org\original_40_21.png,1,40
C:\Users\arfan\OneDrive\Desktop\forgery\data\Cedar\full_org\original_55_14.png,C:\Users\arfan\OneDrive\Desktop\forgery\data\Cedar\full_org\original_55_8.png,1,55
C:\Users\arfan\OneDrive\Desktop\forgery\data\Cedar\full_org\original_38_12.png,C:\Users\arfan\OneDrive\Desktop\forgery\data\Cedar\full_forg\forgeries_38_12.png,0,38
C:\Users\arfan\OneDrive\Desktop\forgery\data\Cedar\full_org\original_25_2.png,C:\Users\arfan\OneDrive\Desktop\forgery\data\Cedar\full_forg\forgeries_25_4.png,0,25
C:\Users\arfan\OneDrive\Desktop\forgery\data\Cedar\full_org\original_5_24.png,C:\Users\arfan\OneDrive\Desktop\forgery\data\Cedar\full_forg\forgeries_5_10.png,0,5
C:\Users\arfan\OneDrive\Desktop\forgery\data\Cedar\full_org\original_20_10.png,C:\Users\arfan\OneDrive\Desktop\forgery\data\Cedar\full_forg\forgeries_20_20.png,0,20
C:\Users\arfan\OneDrive\Desktop\forgery\data\Cedar\full_org\original_21_1.png,C:\Users\arfan\OneDrive\Desktop\forgery\data\Cedar\full_forg\forgeries_21_18.png,0,21
C:\Users\arfan\OneDrive\Desktop\forgery\data\Cedar\full_org\original_42_9.png,C:\Users\arfan\OneDrive\Desktop\forgery\data\Cedar\full_forg\forgeries_42_4.png,0,42
C:\Users\arfan\OneDrive\Desktop\forgery\data\Cedar\full_org\original_3_10.png,C:\Users\arfan\OneDrive\Desktop\forgery\data\Cedar\full_org\original_3_13.png,1,3
C:\Users\arfan\OneDrive\Desktop\forgery\data\Cedar\full_org\original_38_5.png,C:\Users\arfan\OneDrive\Desktop\forgery\data\Cedar\full_forg\forgeries_38_22.png,0,38
C:\Users\arfan\OneDrive\Desktop\forgery\data\Cedar\full_org\original_7_12.png,C:\Users\arfan\OneDrive\Desktop\forgery\data\Cedar\full_org\original_7_5.png,1,7
C:\Users\arfan\OneDrive\Desktop\forgery\data\Cedar\full_org\original_24_2.png,C:\Users\arfan\OneDrive\Desktop\forgery\data\Cedar\full_forg\forgeries_24_6.png,0,24
C:\Users\arfan\OneDrive\Desktop\forgery\data\Cedar\full_org\original_4_21.png,C:\Users\arfan\OneDrive\Desktop\forgery\data\Cedar\full_org\original_4_22.png,1,4
C:\Users\arfan\OneDrive\Desktop\forgery\data\Cedar\full_org\original_5_16.png,C:\Users\arfan\OneDrive\Desktop\forgery\data\Cedar\full_org\original_5_2.png,1,5
C:\Users\arfan\OneDrive\Desktop\forgery\data\Cedar\full_org\original_32_13.png,C:\Users\arfan\OneDrive\Desktop\forgery\data\Cedar\full_org\original_32_21.png,1,32
C:\Users\arfan\OneDrive\Desktop\forgery\data\Cedar\full_org\original_15_23.png,C:\Users\arfan\OneDrive\Desktop\forgery\data\Cedar\full_org\original_15_4.png,1,15
C:\Users\arfan\OneDrive\Desktop\forgery\data\Cedar\full_org\original_45_4.png,C:\Users\arfan\OneDrive\Desktop\forgery\data\Cedar\full_forg\forgeries_45_13.png,0,45
C:\Users\arfan\OneDrive\Desktop\forgery\data\Cedar\full_org\original_10_17.png,C:\Users\arfan\OneDrive\Desktop\forgery\data\Cedar\full_forg\forgeries_10_15.png,0,10
C:\Users\arfan\OneDrive\Desktop\forgery\data\Cedar\full_org\original_34_2.png,C:\Users\arfan\OneDrive\Desktop\forgery\data\Cedar\full_forg\forgeries_34_14.png,0,34
C:\Users\arfan\OneDrive\Desktop\forgery\data\Cedar\full_org\original_13_10.png,C:\Users\arfan\OneDrive\Desktop\forgery\data\Cedar\full_org\original_13_18.png,1,13
C:\Users\arfan\OneDrive\Desktop\forgery\data\Cedar\full_org\original_8_12.png,C:\Users\arfan\OneDrive\Desktop\forgery\data\Cedar\full_org\original_8_2.png,1,8
C:\Users\arfan\OneDrive\Desktop\forgery\data\Cedar\full_org\original_39_8.png,C:\Users\arfan\OneDrive\Desktop\forgery\data\Cedar\full_forg\forgeries_39_23.png,0,39
C:\Users\arfan\OneDrive\Desktop\forgery\data\Cedar\full_org\original_7_19.png,C:\Users\arfan\OneDrive\Desktop\forgery\data\Cedar\full_forg\forgeries_7_5.png,0,7
C:\Users\arfan\OneDrive\Desktop\forgery\data\Cedar\full_org\original_44_6.png,C:\Users\arfan\OneDrive\Desktop\forgery\data\Cedar\full_org\original_44_7.png,1,44
C:\Users\arfan\OneDrive\Desktop\forgery\data\Cedar\full_org\original_45_3.png,C:\Users\arfan\OneDrive\Desktop\forgery\data\Cedar\full_forg\forgeries_45_17.png,0,45
C:\Users\arfan\OneDrive\Desktop\forgery\data\Cedar\full_org\original_54_18.png,C:\Users\arfan\OneDrive\Desktop\forgery\data\Cedar\full_org\original_54_23.png,1,54
C:\Users\arfan\OneDrive\Desktop\forgery\data\Cedar\full_org\original_8_12.png,C:\Users\arfan\OneDrive\Desktop\forgery\data\Cedar\full_forg\forgeries_8_15.png,0,8
C:\Users\arfan\OneDrive\Desktop\forgery\data\Cedar\full_org\original_25_1.png,C:\Users\arfan\OneDrive\Desktop\forgery\data\Cedar\full_org\original_25_16.png,1,25
C:\Users\arfan\OneDrive\Desktop\forgery\data\Cedar\full_org\original_20_11.png,C:\Users\arfan\OneDrive\Desktop\forgery\data\Cedar\full_org\original_20_23.png,1,20
C:\Users\arfan\OneDrive\Desktop\forgery\data\Cedar\full_org\original_10_6.png,C:\Users\arfan\OneDrive\Desktop\forgery\data\Cedar\full_forg\forgeries_10_21.png,0,10
C:\Users\arfan\OneDrive\Desktop\forgery\data\Cedar\full_org\original_46_19.png,C:\Users\arfan\OneDrive\Desktop\forgery\data\Cedar\full_forg\forgeries_46_16.png,0,46
C:\Users\arfan\OneDrive\Desktop\forgery\data\Cedar\full_org\original_9_3.png,C:\Users\arfan\OneDrive\Desktop\forgery\data\Cedar\full_forg\forgeries_9_1.png,0,9
C:\Users\arfan\OneDrive\Desktop\forgery\data\Cedar\full_org\original_40_24.png,C:\Users\arfan\OneDrive\Desktop\forgery\data\Cedar\full_forg\forgeries_40_21.png,0,40
C:\Users\arfan\OneDrive\Desktop\forgery\data\Cedar\full_org\original_15_16.png,C:\Users\arfan\OneDrive\Desktop\forgery\data\Cedar\full_org\original_15_23.png,1,15
C:\Users\arfan\OneDrive\Desktop\forgery\data\Cedar\full_org\original_3_9.png,C:\Users\arfan\OneDrive\Desktop\forgery\data\Cedar\full_forg\forgeries_3_18.png,0,3
C:\Users\arfan\OneDrive\Desktop\forgery\data\Cedar\full_org\original_25_13.png,C:\Users\arfan\OneDrive\Desktop\forgery\data\Cedar\full_org\original_25_2.png,1,25
C:\Users\arfan\OneDrive\Desktop\forgery\data\Cedar\full_org\original_40_15.png,C:\Users\arfan\OneDrive\Desktop\forgery\data\Cedar\full_forg\forgeries_40_8.png,0,40
C:\Users\arfan\OneDrive\Desktop\forgery\data\Cedar\full_org\original_44_21.png,C:\Users\arfan\OneDrive\Desktop\forgery\data\Cedar\full_org\original_44_23.png,1,44
C:\Users\arfan\OneDrive\Desktop\forgery\data\Cedar\full_org\original_42_20.png,C:\Users\arfan\OneDrive\Desktop\forgery\data\Cedar\full_forg\forgeries_42_16.png,0,42
C:\Users\arfan\OneDrive\Desktop\forgery\data\Cedar\full_org\original_27_1.png,C:\Users\arfan\OneDrive\Desktop\forgery\data\Cedar\full_forg\forgeries_27_1.png,0,27
C:\Users\arfan\OneDrive\Desktop\forgery\data\Cedar\full_org\original_36_1.png,C:\Users\arfan\OneDrive\Desktop\forgery\data\Cedar\full_forg\forgeries_36_17.png,0,36
C:\Users\arfan\OneDrive\Desktop\forgery\data\Cedar\full_org\original_32_17.png,C:\Users\arfan\OneDrive\Desktop\forgery\data\Cedar\full_org\original_32_23.png,1,32
C:\Users\arfan\OneDrive\Desktop\forgery\data\Cedar\full_org\original_17_11.png,C:\Users\arfan\OneDrive\Desktop\forgery\data\Cedar\full_forg\forgeries_17_11.png,0,17
C:\Users\arfan\OneDrive\Desktop\forgery\data\Cedar\full_org\original_36_24.png,C:\Users\arfan\OneDrive\Desktop\forgery\data\Cedar\full_org\original_36_7.png,1,36
C:\Users\arfan\OneDrive\Desktop\forgery\data\Cedar\full_org\original_52_23.png,C:\Users\arfan\OneDrive\Desktop\forgery\data\Cedar\full_forg\forgeries_52_10.png,0,52
C:\Users\arfan\OneDrive\Desktop\forgery\data\Cedar\full_org\original_45_10.png,C:\Users\arfan\OneDrive\Desktop\forgery\data\Cedar\full_forg\forgeries_45_6.png,0,45
C:\Users\arfan\OneDrive\Desktop\forgery\data\Cedar\full_org\original_4_10.png,C:\Users\arfan\OneDrive\Desktop\forgery\data\Cedar\full_org\original_4_9.png,1,4
C:\Users\arfan\OneDrive\Desktop\forgery\data\Cedar\full_org\original_52_4.png,C:\Users\arfan\OneDrive\Desktop\forgery\data\Cedar\full_forg\forgeries_52_7.png,0,52
C:\Users\arfan\OneDrive\Desktop\forgery\data\Cedar\full_org\original_40_10.png,C:\Users\arfan\OneDrive\Desktop\forgery\data\Cedar\full_org\original_40_14.png,1,40
C:\Users\arfan\OneDrive\Desktop\forgery\data\Cedar\full_org\original_43_18.png,C:\Users\arfan\OneDrive\Desktop\forgery\data\Cedar\full_forg\forgeries_43_21.png,0,43
C:\Users\arfan\OneDrive\Desktop\forgery\data\Cedar\full_org\original_13_19.png,C:\Users\arfan\OneDrive\Desktop\forgery\data\Cedar\full_forg\forgeries_13_4.png,0,13
C:\Users\arfan\OneDrive\Desktop\forgery\data\Cedar\full_org\original_50_23.png,C:\Users\arfan\OneDrive\Desktop\forgery\data\Cedar\full_forg\forgeries_50_4.png,0,50
C:\Users\arfan\OneDrive\Desktop\forgery\data\Cedar\full_org\original_27_14.png,C:\Users\arfan\OneDrive\Desktop\forgery\data\Cedar\full_org\original_27_19.png,1,27
C:\Users\arfan\OneDrive\Desktop\forgery\data\Cedar\full_org\original_46_7.png,C:\Users\arfan\OneDrive\Desktop\forgery\data\Cedar\full_org\original_46_8.png,1,46
C:\Users\arfan\OneDrive\Desktop\forgery\data\Cedar\full_org\original_46_20.png,C:\Users\arfan\OneDrive\Desktop\forgery\data\Cedar\full_org\original_46_23.png,1,46
C:\Users\arfan\OneDrive\Desktop\forgery\data\Cedar\full_org\original_3_12.png,C:\Users\arfan\OneDrive\Desktop\forgery\data\Cedar\full_org\original_3_8.png,1,3
C:\Users\arfan\OneDrive\Desktop\forgery\data\Cedar\full_org\original_40_16.png,C:\Users\arfan\OneDrive\Desktop\forgery\data\Cedar\full_forg\forgeries_40_18.png,0,40
C:\Users\arfan\OneDrive\Desktop\forgery\data\Cedar\full_org\original_43_11.png,C:\Users\arfan\OneDrive\Desktop\forgery\data\Cedar\full_org\original_43_24.png,1,43
C:\Users\arfan\OneDrive\Desktop\forgery\data\Cedar\full_org\original_47_5.png,C:\Users\arfan\OneDrive\Desktop\forgery\data\Cedar\full_org\original_47_9.png,1,47
C:\Users\arfan\OneDrive\Desktop\forgery\data\Cedar\full_org\original_47_16.png,C:\Users\arfan\OneDrive\Desktop\forgery\data\Cedar\full_forg\forgeries_47_18.png,0,47
C:\Users\arfan\OneDrive\Desktop\forgery\data\Cedar\full_org\original_49_24.png,C:\Users\arfan\OneDrive\Desktop\forgery\data\Cedar\full_forg\forgeries_49_3.png,0,49
C:\Users\arfan\OneDrive\Desktop\forgery\data\Cedar\full_org\original_3_15.png,C:\Users\arfan\OneDrive\Desktop\forgery\data\Cedar\full_org\original_3_16.png,1,3
C:\Users\arfan\OneDrive\Desktop\forgery\data\Cedar\full_org\original_53_5.png,C:\Users\arfan\OneDrive\Desktop\forgery\data\Cedar\full_forg\forgeries_53_21.png,0,53
C:\Users\arfan\OneDrive\Desktop\forgery\data\Cedar\full_org\original_39_13.png,C:\Users\arfan\OneDrive\Desktop\forgery\data\Cedar\full_org\original_39_5.png,1,39
C:\Users\arfan\OneDrive\Desktop\forgery\data\Cedar\full_org\original_36_13.png,C:\Users\arfan\OneDrive\Desktop\forgery\data\Cedar\full_org\original_36_6.png,1,36
C:\Users\arfan\OneDrive\Desktop\forgery\data\Cedar\full_org\original_34_2.png,C:\Users\arfan\OneDrive\Desktop\forgery\data\Cedar\full_forg\forgeries_34_3.png,0,34
C:\Users\arfan\OneDrive\Desktop\forgery\data\Cedar\full_org\original_24_10.png,C:\Users\arfan\OneDrive\Desktop\forgery\data\Cedar\full_org\original_24_18.png,1,24
C:\Users\arfan\OneDrive\Desktop\forgery\data\Cedar\full_org\original_18_13.png,C:\Users\arfan\OneDrive\Desktop\forgery\data\Cedar\full_forg\forgeries_18_17.png,0,18
C:\Users\arfan\OneDrive\Desktop\forgery\data\Cedar\full_org\original_12_12.png,C:\Users\arfan\OneDrive\Desktop\forgery\data\Cedar\full_forg\forgeries_12_20.png,0,12
C:\Users\arfan\OneDrive\Desktop\forgery\data\Cedar\full_org\original_24_10.png,C:\Users\arfan\OneDrive\Desktop\forgery\data\Cedar\full_org\original_24_14.png,1,24
C:\Users\arfan\OneDrive\Desktop\forgery\data\Cedar\full_org\original_21_12.png,C:\Users\arfan\OneDrive\Desktop\forgery\data\Cedar\full_forg\forgeries_21_14.png,0,21
C:\Users\arfan\OneDrive\Desktop\forgery\data\Cedar\full_org\original_15_14.png,C:\Users\arfan\OneDrive\Desktop\forgery\data\Cedar\full_org\original_15_22.png,1,15
C:\Users\arfan\OneDrive\Desktop\forgery\data\Cedar\full_org\original_43_22.png,C:\Users\arfan\OneDrive\Desktop\forgery\data\Cedar\full_org\original_43_23.png,1,43
C:\Users\arfan\OneDrive\Desktop\forgery\data\Cedar\full_org\original_55_1.png,C:\Users\arfan\OneDrive\Desktop\forgery\data\Cedar\full_org\original_55_24.png,1,55
C:\Users\arfan\OneDrive\Desktop\forgery\data\Cedar\full_org\original_48_15.png,C:\Users\arfan\OneDrive\Desktop\forgery\data\Cedar\full_org\original_48_2.png,1,48
C:\Users\arfan\OneDrive\Desktop\forgery\data\Cedar\full_org\original_48_18.png,C:\Users\arfan\OneDrive\Desktop\forgery\data\Cedar\full_org\original_48_9.png,1,48
C:\Users\arfan\OneDrive\Desktop\forgery\data\Cedar\full_org\original_27_16.png,C:\Users\arfan\OneDrive\Desktop\forgery\data\Cedar\full_forg\forgeries_27_8.png,0,27
C:\Users\arfan\OneDrive\Desktop\forgery\data\Cedar\full_org\original_12_8.png,C:\Users\arfan\OneDrive\Desktop\forgery\data\Cedar\full_forg\forgeries_12_17.png,0,12
C:\Users\arfan\OneDrive\Desktop\forgery\data\Cedar\full_org\original_39_7.png,C:\Users\arfan\OneDrive\Desktop\forgery\data\Cedar\full_forg\forgeries_39_11.png,0,39
C:\Users\arfan\OneDrive\Desktop\forgery\data\Cedar\full_org\original_4_1.png,C:\Users\arfan\OneDrive\Desktop\forgery\data\Cedar\full_forg\forgeries_4_4.png,0,4
C:\Users\arfan\OneDrive\Desktop\forgery\data\Cedar\full_org\original_7_22.png,C:\Users\arfan\OneDrive\Desktop\forgery\data\Cedar\full_org\original_7_5.png,1,7
C:\Users\arfan\OneDrive\Desktop\forgery\data\Cedar\full_org\original_18_13.png,C:\Users\arfan\OneDrive\Desktop\forgery\data\Cedar\full_forg\forgeries_18_3.png,0,18
C:\Users\arfan\OneDrive\Desktop\forgery\data\Cedar\full_org\original_10_14.png,C:\Users\arfan\OneDrive\Desktop\forgery\data\Cedar\full_forg\forgeries_10_13.png,0,10
C:\Users\arfan\OneDrive\Desktop\forgery\data\Cedar\full_org\original_50_12.png,C:\Users\arfan\OneDrive\Desktop\forgery\data\Cedar\full_org\original_50_13.png,1,50
C:\Users\arfan\OneDrive\Desktop\forgery\data\Cedar\full_org\original_32_23.png,C:\Users\arfan\OneDrive\Desktop\forgery\data\Cedar\full_forg\forgeries_32_15.png,0,32
C:\Users\arfan\OneDrive\Desktop\forgery\data\Cedar\full_org\original_5_7.png,C:\Users\arfan\OneDrive\Desktop\forgery\data\Cedar\full_forg\forgeries_5_9.png,0,5
C:\Users\arfan\OneDrive\Desktop\forgery\data\Cedar\full_org\original_49_10.png,C:\Users\arfan\OneDrive\Desktop\forgery\data\Cedar\full_org\original_49_18.png,1,49
C:\Users\arfan\OneDrive\Desktop\forgery\data\Cedar\full_org\original_41_14.png,C:\Users\arfan\OneDrive\Desktop\forgery\data\Cedar\full_org\original_41_2.png,1,41
C:\Users\arfan\OneDrive\Desktop\forgery\data\Cedar\full_org\original_51_22.png,C:\Users\arfan\OneDrive\Desktop\forgery\data\Cedar\full_org\original_51_3.png,1,51
C:\Users\arfan\OneDrive\Desktop\forgery\data\Cedar\full_org\original_36_5.png,C:\Users\arfan\OneDrive\Desktop\forgery\data\Cedar\full_org\original_36_9.png,1,36
C:\Users\arfan\OneDrive\Desktop\forgery\data\Cedar\full_org\original_15_22.png,C:\Users\arfan\OneDrive\Desktop\forgery\data\Cedar\full_forg\forgeries_15_12.png,0,15
C:\Users\arfan\OneDrive\Desktop\forgery\data\Cedar\full_org\original_3_14.png,C:\Users\arfan\OneDrive\Desktop\forgery\data\Cedar\full_forg\forgeries_3_10.png,0,3
C:\Users\arfan\OneDrive\Desktop\forgery\data\Cedar\full_org\original_24_22.png,C:\Users\arfan\OneDrive\Desktop\forgery\data\Cedar\full_org\original_24_6.png,1,24
C:\Users\arfan\OneDrive\Desktop\forgery\data\Cedar\full_org\original_32_18.png,C:\Users\arfan\OneDrive\Desktop\forgery\data\Cedar\full_forg\forgeries_32_14.png,0,32
C:\Users\arfan\OneDrive\Desktop\forgery\data\Cedar\full_org\original_37_2.png,C:\Users\arfan\OneDrive\Desktop\forgery\data\Cedar\full_org\original_37_24.png,1,37
C:\Users\arfan\OneDrive\Desktop\forgery\data\Cedar\full_org\original_5_8.png,C:\Users\arfan\OneDrive\Desktop\forgery\data\Cedar\full_forg\forgeries_5_8.png,0,5
C:\Users\arfan\OneDrive\Desktop\forgery\data\Cedar\full_org\original_36_15.png,C:\Users\arfan\OneDrive\Desktop\forgery\data\Cedar\full_org\original_36_3.png,1,36
C:\Users\arfan\OneDrive\Desktop\forgery\data\Cedar\full_org\original_22_2.png,C:\Users\arfan\OneDrive\Desktop\forgery\data\Cedar\full_org\original_22_22.png,1,22
C:\Users\arfan\OneDrive\Desktop\forgery\data\Cedar\full_org\original_44_19.png,C:\Users\arfan\OneDrive\Desktop\forgery\data\Cedar\full_org\original_44_21.png,1,44
C:\Users\arfan\OneDrive\Desktop\forgery\data\Cedar\full_org\original_38_23.png,C:\Users\arfan\OneDrive\Desktop\forgery\data\Cedar\full_forg\forgeries_38_11.png,0,38
C:\Users\arfan\OneDrive\Desktop\forgery\data\Cedar\full_org\original_4_10.png,C:\Users\arfan\OneDrive\Desktop\forgery\data\Cedar\full_forg\forgeries_4_7.png,0,4
C:\Users\arfan\OneDrive\Desktop\forgery\data\Cedar\full_org\original_29_19.png,C:\Users\arfan\OneDrive\Desktop\forgery\data\Cedar\full_org\original_29_2.png,1,29
C:\Users\arfan\OneDrive\Desktop\forgery\data\Cedar\full_org\original_13_19.png,C:\Users\arfan\OneDrive\Desktop\forgery\data\Cedar\full_forg\forgeries_13_14.png,0,13
C:\Users\arfan\OneDrive\Desktop\forgery\data\Cedar\full_org\original_22_2.png,C:\Users\arfan\OneDrive\Desktop\forgery\data\Cedar\full_org\original_22_7.png,1,22
C:\Users\arfan\OneDrive\Desktop\forgery\data\Cedar\full_org\original_7_5.png,C:\Users\arfan\OneDrive\Desktop\forgery\data\Cedar\full_forg\forgeries_7_11.png,0,7
C:\Users\arfan\OneDrive\Desktop\forgery\data\Cedar\full_org\original_41_21.png,C:\Users\arfan\OneDrive\Desktop\forgery\data\Cedar\full_org\original_41_9.png,1,41
C:\Users\arfan\OneDrive\Desktop\forgery\data\Cedar\full_org\original_29_20.png,C:\Users\arfan\OneDrive\Desktop\forgery\data\Cedar\full_org\original_29_22.png,1,29
C:\Users\arfan\OneDrive\Desktop\forgery\data\Cedar\full_org\original_8_22.png,C:\Users\arfan\OneDrive\Desktop\forgery\data\Cedar\full_org\original_8_9.png,1,8
C:\Users\arfan\OneDrive\Desktop\forgery\data\Cedar\full_org\original_13_19.png,C:\Users\arfan\OneDrive\Desktop\forgery\data\Cedar\full_org\original_13_9.png,1,13
C:\Users\arfan\OneDrive\Desktop\forgery\data\Cedar\full_org\original_39_18.png,C:\Users\arfan\OneDrive\Desktop\forgery\data\Cedar\full_org\original_39_8.png,1,39
C:\Users\arfan\OneDrive\Desktop\forgery\data\Cedar\full_org\original_54_10.png,C:\Users\arfan\OneDrive\Desktop\forgery\data\Cedar\full_org\original_54_4.png,1,54
C:\Users\arfan\OneDrive\Desktop\forgery\data\Cedar\full_org\original_8_20.png,C:\Users\arfan\OneDrive\Desktop\forgery\data\Cedar\full_org\original_8_23.png,1,8
C:\Users\arfan\OneDrive\Desktop\forgery\data\Cedar\full_org\original_36_14.png,C:\Users\arfan\OneDrive\Desktop\forgery\data\Cedar\full_forg\forgeries_36_15.png,0,36
C:\Users\arfan\OneDrive\Desktop\forgery\data\Cedar\full_org\original_25_3.png,C:\Users\arfan\OneDrive\Desktop\forgery\data\Cedar\full_org\original_25_9.png,1,25
C:\Users\arfan\OneDrive\Desktop\forgery\data\Cedar\full_org\original_10_18.png,C:\Users\arfan\OneDrive\Desktop\forgery\data\Cedar\full_org\original_10_22.png,1,10
C:\Users\arfan\OneDrive\Desktop\forgery\data\Cedar\full_org\original_21_24.png,C:\Users\arfan\OneDrive\Desktop\forgery\data\Cedar\full_forg\forgeries_21_10.png,0,21
C:\Users\arfan\OneDrive\Desktop\forgery\data\Cedar\full_org\original_1_18.png,C:\Users\arfan\OneDrive\Desktop\forgery\data\Cedar\full_org\original_1_3.png,1,1
C:\Users\arfan\OneDrive\Desktop\forgery\data\Cedar\full_org\original_43_20.png,C:\Users\arfan\OneDrive\Desktop\forgery\data\Cedar\full_forg\forgeries_43_10.png,0,43
C:\Users\arfan\OneDrive\Desktop\forgery\data\Cedar\full_org\original_46_12.png,C:\Users\arfan\OneDrive\Desktop\forgery\data\Cedar\full_forg\forgeries_46_5.png,0,46
C:\Users\arfan\OneDrive\Desktop\forgery\data\Cedar\full_org\original_34_18.png,C:\Users\arfan\OneDrive\Desktop\forgery\data\Cedar\full_org\original_34_6.png,1,34
C:\Users\arfan\OneDrive\Desktop\forgery\data\Cedar\full_org\original_52_5.png,C:\Users\arfan\OneDrive\Desktop\forgery\data\Cedar\full_forg\forgeries_52_2.png,0,52
C:\Users\arfan\OneDrive\Desktop\forgery\data\Cedar\full_org\original_7_22.png,C:\Users\arfan\OneDrive\Desktop\forgery\data\Cedar\full_org\original_7_23.png,1,7
C:\Users\arfan\OneDrive\Desktop\forgery\data\Cedar\full_org\original_34_17.png,C:\Users\arfan\OneDrive\Desktop\forgery\data\Cedar\full_org\original_34_6.png,1,34
C:\Users\arfan\OneDrive\Desktop\forgery\data\Cedar\full_org\original_39_6.png,C:\Users\arfan\OneDrive\Desktop\forgery\data\Cedar\full_org\original_39_7.png,1,39
C:\Users\arfan\OneDrive\Desktop\forgery\data\Cedar\full_org\original_14_12.png,C:\Users\arfan\OneDrive\Desktop\forgery\data\Cedar\full_forg\forgeries_14_1.png,0,14
C:\Users\arfan\OneDrive\Desktop\forgery\data\Cedar\full_org\original_3_10.png,C:\Users\arfan\OneDrive\Desktop\forgery\data\Cedar\full_org\original_3_20.png,1,3
C:\Users\arfan\OneDrive\Desktop\forgery\data\Cedar\full_org\original_51_2.png,C:\Users\arfan\OneDrive\Desktop\forgery\data\Cedar\full_forg\forgeries_51_18.png,0,51
C:\Users\arfan\OneDrive\Desktop\forgery\data\Cedar\full_org\original_18_11.png,C:\Users\arfan\OneDrive\Desktop\forgery\data\Cedar\full_org\original_18_4.png,1,18
C:\Users\arfan\OneDrive\Desktop\forgery\data\Cedar\full_org\original_20_10.png,C:\Users\arfan\OneDrive\Desktop\forgery\data\Cedar\full_org\original_20_8.png,1,20
C:\Users\arfan\OneDrive\Desktop\forgery\data\Cedar\full_org\original_7_23.png,C:\Users\arfan\OneDrive\Desktop\forgery\data\Cedar\full_org\original_7_24.png,1,7
C:\Users\arfan\OneDrive\Desktop\forgery\data\Cedar\full_org\original_42_4.png,C:\Users\arfan\OneDrive\Desktop\forgery\data\Cedar\full_forg\forgeries_42_8.png,0,42
C:\Users\arfan\OneDrive\Desktop\forgery\data\Cedar\full_org\original_25_10.png,C:\Users\arfan\OneDrive\Desktop\forgery\data\Cedar\full_forg\forgeries_25_7.png,0,25
C:\Users\arfan\OneDrive\Desktop\forgery\data\Cedar\full_org\original_42_10.png,C:\Users\arfan\OneDrive\Desktop\forgery\data\Cedar\full_org\original_42_18.png,1,42
C:\Users\arfan\OneDrive\Desktop\forgery\data\Cedar\full_org\original_37_14.png,C:\Users\arfan\OneDrive\Desktop\forgery\data\Cedar\full_org\original_37_3.png,1,37
C:\Users\arfan\OneDrive\Desktop\forgery\data\Cedar\full_org\original_55_19.png,C:\Users\arfan\OneDrive\Desktop\forgery\data\Cedar\full_org\original_55_6.png,1,55
C:\Users\arfan\OneDrive\Desktop\forgery\data\Cedar\full_org\original_37_1.png,C:\Users\arfan\OneDrive\Desktop\forgery\data\Cedar\full_org\original_37_19.png,1,37
C:\Users\arfan\OneDrive\Desktop\forgery\data\Cedar\full_org\original_48_24.png,C:\Users\arfan\OneDrive\Desktop\forgery\data\Cedar\full_org\original_48_8.png,1,48
C:\Users\arfan\OneDrive\Desktop\forgery\data\Cedar\full_org\original_47_20.png,C:\Users\arfan\OneDrive\Desktop\forgery\data\Cedar\full_org\original_47_22.png,1,47
C:\Users\arfan\OneDrive\Desktop\forgery\data\Cedar\full_org\original_53_2.png,C:\Users\arfan\OneDrive\Desktop\forgery\data\Cedar\full_forg\forgeries_53_13.png,0,53
C:\Users\arfan\OneDrive\Desktop\forgery\data\Cedar\full_org\original_9_18.png,C:\Users\arfan\OneDrive\Desktop\forgery\data\Cedar\full_forg\forgeries_9_3.png,0,9
C:\Users\arfan\OneDrive\Desktop\forgery\data\Cedar\full_org\original_26_19.png,C:\Users\arfan\OneDrive\Desktop\forgery\data\Cedar\full_org\original_26_7.png,1,26
C:\Users\arfan\OneDrive\Desktop\forgery\data\Cedar\full_org\original_10_6.png,C:\Users\arfan\OneDrive\Desktop\forgery\data\Cedar\full_forg\forgeries_10_15.png,0,10
C:\Users\arfan\OneDrive\Desktop\forgery\data\Cedar\full_org\original_20_7.png,C:\Users\arfan\OneDrive\Desktop\forgery\data\Cedar\full_forg\forgeries_20_19.png,0,20
C:\Users\arfan\OneDrive\Desktop\forgery\data\Cedar\full_org\original_48_13.png,C:\Users\arfan\OneDrive\Desktop\forgery\data\Cedar\full_forg\forgeries_48_14.png,0,48
C:\Users\arfan\OneDrive\Desktop\forgery\data\Cedar\full_org\original_53_23.png,C:\Users\arfan\OneDrive\Desktop\forgery\data\Cedar\full_forg\forgeries_53_14.png,0,53
C:\Users\arfan\OneDrive\Desktop\forgery\data\Cedar\full_org\original_20_22.png,C:\Users\arfan\OneDrive\Desktop\forgery\data\Cedar\full_forg\forgeries_20_21.png,0,20
C:\Users\arfan\OneDrive\Desktop\forgery\data\Cedar\full_org\original_22_20.png,C:\Users\arfan\OneDrive\Desktop\forgery\data\Cedar\full_forg\forgeries_22_10.png,0,22
C:\Users\arfan\OneDrive\Desktop\forgery\data\Cedar\full_org\original_24_13.png,C:\Users\arfan\OneDrive\Desktop\forgery\data\Cedar\full_forg\forgeries_24_24.png,0,24
C:\Users\arfan\OneDrive\Desktop\forgery\data\Cedar\full_org\original_17_22.png,C:\Users\arfan\OneDrive\Desktop\forgery\data\Cedar\full_org\original_17_7.png,1,17
C:\Users\arfan\OneDrive\Desktop\forgery\data\Cedar\full_org\original_3_5.png,C:\Users\arfan\OneDrive\Desktop\forgery\data\Cedar\full_forg\forgeries_3_7.png,0,3
C:\Users\arfan\OneDrive\Desktop\forgery\data\Cedar\full_org\original_47_16.png,C:\Users\arfan\OneDrive\Desktop\forgery\data\Cedar\full_forg\forgeries_47_16.png,0,47
C:\Users\arfan\OneDrive\Desktop\forgery\data\Cedar\full_org\original_54_11.png,C:\Users\arfan\OneDrive\Desktop\forgery\data\Cedar\full_forg\forgeries_54_12.png,0,54
C:\Users\arfan\OneDrive\Desktop\forgery\data\Cedar\full_org\original_42_10.png,C:\Users\arfan\OneDrive\Desktop\forgery\data\Cedar\full_org\original_42_19.png,1,42
C:\Users\arfan\OneDrive\Desktop\forgery\data\Cedar\full_org\original_8_22.png,C:\Users\arfan\OneDrive\Desktop\forgery\data\Cedar\full_forg\forgeries_8_3.png,0,8
C:\Users\arfan\OneDrive\Desktop\forgery\data\Cedar\full_org\original_13_12.png,C:\Users\arfan\OneDrive\Desktop\forgery\data\Cedar\full_org\original_13_6.png,1,13
C:\Users\arfan\OneDrive\Desktop\forgery\data\Cedar\full_org\original_42_10.png,C:\Users\arfan\OneDrive\Desktop\forgery\data\Cedar\full_org\original_42_17.png,1,42
C:\Users\arfan\OneDrive\Desktop\forgery\data\Cedar\full_org\original_43_15.png,C:\Users\arfan\OneDrive\Desktop\forgery\data\Cedar\full_forg\forgeries_43_6.png,0,43
C:\Users\arfan\OneDrive\Desktop\forgery\data\Cedar\full_org\original_44_15.png,C:\Users\arfan\OneDrive\Desktop\forgery\data\Cedar\full_org\original_44_9.png,1,44
C:\Users\arfan\OneDrive\Desktop\forgery\data\Cedar\full_org\original_5_1.png,C:\Users\arfan\OneDrive\Desktop\forgery\data\Cedar\full_forg\forgeries_5_1.png,0,5
C:\Users\arfan\OneDrive\Desktop\forgery\data\Cedar\full_org\original_34_13.png,C:\Users\arfan\OneDrive\Desktop\forgery\data\Cedar\full_org\original_34_24.png,1,34
C:\Users\arfan\OneDrive\Desktop\forgery\data\Cedar\full_org\original_5_16.png,C:\Users\arfan\OneDrive\Desktop\forgery\data\Cedar\full_org\original_5_9.png,1,5
C:\Users\arfan\OneDrive\Desktop\forgery\data\Cedar\full_org\original_41_5.png,C:\Users\arfan\OneDrive\Desktop\forgery\data\Cedar\full_forg\forgeries_41_17.png,0,41
C:\Users\arfan\OneDrive\Desktop\forgery\data\Cedar\full_org\original_14_3.png,C:\Users\arfan\OneDrive\Desktop\forgery\data\Cedar\full_forg\forgeries_14_5.png,0,14
C:\Users\arfan\OneDrive\Desktop\forgery\data\Cedar\full_org\original_44_23.png,C:\Users\arfan\OneDrive\Desktop\forgery\data\Cedar\full_org\original_44_7.png,1,44
C:\Users\arfan\OneDrive\Desktop\forgery\data\Cedar\full_org\original_54_15.png,C:\Users\arfan\OneDrive\Desktop\forgery\data\Cedar\full_forg\forgeries_54_18.png,0,54
C:\Users\arfan\OneDrive\Desktop\forgery\data\Cedar\full_org\original_9_14.png,C:\Users\arfan\OneDrive\Desktop\forgery\data\Cedar\full_forg\forgeries_9_24.png,0,9
C:\Users\arfan\OneDrive\Desktop\forgery\data\Cedar\full_org\original_37_20.png,C:\Users\arfan\OneDrive\Desktop\forgery\data\Cedar\full_forg\forgeries_37_7.png,0,37
C:\Users\arfan\OneDrive\Desktop\forgery\data\Cedar\full_org\original_27_16.png,C:\Users\arfan\OneDrive\Desktop\forgery\data\Cedar\full_forg\forgeries_27_16.png,0,27
C:\Users\arfan\OneDrive\Desktop\forgery\data\Cedar\full_org\original_34_9.png,C:\Users\arfan\OneDrive\Desktop\forgery\data\Cedar\full_forg\forgeries_34_6.png,0,34
C:\Users\arfan\OneDrive\Desktop\forgery\data\Cedar\full_org\original_47_11.png,C:\Users\arfan\OneDrive\Desktop\forgery\data\Cedar\full_org\original_47_5.png,1,47
C:\Users\arfan\OneDrive\Desktop\forgery\data\Cedar\full_org\original_49_12.png,C:\Users\arfan\OneDrive\Desktop\forgery\data\Cedar\full_org\original_49_2.png,1,49
C:\Users\arfan\OneDrive\Desktop\forgery\data\Cedar\full_org\original_53_7.png,C:\Users\arfan\OneDrive\Desktop\forgery\data\Cedar\full_forg\forgeries_53_17.png,0,53
C:\Users\arfan\OneDrive\Desktop\forgery\data\Cedar\full_org\original_48_5.png,C:\Users\arfan\OneDrive\Desktop\forgery\data\Cedar\full_forg\forgeries_48_24.png,0,48
C:\Users\arfan\OneDrive\Desktop\forgery\data\Cedar\full_org\original_25_21.png,C:\Users\arfan\OneDrive\Desktop\forgery\data\Cedar\full_org\original_25_7.png,1,25
C:\Users\arfan\OneDrive\Desktop\forgery\data\Cedar\full_org\original_26_3.png,C:\Users\arfan\OneDrive\Desktop\forgery\data\Cedar\full_forg\forgeries_26_20.png,0,26
C:\Users\arfan\OneDrive\Desktop\forgery\data\Cedar\full_org\original_45_6.png,C:\Users\arfan\OneDrive\Desktop\forgery\data\Cedar\full_forg\forgeries_45_3.png,0,45
C:\Users\arfan\OneDrive\Desktop\forgery\data\Cedar\full_org\original_44_6.png,C:\Users\arfan\OneDrive\Desktop\forgery\data\Cedar\full_forg\forgeries_44_5.png,0,44
C:\Users\arfan\OneDrive\Desktop\forgery\data\Cedar\full_org\original_38_24.png,C:\Users\arfan\OneDrive\Desktop\forgery\data\Cedar\full_org\original_38_5.png,1,38
C:\Users\arfan\OneDrive\Desktop\forgery\data\Cedar\full_org\original_25_12.png,C:\Users\arfan\OneDrive\Desktop\forgery\data\Cedar\full_forg\forgeries_25_21.png,0,25
C:\Users\arfan\OneDrive\Desktop\forgery\data\Cedar\full_org\original_29_7.png,C:\Users\arfan\OneDrive\Desktop\forgery\data\Cedar\full_forg\forgeries_29_12.png,0,29
C:\Users\arfan\OneDrive\Desktop\forgery\data\Cedar\full_org\original_4_16.png,C:\Users\arfan\OneDrive\Desktop\forgery\data\Cedar\full_org\original_4_24.png,1,4
C:\Users\arfan\OneDrive\Desktop\forgery\data\Cedar\full_org\original_5_11.png,C:\Users\arfan\OneDrive\Desktop\forgery\data\Cedar\full_org\original_5_3.png,1,5
C:\Users\arfan\OneDrive\Desktop\forgery\data\Cedar\full_org\original_45_18.png,C:\Users\arfan\OneDrive\Desktop\forgery\data\Cedar\full_forg\forgeries_45_5.png,0,45
C:\Users\arfan\OneDrive\Desktop\forgery\data\Cedar\full_org\original_37_12.png,C:\Users\arfan\OneDrive\Desktop\forgery\data\Cedar\full_forg\forgeries_37_8.png,0,37
C:\Users\arfan\OneDrive\Desktop\forgery\data\Cedar\full_org\original_13_17.png,C:\Users\arfan\OneDrive\Desktop\forgery\data\Cedar\full_forg\forgeries_13_6.png,0,13
C:\Users\arfan\OneDrive\Desktop\forgery\data\Cedar\full_org\original_36_17.png,C:\Users\arfan\OneDrive\Desktop\forgery\data\Cedar\full_forg\forgeries_36_16.png,0,36
C:\Users\arfan\OneDrive\Desktop\forgery\data\Cedar\full_org\original_44_1.png,C:\Users\arfan\OneDrive\Desktop\forgery\data\Cedar\full_org\original_44_5.png,1,44
C:\Users\arfan\OneDrive\Desktop\forgery\data\Cedar\full_org\original_38_3.png,C:\Users\arfan\OneDrive\Desktop\forgery\data\Cedar\full_forg\forgeries_38_13.png,0,38
C:\Users\arfan\OneDrive\Desktop\forgery\data\Cedar\full_org\original_13_16.png,C:\Users\arfan\OneDrive\Desktop\forgery\data\Cedar\full_forg\forgeries_13_20.png,0,13
C:\Users\arfan\OneDrive\Desktop\forgery\data\Cedar\full_org\original_32_19.png,C:\Users\arfan\OneDrive\Desktop\forgery\data\Cedar\full_org\original_32_22.png,1,32
C:\Users\arfan\OneDrive\Desktop\forgery\data\Cedar\full_org\original_7_21.png,C:\Users\arfan\OneDrive\Desktop\forgery\data\Cedar\full_forg\forgeries_7_4.png,0,7
C:\Users\arfan\OneDrive\Desktop\forgery\data\Cedar\full_org\original_29_4.png,C:\Users\arfan\OneDrive\Desktop\forgery\data\Cedar\full_forg\forgeries_29_17.png,0,29
C:\Users\arfan\OneDrive\Desktop\forgery\data\Cedar\full_org\original_21_10.png,C:\Users\arfan\OneDrive\Desktop\forgery\data\Cedar\full_org\original_21_23.png,1,21
C:\Users\arfan\OneDrive\Desktop\forgery\data\Cedar\full_org\original_18_11.png,C:\Users\arfan\OneDrive\Desktop\forgery\data\Cedar\full_forg\forgeries_18_10.png,0,18
C:\Users\arfan\OneDrive\Desktop\forgery\data\Cedar\full_org\original_32_15.png,C:\Users\arfan\OneDrive\Desktop\forgery\data\Cedar\full_org\original_32_2.png,1,32
C:\Users\arfan\OneDrive\Desktop\forgery\data\Cedar\full_org\original_40_13.png,C:\Users\arfan\OneDrive\Desktop\forgery\data\Cedar\full_org\original_40_17.png,1,40
C:\Users\arfan\OneDrive\Desktop\forgery\data\Cedar\full_org\original_38_8.png,C:\Users\arfan\OneDrive\Desktop\forgery\data\Cedar\full_forg\forgeries_38_5.png,0,38
C:\Users\arfan\OneDrive\Desktop\forgery\data\Cedar\full_org\original_39_23.png,C:\Users\arfan\OneDrive\Desktop\forgery\data\Cedar\full_forg\forgeries_39_18.png,0,39
C:\Users\arfan\OneDrive\Desktop\forgery\data\Cedar\full_org\original_12_22.png,C:\Users\arfan\OneDrive\Desktop\forgery\data\Cedar\full_org\original_12_9.png,1,12
C:\Users\arfan\OneDrive\Desktop\forgery\data\Cedar\full_org\original_54_12.png,C:\Users\arfan\OneDrive\Desktop\forgery\data\Cedar\full_forg\forgeries_54_10.png,0,54
C:\Users\arfan\OneDrive\Desktop\forgery\data\Cedar\full_org\original_41_20.png,C:\Users\arfan\OneDrive\Desktop\forgery\data\Cedar\full_forg\forgeries_41_13.png,0,41
C:\Users\arfan\OneDrive\Desktop\forgery\data\Cedar\full_org\original_39_15.png,C:\Users\arfan\OneDrive\Desktop\forgery\data\Cedar\full_forg\forgeries_39_15.png,0,39
C:\Users\arfan\OneDrive\Desktop\forgery\data\Cedar\full_org\original_37_15.png,C:\Users\arfan\OneDrive\Desktop\forgery\data\Cedar\full_org\original_37_4.png,1,37
C:\Users\arfan\OneDrive\Desktop\forgery\data\Cedar\full_org\original_47_14.png,C:\Users\arfan\OneDrive\Desktop\forgery\data\Cedar\full_org\original_47_16.png,1,47
C:\Users\arfan\OneDrive\Desktop\forgery\data\Cedar\full_org\original_9_2.png,C:\Users\arfan\OneDrive\Desktop\forgery\data\Cedar\full_forg\forgeries_9_18.png,0,9
C:\Users\arfan\OneDrive\Desktop\forgery\data\Cedar\full_org\original_10_19.png,C:\Users\arfan\OneDrive\Desktop\forgery\data\Cedar\full_org\original_10_21.png,1,10
C:\Users\arfan\OneDrive\Desktop\forgery\data\Cedar\full_org\original_42_1.png,C:\Users\arfan\OneDrive\Desktop\forgery\data\Cedar\full_org\original_42_23.png,1,42
C:\Users\arfan\OneDrive\Desktop\forgery\data\Cedar\full_org\original_54_20.png,C:\Users\arfan\OneDrive\Desktop\forgery\data\Cedar\full_forg\forgeries_54_18.png,0,54
C:\Users\arfan\OneDrive\Desktop\forgery\data\Cedar\full_org\original_18_16.png,C:\Users\arfan\OneDrive\Desktop\forgery\data\Cedar\full_forg\forgeries_18_11.png,0,18
C:\Users\arfan\OneDrive\Desktop\forgery\data\Cedar\full_org\original_51_20.png,C:\Users\arfan\OneDrive\Desktop\forgery\data\Cedar\full_org\original_51_4.png,1,51
C:\Users\arfan\OneDrive\Desktop\forgery\data\Cedar\full_org\original_6_17.png,C:\Users\arfan\OneDrive\Desktop\forgery\data\Cedar\full_org\original_6_4.png,1,6
C:\Users\arfan\OneDrive\Desktop\forgery\data\Cedar\full_org\original_24_18.png,C:\Users\arfan\OneDrive\Desktop\forgery\data\Cedar\full_org\original_24_2.png,1,24
C:\Users\arfan\OneDrive\Desktop\forgery\data\Cedar\full_org\original_42_20.png,C:\Users\arfan\OneDrive\Desktop\forgery\data\Cedar\full_org\original_42_4.png,1,42
C:\Users\arfan\OneDrive\Desktop\forgery\data\Cedar\full_org\original_43_23.png,C:\Users\arfan\OneDrive\Desktop\forgery\data\Cedar\full_forg\forgeries_43_14.png,0,43
C:\Users\arfan\OneDrive\Desktop\forgery\data\Cedar\full_org\original_38_1.png,C:\Users\arfan\OneDrive\Desktop\forgery\data\Cedar\full_forg\forgeries_38_15.png,0,38
C:\Users\arfan\OneDrive\Desktop\forgery\data\Cedar\full_org\original_5_17.png,C:\Users\arfan\OneDrive\Desktop\forgery\data\Cedar\full_org\original_5_6.png,1,5
C:\Users\arfan\OneDrive\Desktop\forgery\data\Cedar\full_org\original_1_23.png,C:\Users\arfan\OneDrive\Desktop\forgery\data\Cedar\full_forg\forgeries_1_20.png,0,1
C:\Users\arfan\OneDrive\Desktop\forgery\data\Cedar\full_org\original_51_11.png,C:\Users\arfan\OneDrive\Desktop\forgery\data\Cedar\full_org\original_51_2.png,1,51
C:\Users\arfan\OneDrive\Desktop\forgery\data\Cedar\full_org\original_1_11.png,C:\Users\arfan\OneDrive\Desktop\forgery\data\Cedar\full_forg\forgeries_1_18.png,0,1
C:\Users\arfan\OneDrive\Desktop\forgery\data\Cedar\full_org\original_14_5.png,C:\Users\arfan\OneDrive\Desktop\forgery\data\Cedar\full_forg\forgeries_14_7.png,0,14
C:\Users\arfan\OneDrive\Desktop\forgery\data\Cedar\full_org\original_45_16.png,C:\Users\arfan\OneDrive\Desktop\forgery\data\Cedar\full_forg\forgeries_45_9.png,0,45
C:\Users\arfan\OneDrive\Desktop\forgery\data\Cedar\full_org\original_47_23.png,C:\Users\arfan\OneDrive\Desktop\forgery\data\Cedar\full_org\original_47_3.png,1,47
C:\Users\arfan\OneDrive\Desktop\forgery\data\Cedar\full_org\original_27_14.png,C:\Users\arfan\OneDrive\Desktop\forgery\data\Cedar\full_org\original_27_5.png,1,27
C:\Users\arfan\OneDrive\Desktop\forgery\data\Cedar\full_org\original_12_17.png,C:\Users\arfan\OneDrive\Desktop\forgery\data\Cedar\full_org\original_12_18.png,1,12
C:\Users\arfan\OneDrive\Desktop\forgery\data\Cedar\full_org\original_5_1.png,C:\Users\arfan\OneDrive\Desktop\forgery\data\Cedar\full_org\original_5_8.png,1,5
C:\Users\arfan\OneDrive\Desktop\forgery\data\Cedar\full_org\original_36_17.png,C:\Users\arfan\OneDrive\Desktop\forgery\data\Cedar\full_org\original_36_21.png,1,36
C:\Users\arfan\OneDrive\Desktop\forgery\data\Cedar\full_org\original_38_23.png,C:\Users\arfan\OneDrive\Desktop\forgery\data\Cedar\full_forg\forgeries_38_13.png,0,38
C:\Users\arfan\OneDrive\Desktop\forgery\data\Cedar\full_org\original_44_5.png,C:\Users\arfan\OneDrive\Desktop\forgery\data\Cedar\full_forg\forgeries_44_13.png,0,44
C:\Users\arfan\OneDrive\Desktop\forgery\data\Cedar\full_org\original_46_11.png,C:\Users\arfan\OneDrive\Desktop\forgery\data\Cedar\full_org\original_46_20.png,1,46
C:\Users\arfan\OneDrive\Desktop\forgery\data\Cedar\full_org\original_24_4.png,C:\Users\arfan\OneDrive\Desktop\forgery\data\Cedar\full_forg\forgeries_24_13.png,0,24
C:\Users\arfan\OneDrive\Desktop\forgery\data\Cedar\full_org\original_41_2.png,C:\Users\arfan\OneDrive\Desktop\forgery\data\Cedar\full_org\original_41_24.png,1,41
C:\Users\arfan\OneDrive\Desktop\forgery\data\Cedar\full_org\original_32_5.png,C:\Users\arfan\OneDrive\Desktop\forgery\data\Cedar\full_org\original_32_8.png,1,32
C:\Users\arfan\OneDrive\Desktop\forgery\data\Cedar\full_org\original_21_13.png,C:\Users\arfan\OneDrive\Desktop\forgery\data\Cedar\full_forg\forgeries_21_11.png,0,21
C:\Users\arfan\OneDrive\Desktop\forgery\data\Cedar\full_org\original_25_17.png,C:\Users\arfan\OneDrive\Desktop\forgery\data\Cedar\full_forg\forgeries_25_17.png,0,25
C:\Users\arfan\OneDrive\Desktop\forgery\data\Cedar\full_org\original_20_20.png,C:\Users\arfan\OneDrive\Desktop\forgery\data\Cedar\full_org\original_20_6.png,1,20
C:\Users\arfan\OneDrive\Desktop\forgery\data\Cedar\full_org\original_10_23.png,C:\Users\arfan\OneDrive\Desktop\forgery\data\Cedar\full_org\original_10_3.png,1,10
C:\Users\arfan\OneDrive\Desktop\forgery\data\Cedar\full_org\original_34_11.png,C:\Users\arfan\OneDrive\Desktop\forgery\data\Cedar\full_org\original_34_24.png,1,34
C:\Users\arfan\OneDrive\Desktop\forgery\data\Cedar\full_org\original_10_14.png,C:\Users\arfan\OneDrive\Desktop\forgery\data\Cedar\full_forg\forgeries_10_11.png,0,10
C:\Users\arfan\OneDrive\Desktop\forgery\data\Cedar\full_org\original_3_4.png,C:\Users\arfan\OneDrive\Desktop\forgery\data\Cedar\full_forg\forgeries_3_3.png,0,3
C:\Users\arfan\OneDrive\Desktop\forgery\data\Cedar\full_org\original_38_6.png,C:\Users\arfan\OneDrive\Desktop\forgery\data\Cedar\full_forg\forgeries_38_3.png,0,38
C:\Users\arfan\OneDrive\Desktop\forgery\data\Cedar\full_org\original_5_23.png,C:\Users\arfan\OneDrive\Desktop\forgery\data\Cedar\full_org\original_5_6.png,1,5
C:\Users\arfan\OneDrive\Desktop\forgery\data\Cedar\full_org\original_22_17.png,C:\Users\arfan\OneDrive\Desktop\forgery\data\Cedar\full_org\original_22_2.png,1,22
C:\Users\arfan\OneDrive\Desktop\forgery\data\Cedar\full_org\original_40_15.png,C:\Users\arfan\OneDrive\Desktop\forgery\data\Cedar\full_org\original_40_23.png,1,40
C:\Users\arfan\OneDrive\Desktop\forgery\data\Cedar\full_org\original_26_12.png,C:\Users\arfan\OneDrive\Desktop\forgery\data\Cedar\full_org\original_26_6.png,1,26
C:\Users\arfan\OneDrive\Desktop\forgery\data\Cedar\full_org\original_36_24.png,C:\Users\arfan\OneDrive\Desktop\forgery\data\Cedar\full_forg\forgeries_36_18.png,0,36
C:\Users\arfan\OneDrive\Desktop\forgery\data\Cedar\full_org\original_43_24.png,C:\Users\arfan\OneDrive\Desktop\forgery\data\Cedar\full_forg\forgeries_43_8.png,0,43
C:\Users\arfan\OneDrive\Desktop\forgery\data\Cedar\full_org\original_46_11.png,C:\Users\arfan\OneDrive\Desktop\forgery\data\Cedar\full_forg\forgeries_46_14.png,0,46
C:\Users\arfan\OneDrive\Desktop\forgery\data\Cedar\full_org\original_18_1.png,C:\Users\arfan\OneDrive\Desktop\forgery\data\Cedar\full_org\original_18_24.png,1,18
C:\Users\arfan\OneDrive\Desktop\forgery\data\Cedar\full_org\original_45_15.png,C:\Users\arfan\OneDrive\Desktop\forgery\data\Cedar\full_org\original_45_21.png,1,45
C:\Users\arfan\OneDrive\Desktop\forgery\data\Cedar\full_org\original_37_1.png,C:\Users\arfan\OneDrive\Desktop\forgery\data\Cedar\full_forg\forgeries_37_15.png,0,37
C:\Users\arfan\OneDrive\Desktop\forgery\data\Cedar\full_org\original_25_11.png,C:\Users\arfan\OneDrive\Desktop\forgery\data\Cedar\full_org\original_25_19.png,1,25
C:\Users\arfan\OneDrive\Desktop\forgery\data\Cedar\full_org\original_14_16.png,C:\Users\arfan\OneDrive\Desktop\forgery\data\Cedar\full_forg\forgeries_14_1.png,0,14
C:\Users\arfan\OneDrive\Desktop\forgery\data\Cedar\full_org\original_41_19.png,C:\Users\arfan\OneDrive\Desktop\forgery\data\Cedar\full_org\original_41_9.png,1,41
C:\Users\arfan\OneDrive\Desktop\forgery\data\Cedar\full_org\original_39_11.png,C:\Users\arfan\OneDrive\Desktop\forgery\data\Cedar\full_org\original_39_3.png,1,39
C:\Users\arfan\OneDrive\Desktop\forgery\data\Cedar\full_org\original_49_5.png,C:\Users\arfan\OneDrive\Desktop\forgery\data\Cedar\full_forg\forgeries_49_2.png,0,49
C:\Users\arfan\OneDrive\Desktop\forgery\data\Cedar\full_org\original_29_9.png,C:\Users\arfan\OneDrive\Desktop\forgery\data\Cedar\full_forg\forgeries_29_10.png,0,29
C:\Users\arfan\OneDrive\Desktop\forgery\data\Cedar\full_org\original_34_18.png,C:\Users\arfan\OneDrive\Desktop\forgery\data\Cedar\full_org\original_34_19.png,1,34
C:\Users\arfan\OneDrive\Desktop\forgery\data\Cedar\full_org\original_51_16.png,C:\Users\arfan\OneDrive\Desktop\forgery\data\Cedar\full_org\original_51_4.png,1,51
C:\Users\arfan\OneDrive\Desktop\forgery\data\Cedar\full_org\original_27_18.png,C:\Users\arfan\OneDrive\Desktop\forgery\data\Cedar\full_org\original_27_20.png,1,27
C:\Users\arfan\OneDrive\Desktop\forgery\data\Cedar\full_org\original_7_20.png,C:\Users\arfan\OneDrive\Desktop\forgery\data\Cedar\full_forg\forgeries_7_16.png,0,7
C:\Users\arfan\OneDrive\Desktop\forgery\data\Cedar\full_org\original_10_1.png,C:\Users\arfan\OneDrive\Desktop\forgery\data\Cedar\full_org\original_10_2.png,1,10
C:\Users\arfan\OneDrive\Desktop\forgery\data\Cedar\full_org\original_14_22.png,C:\Users\arfan\OneDrive\Desktop\forgery\data\Cedar\full_org\original_14_4.png,1,14
C:\Users\arfan\OneDrive\Desktop\forgery\data\Cedar\full_org\original_4_22.png,C:\Users\arfan\OneDrive\Desktop\forgery\data\Cedar\full_forg\forgeries_4_15.png,0,4
C:\Users\arfan\OneDrive\Desktop\forgery\data\Cedar\full_org\original_48_17.png,C:\Users\arfan\OneDrive\Desktop\forgery\data\Cedar\full_forg\forgeries_48_4.png,0,48
C:\Users\arfan\OneDrive\Desktop\forgery\data\Cedar\full_org\original_9_1.png,C:\Users\arfan\OneDrive\Desktop\forgery\data\Cedar\full_org\original_9_18.png,1,9
C:\Users\arfan\OneDrive\Desktop\forgery\data\Cedar\full_org\original_40_13.png,C:\Users\arfan\OneDrive\Desktop\forgery\data\Cedar\full_org\original_40_19.png,1,40
C:\Users\arfan\OneDrive\Desktop\forgery\data\Cedar\full_org\original_41_16.png,C:\Users\arfan\OneDrive\Desktop\forgery\data\Cedar\full_forg\forgeries_41_7.png,0,41
C:\Users\arfan\OneDrive\Desktop\forgery\data\Cedar\full_org\original_9_11.png,C:\Users\arfan\OneDrive\Desktop\forgery\data\Cedar\full_org\original_9_8.png,1,9
C:\Users\arfan\OneDrive\Desktop\forgery\data\Cedar\full_org\original_15_21.png,C:\Users\arfan\OneDrive\Desktop\forgery\data\Cedar\full_forg\forgeries_15_8.png,0,15
C:\Users\arfan\OneDrive\Desktop\forgery\data\Cedar\full_org\original_45_18.png,C:\Users\arfan\OneDrive\Desktop\forgery\data\Cedar\full_org\original_45_23.png,1,45
C:\Users\arfan\OneDrive\Desktop\forgery\data\Cedar\full_org\original_41_22.png,C:\Users\arfan\OneDrive\Desktop\forgery\data\Cedar\full_forg\forgeries_41_19.png,0,41
C:\Users\arfan\OneDrive\Desktop\forgery\data\Cedar\full_org\original_8_15.png,C:\Users\arfan\OneDrive\Desktop\forgery\data\Cedar\full_forg\forgeries_8_11.png,0,8
C:\Users\arfan\OneDrive\Desktop\forgery\data\Cedar\full_org\original_55_19.png,C:\Users\arfan\OneDrive\Desktop\forgery\data\Cedar\full_org\original_55_2.png,1,55
C:\Users\arfan\OneDrive\Desktop\forgery\data\Cedar\full_org\original_29_1.png,C:\Users\arfan\OneDrive\Desktop\forgery\data\Cedar\full_org\original_29_13.png,1,29
C:\Users\arfan\OneDrive\Desktop\forgery\data\Cedar\full_org\original_15_15.png,C:\Users\arfan\OneDrive\Desktop\forgery\data\Cedar\full_forg\forgeries_15_24.png,0,15
C:\Users\arfan\OneDrive\Desktop\forgery\data\Cedar\full_org\original_1_13.png,C:\Users\arfan\OneDrive\Desktop\forgery\data\Cedar\full_forg\forgeries_1_10.png,0,1
C:\Users\arfan\OneDrive\Desktop\forgery\data\Cedar\full_org\original_25_13.png,C:\Users\arfan\OneDrive\Desktop\forgery\data\Cedar\full_org\original_25_16.png,1,25
C:\Users\arfan\OneDrive\Desktop\forgery\data\Cedar\full_org\original_54_1.png,C:\Users\arfan\OneDrive\Desktop\forgery\data\Cedar\full_org\original_54_16.png,1,54
C:\Users\arfan\OneDrive\Desktop\forgery\data\Cedar\full_org\original_54_17.png,C:\Users\arfan\OneDrive\Desktop\forgery\data\Cedar\full_forg\forgeries_54_3.png,0,54
C:\Users\arfan\OneDrive\Desktop\forgery\data\Cedar\full_org\original_7_7.png,C:\Users\arfan\OneDrive\Desktop\forgery\data\Cedar\full_forg\forgeries_7_9.png,0,7
C:\Users\arfan\OneDrive\Desktop\forgery\data\Cedar\full_org\original_9_16.png,C:\Users\arfan\OneDrive\Desktop\forgery\data\Cedar\full_forg\forgeries_9_24.png,0,9
C:\Users\arfan\OneDrive\Desktop\forgery\data\Cedar\full_org\original_25_3.png,C:\Users\arfan\OneDrive\Desktop\forgery\data\Cedar\full_forg\forgeries_25_18.png,0,25
C:\Users\arfan\OneDrive\Desktop\forgery\data\Cedar\full_org\original_9_2.png,C:\Users\arfan\OneDrive\Desktop\forgery\data\Cedar\full_forg\forgeries_9_22.png,0,9
C:\Users\arfan\OneDrive\Desktop\forgery\data\Cedar\full_org\original_43_4.png,C:\Users\arfan\OneDrive\Desktop\forgery\data\Cedar\full_forg\forgeries_43_18.png,0,43
C:\Users\arfan\OneDrive\Desktop\forgery\data\Cedar\full_org\original_24_17.png,C:\Users\arfan\OneDrive\Desktop\forgery\data\Cedar\full_forg\forgeries_24_15.png,0,24
C:\Users\arfan\OneDrive\Desktop\forgery\data\Cedar\full_org\original_14_22.png,C:\Users\arfan\OneDrive\Desktop\forgery\data\Cedar\full_forg\forgeries_14_8.png,0,14
C:\Users\arfan\OneDrive\Desktop\forgery\data\Cedar\full_org\original_48_3.png,C:\Users\arfan\OneDrive\Desktop\forgery\data\Cedar\full_org\original_48_7.png,1,48
C:\Users\arfan\OneDrive\Desktop\forgery\data\Cedar\full_org\original_46_5.png,C:\Users\arfan\OneDrive\Desktop\forgery\data\Cedar\full_forg\forgeries_46_8.png,0,46
C:\Users\arfan\OneDrive\Desktop\forgery\data\Cedar\full_org\original_10_10.png,C:\Users\arfan\OneDrive\Desktop\forgery\data\Cedar\full_org\original_10_8.png,1,10
C:\Users\arfan\OneDrive\Desktop\forgery\data\Cedar\full_org\original_43_22.png,C:\Users\arfan\OneDrive\Desktop\forgery\data\Cedar\full_forg\forgeries_43_19.png,0,43
C:\Users\arfan\OneDrive\Desktop\forgery\data\Cedar\full_org\original_9_12.png,C:\Users\arfan\OneDrive\Desktop\forgery\data\Cedar\full_org\original_9_5.png,1,9
C:\Users\arfan\OneDrive\Desktop\forgery\data\Cedar\full_org\original_26_7.png,C:\Users\arfan\OneDrive\Desktop\forgery\data\Cedar\full_forg\forgeries_26_23.png,0,26
C:\Users\arfan\OneDrive\Desktop\forgery\data\Cedar\full_org\original_32_10.png,C:\Users\arfan\OneDrive\Desktop\forgery\data\Cedar\full_org\original_32_4.png,1,32
C:\Users\arfan\OneDrive\Desktop\forgery\data\Cedar\full_org\original_52_22.png,C:\Users\arfan\OneDrive\Desktop\forgery\data\Cedar\full_forg\forgeries_52_21.png,0,52
C:\Users\arfan\OneDrive\Desktop\forgery\data\Cedar\full_org\original_42_12.png,C:\Users\arfan\OneDrive\Desktop\forgery\data\Cedar\full_org\original_42_9.png,1,42
C:\Users\arfan\OneDrive\Desktop\forgery\data\Cedar\full_org\original_53_2.png,C:\Users\arfan\OneDrive\Desktop\forgery\data\Cedar\full_forg\forgeries_53_15.png,0,53
C:\Users\arfan\OneDrive\Desktop\forgery\data\Cedar\full_org\original_40_2.png,C:\Users\arfan\OneDrive\Desktop\forgery\data\Cedar\full_forg\forgeries_40_14.png,0,40
C:\Users\arfan\OneDrive\Desktop\forgery\data\Cedar\full_org\original_7_2.png,C:\Users\arfan\OneDrive\Desktop\forgery\data\Cedar\full_org\original_7_20.png,1,7
C:\Users\arfan\OneDrive\Desktop\forgery\data\Cedar\full_org\original_1_18.png,C:\Users\arfan\OneDrive\Desktop\forgery\data\Cedar\full_org\original_1_20.png,1,1
C:\Users\arfan\OneDrive\Desktop\forgery\data\Cedar\full_org\original_37_23.png,C:\Users\arfan\OneDrive\Desktop\forgery\data\Cedar\full_forg\forgeries_37_24.png,0,37
C:\Users\arfan\OneDrive\Desktop\forgery\data\Cedar\full_org\original_52_9.png,C:\Users\arfan\OneDrive\Desktop\forgery\data\Cedar\full_forg\forgeries_52_7.png,0,52
C:\Users\arfan\OneDrive\Desktop\forgery\data\Cedar\full_org\original_17_18.png,C:\Users\arfan\OneDrive\Desktop\forgery\data\Cedar\full_forg\forgeries_17_17.png,0,17
C:\Users\arfan\OneDrive\Desktop\forgery\data\Cedar\full_org\original_10_17.png,C:\Users\arfan\OneDrive\Desktop\forgery\data\Cedar\full_forg\forgeries_10_1.png,0,10
C:\Users\arfan\OneDrive\Desktop\forgery\data\Cedar\full_org\original_55_1.png,C:\Users\arfan\OneDrive\Desktop\forgery\data\Cedar\full_forg\forgeries_55_8.png,0,55
C:\Users\arfan\OneDrive\Desktop\forgery\data\Cedar\full_org\original_22_19.png,C:\Users\arfan\OneDrive\Desktop\forgery\data\Cedar\full_forg\forgeries_22_13.png,0,22
C:\Users\arfan\OneDrive\Desktop\forgery\data\Cedar\full_org\original_8_3.png,C:\Users\arfan\OneDrive\Desktop\forgery\data\Cedar\full_forg\forgeries_8_9.png,0,8
C:\Users\arfan\OneDrive\Desktop\forgery\data\Cedar\full_org\original_50_23.png,C:\Users\arfan\OneDrive\Desktop\forgery\data\Cedar\full_forg\forgeries_50_7.png,0,50
C:\Users\arfan\OneDrive\Desktop\forgery\data\Cedar\full_org\original_17_18.png,C:\Users\arfan\OneDrive\Desktop\forgery\data\Cedar\full_forg\forgeries_17_14.png,0,17
C:\Users\arfan\OneDrive\Desktop\forgery\data\Cedar\full_org\original_10_1.png,C:\Users\arfan\OneDrive\Desktop\forgery\data\Cedar\full_forg\forgeries_10_10.png,0,10
C:\Users\arfan\OneDrive\Desktop\forgery\data\Cedar\full_org\original_36_2.png,C:\Users\arfan\OneDrive\Desktop\forgery\data\Cedar\full_forg\forgeries_36_18.png,0,36
C:\Users\arfan\OneDrive\Desktop\forgery\data\Cedar\full_org\original_43_22.png,C:\Users\arfan\OneDrive\Desktop\forgery\data\Cedar\full_org\original_43_3.png,1,43
C:\Users\arfan\OneDrive\Desktop\forgery\data\Cedar\full_org\original_50_7.png,C:\Users\arfan\OneDrive\Desktop\forgery\data\Cedar\full_forg\forgeries_50_3.png,0,50
C:\Users\arfan\OneDrive\Desktop\forgery\data\Cedar\full_org\original_24_17.png,C:\Users\arfan\OneDrive\Desktop\forgery\data\Cedar\full_forg\forgeries_24_21.png,0,24
C:\Users\arfan\OneDrive\Desktop\forgery\data\Cedar\full_org\original_54_5.png,C:\Users\arfan\OneDrive\Desktop\forgery\data\Cedar\full_org\original_54_8.png,1,54
C:\Users\arfan\OneDrive\Desktop\forgery\data\Cedar\full_org\original_9_21.png,C:\Users\arfan\OneDrive\Desktop\forgery\data\Cedar\full_org\original_9_3.png,1,9
C:\Users\arfan\OneDrive\Desktop\forgery\data\Cedar\full_org\original_34_5.png,C:\Users\arfan\OneDrive\Desktop\forgery\data\Cedar\full_org\original_34_8.png,1,34
C:\Users\arfan\OneDrive\Desktop\forgery\data\Cedar\full_org\original_6_19.png,C:\Users\arfan\OneDrive\Desktop\forgery\data\Cedar\full_org\original_6_22.png,1,6
C:\Users\arfan\OneDrive\Desktop\forgery\data\Cedar\full_org\original_29_18.png,C:\Users\arfan\OneDrive\Desktop\forgery\data\Cedar\full_forg\forgeries_29_23.png,0,29
C:\Users\arfan\OneDrive\Desktop\forgery\data\Cedar\full_org\original_54_22.png,C:\Users\arfan\OneDrive\Desktop\forgery\data\Cedar\full_forg\forgeries_54_18.png,0,54
C:\Users\arfan\OneDrive\Desktop\forgery\data\Cedar\full_org\original_47_15.png,C:\Users\arfan\OneDrive\Desktop\forgery\data\Cedar\full_org\original_47_18.png,1,47
C:\Users\arfan\OneDrive\Desktop\forgery\data\Cedar\full_org\original_45_8.png,C:\Users\arfan\OneDrive\Desktop\forgery\data\Cedar\full_forg\forgeries_45_10.png,0,45
C:\Users\arfan\OneDrive\Desktop\forgery\data\Cedar\full_org\original_51_22.png,C:\Users\arfan\OneDrive\Desktop\forgery\data\Cedar\full_org\original_51_5.png,1,51
C:\Users\arfan\OneDrive\Desktop\forgery\data\Cedar\full_org\original_53_19.png,C:\Users\arfan\OneDrive\Desktop\forgery\data\Cedar\full_org\original_53_3.png,1,53
C:\Users\arfan\OneDrive\Desktop\forgery\data\Cedar\full_org\original_49_19.png,C:\Users\arfan\OneDrive\Desktop\forgery\data\Cedar\full_forg\forgeries_49_21.png,0,49
C:\Users\arfan\OneDrive\Desktop\forgery\data\Cedar\full_org\original_6_17.png,C:\Users\arfan\OneDrive\Desktop\forgery\data\Cedar\full_org\original_6_21.png,1,6
C:\Users\arfan\OneDrive\Desktop\forgery\data\Cedar\full_org\original_38_21.png,C:\Users\arfan\OneDrive\Desktop\forgery\data\Cedar\full_org\original_38_7.png,1,38
C:\Users\arfan\OneDrive\Desktop\forgery\data\Cedar\full_org\original_15_13.png,C:\Users\arfan\OneDrive\Desktop\forgery\data\Cedar\full_org\original_15_24.png,1,15
C:\Users\arfan\OneDrive\Desktop\forgery\data\Cedar\full_org\original_40_20.png,C:\Users\arfan\OneDrive\Desktop\forgery\data\Cedar\full_forg\forgeries_40_1.png,0,40
C:\Users\arfan\OneDrive\Desktop\forgery\data\Cedar\full_org\original_46_4.png,C:\Users\arfan\OneDrive\Desktop\forgery\data\Cedar\full_forg\forgeries_46_13.png,0,46
C:\Users\arfan\OneDrive\Desktop\forgery\data\Cedar\full_org\original_38_16.png,C:\Users\arfan\OneDrive\Desktop\forgery\data\Cedar\full_forg\forgeries_38_20.png,0,38
C:\Users\arfan\OneDrive\Desktop\forgery\data\Cedar\full_org\original_53_11.png,C:\Users\arfan\OneDrive\Desktop\forgery\data\Cedar\full_forg\forgeries_53_20.png,0,53
C:\Users\arfan\OneDrive\Desktop\forgery\data\Cedar\full_org\original_39_1.png,C:\Users\arfan\OneDrive\Desktop\forgery\data\Cedar\full_forg\forgeries_39_24.png,0,39
C:\Users\arfan\OneDrive\Desktop\forgery\data\Cedar\full_org\original_3_5.png,C:\Users\arfan\OneDrive\Desktop\forgery\data\Cedar\full_forg\forgeries_3_20.png,0,3
C:\Users\arfan\OneDrive\Desktop\forgery\data\Cedar\full_org\original_14_24.png,C:\Users\arfan\OneDrive\Desktop\forgery\data\Cedar\full_forg\forgeries_14_8.png,0,14
C:\Users\arfan\OneDrive\Desktop\forgery\data\Cedar\full_org\original_6_14.png,C:\Users\arfan\OneDrive\Desktop\forgery\data\Cedar\full_org\original_6_6.png,1,6
C:\Users\arfan\OneDrive\Desktop\forgery\data\Cedar\full_org\original_25_22.png,C:\Users\arfan\OneDrive\Desktop\forgery\data\Cedar\full_forg\forgeries_25_23.png,0,25
C:\Users\arfan\OneDrive\Desktop\forgery\data\Cedar\full_org\original_45_23.png,C:\Users\arfan\OneDrive\Desktop\forgery\data\Cedar\full_org\original_45_5.png,1,45
C:\Users\arfan\OneDrive\Desktop\forgery\data\Cedar\full_org\original_48_21.png,C:\Users\arfan\OneDrive\Desktop\forgery\data\Cedar\full_org\original_48_3.png,1,48
C:\Users\arfan\OneDrive\Desktop\forgery\data\Cedar\full_org\original_53_5.png,C:\Users\arfan\OneDrive\Desktop\forgery\data\Cedar\full_forg\forgeries_53_6.png,0,53
C:\Users\arfan\OneDrive\Desktop\forgery\data\Cedar\full_org\original_13_16.png,C:\Users\arfan\OneDrive\Desktop\forgery\data\Cedar\full_forg\forgeries_13_16.png,0,13
C:\Users\arfan\OneDrive\Desktop\forgery\data\Cedar\full_org\original_52_15.png,C:\Users\arfan\OneDrive\Desktop\forgery\data\Cedar\full_org\original_52_2.png,1,52
C:\Users\arfan\OneDrive\Desktop\forgery\data\Cedar\full_org\original_52_15.png,C:\Users\arfan\OneDrive\Desktop\forgery\data\Cedar\full_org\original_52_18.png,1,52
C:\Users\arfan\OneDrive\Desktop\forgery\data\Cedar\full_org\original_27_6.png,C:\Users\arfan\OneDrive\Desktop\forgery\data\Cedar\full_forg\forgeries_27_24.png,0,27
C:\Users\arfan\OneDrive\Desktop\forgery\data\Cedar\full_org\original_55_2.png,C:\Users\arfan\OneDrive\Desktop\forgery\data\Cedar\full_forg\forgeries_55_12.png,0,55
C:\Users\arfan\OneDrive\Desktop\forgery\data\Cedar\full_org\original_45_10.png,C:\Users\arfan\OneDrive\Desktop\forgery\data\Cedar\full_forg\forgeries_45_16.png,0,45
C:\Users\arfan\OneDrive\Desktop\forgery\data\Cedar\full_org\original_12_16.png,C:\Users\arfan\OneDrive\Desktop\forgery\data\Cedar\full_org\original_12_18.png,1,12
C:\Users\arfan\OneDrive\Desktop\forgery\data\Cedar\full_org\original_14_1.png,C:\Users\arfan\OneDrive\Desktop\forgery\data\Cedar\full_forg\forgeries_14_1.png,0,14
C:\Users\arfan\OneDrive\Desktop\forgery\data\Cedar\full_org\original_22_11.png,C:\Users\arfan\OneDrive\Desktop\forgery\data\Cedar\full_org\original_22_16.png,1,22
C:\Users\arfan\OneDrive\Desktop\forgery\data\Cedar\full_org\original_8_16.png,C:\Users\arfan\OneDrive\Desktop\forgery\data\Cedar\full_forg\forgeries_8_24.png,0,8
C:\Users\arfan\OneDrive\Desktop\forgery\data\Cedar\full_org\original_17_19.png,C:\Users\arfan\OneDrive\Desktop\forgery\data\Cedar\full_org\original_17_6.png,1,17
C:\Users\arfan\OneDrive\Desktop\forgery\data\Cedar\full_org\original_7_21.png,C:\Users\arfan\OneDrive\Desktop\forgery\data\Cedar\full_forg\forgeries_7_19.png,0,7
C:\Users\arfan\OneDrive\Desktop\forgery\data\Cedar\full_org\original_45_19.png,C:\Users\arfan\OneDrive\Desktop\forgery\data\Cedar\full_org\original_45_7.png,1,45
C:\Users\arfan\OneDrive\Desktop\forgery\data\Cedar\full_org\original_5_20.png,C:\Users\arfan\OneDrive\Desktop\forgery\data\Cedar\full_forg\forgeries_5_15.png,0,5
C:\Users\arfan\OneDrive\Desktop\forgery\data\Cedar\full_org\original_10_20.png,C:\Users\arfan\OneDrive\Desktop\forgery\data\Cedar\full_org\original_10_22.png,1,10
C:\Users\arfan\OneDrive\Desktop\forgery\data\Cedar\full_org\original_42_2.png,C:\Users\arfan\OneDrive\Desktop\forgery\data\Cedar\full_org\original_42_6.png,1,42
C:\Users\arfan\OneDrive\Desktop\forgery\data\Cedar\full_org\original_5_14.png,C:\Users\arfan\OneDrive\Desktop\forgery\data\Cedar\full_org\original_5_6.png,1,5
C:\Users\arfan\OneDrive\Desktop\forgery\data\Cedar\full_org\original_43_16.png,C:\Users\arfan\OneDrive\Desktop\forgery\data\Cedar\full_forg\forgeries_43_21.png,0,43
C:\Users\arfan\OneDrive\Desktop\forgery\data\Cedar\full_org\original_24_17.png,C:\Users\arfan\OneDrive\Desktop\forgery\data\Cedar\full_org\original_24_6.png,1,24
C:\Users\arfan\OneDrive\Desktop\forgery\data\Cedar\full_org\original_18_15.png,C:\Users\arfan\OneDrive\Desktop\forgery\data\Cedar\full_org\original_18_24.png,1,18
C:\Users\arfan\OneDrive\Desktop\forgery\data\Cedar\full_org\original_4_16.png,C:\Users\arfan\OneDrive\Desktop\forgery\data\Cedar\full_org\original_4_8.png,1,4
C:\Users\arfan\OneDrive\Desktop\forgery\data\Cedar\full_org\original_3_10.png,C:\Users\arfan\OneDrive\Desktop\forgery\data\Cedar\full_org\original_3_11.png,1,3
C:\Users\arfan\OneDrive\Desktop\forgery\data\Cedar\full_org\original_55_23.png,C:\Users\arfan\OneDrive\Desktop\forgery\data\Cedar\full_org\original_55_6.png,1,55
C:\Users\arfan\OneDrive\Desktop\forgery\data\Cedar\full_org\original_3_1.png,C:\Users\arfan\OneDrive\Desktop\forgery\data\Cedar\full_org\original_3_21.png,1,3
C:\Users\arfan\OneDrive\Desktop\forgery\data\Cedar\full_org\original_7_14.png,C:\Users\arfan\OneDrive\Desktop\forgery\data\Cedar\full_org\original_7_20.png,1,7
C:\Users\arfan\OneDrive\Desktop\forgery\data\Cedar\full_org\original_29_2.png,C:\Users\arfan\OneDrive\Desktop\forgery\data\Cedar\full_forg\forgeries_29_13.png,0,29
C:\Users\arfan\OneDrive\Desktop\forgery\data\Cedar\full_org\original_20_13.png,C:\Users\arfan\OneDrive\Desktop\forgery\data\Cedar\full_forg\forgeries_20_4.png,0,20
C:\Users\arfan\OneDrive\Desktop\forgery\data\Cedar\full_org\original_54_4.png,C:\Users\arfan\OneDrive\Desktop\forgery\data\Cedar\full_org\original_54_5.png,1,54
C:\Users\arfan\OneDrive\Desktop\forgery\data\Cedar\full_org\original_18_15.png,C:\Users\arfan\OneDrive\Desktop\forgery\data\Cedar\full_forg\forgeries_18_14.png,0,18
C:\Users\arfan\OneDrive\Desktop\forgery\data\Cedar\full_org\original_4_14.png,C:\Users\arfan\OneDrive\Desktop\forgery\data\Cedar\full_org\original_4_8.png,1,4
C:\Users\arfan\OneDrive\Desktop\forgery\data\Cedar\full_org\original_51_21.png,C:\Users\arfan\OneDrive\Desktop\forgery\data\Cedar\full_forg\forgeries_51_6.png,0,51
C:\Users\arfan\OneDrive\Desktop\forgery\data\Cedar\full_org\original_14_16.png,C:\Users\arfan\OneDrive\Desktop\forgery\data\Cedar\full_forg\forgeries_14_11.png,0,14
C:\Users\arfan\OneDrive\Desktop\forgery\data\Cedar\full_org\original_24_7.png,C:\Users\arfan\OneDrive\Desktop\forgery\data\Cedar\full_forg\forgeries_24_21.png,0,24
C:\Users\arfan\OneDrive\Desktop\forgery\data\Cedar\full_org\original_32_15.png,C:\Users\arfan\OneDrive\Desktop\forgery\data\Cedar\full_org\original_32_9.png,1,32
C:\Users\arfan\OneDrive\Desktop\forgery\data\Cedar\full_org\original_9_21.png,C:\Users\arfan\OneDrive\Desktop\forgery\data\Cedar\full_forg\forgeries_9_6.png,0,9
C:\Users\arfan\OneDrive\Desktop\forgery\data\Cedar\full_org\original_7_20.png,C:\Users\arfan\OneDrive\Desktop\forgery\data\Cedar\full_org\original_7_23.png,1,7
C:\Users\arfan\OneDrive\Desktop\forgery\data\Cedar\full_org\original_26_2.png,C:\Users\arfan\OneDrive\Desktop\forgery\data\Cedar\full_forg\forgeries_26_15.png,0,26
C:\Users\arfan\OneDrive\Desktop\forgery\data\Cedar\full_org\original_40_19.png,C:\Users\arfan\OneDrive\Desktop\forgery\data\Cedar\full_org\original_40_2.png,1,40
C:\Users\arfan\OneDrive\Desktop\forgery\data\Cedar\full_org\original_25_12.png,C:\Users\arfan\OneDrive\Desktop\forgery\data\Cedar\full_org\original_25_3.png,1,25
C:\Users\arfan\OneDrive\Desktop\forgery\data\Cedar\full_org\original_5_11.png,C:\Users\arfan\OneDrive\Desktop\forgery\data\Cedar\full_forg\forgeries_5_8.png,0,5
C:\Users\arfan\OneDrive\Desktop\forgery\data\Cedar\full_org\original_46_24.png,C:\Users\arfan\OneDrive\Desktop\forgery\data\Cedar\full_org\original_46_4.png,1,46
C:\Users\arfan\OneDrive\Desktop\forgery\data\Cedar\full_org\original_14_4.png,C:\Users\arfan\OneDrive\Desktop\forgery\data\Cedar\full_forg\forgeries_14_5.png,0,14
C:\Users\arfan\OneDrive\Desktop\forgery\data\Cedar\full_org\original_8_1.png,C:\Users\arfan\OneDrive\Desktop\forgery\data\Cedar\full_org\original_8_11.png,1,8
C:\Users\arfan\OneDrive\Desktop\forgery\data\Cedar\full_org\original_22_24.png,C:\Users\arfan\OneDrive\Desktop\forgery\data\Cedar\full_org\original_22_6.png,1,22
C:\Users\arfan\OneDrive\Desktop\forgery\data\Cedar\full_org\original_40_2.png,C:\Users\arfan\OneDrive\Desktop\forgery\data\Cedar\full_forg\forgeries_40_8.png,0,40
C:\Users\arfan\OneDrive\Desktop\forgery\data\Cedar\full_org\original_7_20.png,C:\Users\arfan\OneDrive\Desktop\forgery\data\Cedar\full_org\original_7_6.png,1,7
C:\Users\arfan\OneDrive\Desktop\forgery\data\Cedar\full_org\original_32_14.png,C:\Users\arfan\OneDrive\Desktop\forgery\data\Cedar\full_org\original_32_6.png,1,32
C:\Users\arfan\OneDrive\Desktop\forgery\data\Cedar\full_org\original_50_24.png,C:\Users\arfan\OneDrive\Desktop\forgery\data\Cedar\full_org\original_50_6.png,1,50
C:\Users\arfan\OneDrive\Desktop\forgery\data\Cedar\full_org\original_24_14.png,C:\Users\arfan\OneDrive\Desktop\forgery\data\Cedar\full_forg\forgeries_24_13.png,0,24
C:\Users\arfan\OneDrive\Desktop\forgery\data\Cedar\full_org\original_4_16.png,C:\Users\arfan\OneDrive\Desktop\forgery\data\Cedar\full_forg\forgeries_4_23.png,0,4
C:\Users\arfan\OneDrive\Desktop\forgery\data\Cedar\full_org\original_15_23.png,C:\Users\arfan\OneDrive\Desktop\forgery\data\Cedar\full_forg\forgeries_15_1.png,0,15
C:\Users\arfan\OneDrive\Desktop\forgery\data\Cedar\full_org\original_45_9.png,C:\Users\arfan\OneDrive\Desktop\forgery\data\Cedar\full_forg\forgeries_45_16.png,0,45
C:\Users\arfan\OneDrive\Desktop\forgery\data\Cedar\full_org\original_47_19.png,C:\Users\arfan\OneDrive\Desktop\forgery\data\Cedar\full_forg\forgeries_47_13.png,0,47
C:\Users\arfan\OneDrive\Desktop\forgery\data\Cedar\full_org\original_29_12.png,C:\Users\arfan\OneDrive\Desktop\forgery\data\Cedar\full_org\original_29_23.png,1,29
C:\Users\arfan\OneDrive\Desktop\forgery\data\Cedar\full_org\original_14_16.png,C:\Users\arfan\OneDrive\Desktop\forgery\data\Cedar\full_forg\forgeries_14_24.png,0,14
C:\Users\arfan\OneDrive\Desktop\forgery\data\Cedar\full_org\original_36_11.png,C:\Users\arfan\OneDrive\Desktop\forgery\data\Cedar\full_forg\forgeries_36_5.png,0,36
C:\Users\arfan\OneDrive\Desktop\forgery\data\Cedar\full_org\original_54_12.png,C:\Users\arfan\OneDrive\Desktop\forgery\data\Cedar\full_org\original_54_21.png,1,54
C:\Users\arfan\OneDrive\Desktop\forgery\data\Cedar\full_org\original_41_3.png,C:\Users\arfan\OneDrive\Desktop\forgery\data\Cedar\full_forg\forgeries_41_23.png,0,41
C:\Users\arfan\OneDrive\Desktop\forgery\data\Cedar\full_org\original_15_24.png,C:\Users\arfan\OneDrive\Desktop\forgery\data\Cedar\full_forg\forgeries_15_19.png,0,15
C:\Users\arfan\OneDrive\Desktop\forgery\data\Cedar\full_org\original_3_24.png,C:\Users\arfan\OneDrive\Desktop\forgery\data\Cedar\full_org\original_3_4.png,1,3
C:\Users\arfan\OneDrive\Desktop\forgery\data\Cedar\full_org\original_18_21.png,C:\Users\arfan\OneDrive\Desktop\forgery\data\Cedar\full_forg\forgeries_18_18.png,0,18
C:\Users\arfan\OneDrive\Desktop\forgery\data\Cedar\full_org\original_1_21.png,C:\Users\arfan\OneDrive\Desktop\forgery\data\Cedar\full_org\original_1_23.png,1,1
C:\Users\arfan\OneDrive\Desktop\forgery\data\Cedar\full_org\original_6_17.png,C:\Users\arfan\OneDrive\Desktop\forgery\data\Cedar\full_org\original_6_7.png,1,6
C:\Users\arfan\OneDrive\Desktop\forgery\data\Cedar\full_org\original_22_10.png,C:\Users\arfan\OneDrive\Desktop\forgery\data\Cedar\full_org\original_22_12.png,1,22
C:\Users\arfan\OneDrive\Desktop\forgery\data\Cedar\full_org\original_14_1.png,C:\Users\arfan\OneDrive\Desktop\forgery\data\Cedar\full_org\original_14_19.png,1,14
C:\Users\arfan\OneDrive\Desktop\forgery\data\Cedar\full_org\original_47_17.png,C:\Users\arfan\OneDrive\Desktop\forgery\data\Cedar\full_org\original_47_4.png,1,47
C:\Users\arfan\OneDrive\Desktop\forgery\data\Cedar\full_org\original_17_19.png,C:\Users\arfan\OneDrive\Desktop\forgery\data\Cedar\full_org\original_17_24.png,1,17
C:\Users\arfan\OneDrive\Desktop\forgery\data\Cedar\full_org\original_52_1.png,C:\Users\arfan\OneDrive\Desktop\forgery\data\Cedar\full_forg\forgeries_52_20.png,0,52
C:\Users\arfan\OneDrive\Desktop\forgery\data\Cedar\full_org\original_38_14.png,C:\Users\arfan\OneDrive\Desktop\forgery\data\Cedar\full_forg\forgeries_38_11.png,0,38
C:\Users\arfan\OneDrive\Desktop\forgery\data\Cedar\full_org\original_18_17.png,C:\Users\arfan\OneDrive\Desktop\forgery\data\Cedar\full_org\original_18_22.png,1,18
C:\Users\arfan\OneDrive\Desktop\forgery\data\Cedar\full_org\original_51_2.png,C:\Users\arfan\OneDrive\Desktop\forgery\data\Cedar\full_forg\forgeries_51_1.png,0,51
C:\Users\arfan\OneDrive\Desktop\forgery\data\Cedar\full_org\original_7_22.png,C:\Users\arfan\OneDrive\Desktop\forgery\data\Cedar\full_forg\forgeries_7_8.png,0,7
C:\Users\arfan\OneDrive\Desktop\forgery\data\Cedar\full_org\original_7_2.png,C:\Users\arfan\OneDrive\Desktop\forgery\data\Cedar\full_org\original_7_21.png,1,7
C:\Users\arfan\OneDrive\Desktop\forgery\data\Cedar\full_org\original_45_4.png,C:\Users\arfan\OneDrive\Desktop\forgery\data\Cedar\full_forg\forgeries_45_23.png,0,45
C:\Users\arfan\OneDrive\Desktop\forgery\data\Cedar\full_org\original_51_18.png,C:\Users\arfan\OneDrive\Desktop\forgery\data\Cedar\full_forg\forgeries_51_10.png,0,51
C:\Users\arfan\OneDrive\Desktop\forgery\data\Cedar\full_org\original_21_23.png,C:\Users\arfan\OneDrive\Desktop\forgery\data\Cedar\full_forg\forgeries_21_2.png,0,21
C:\Users\arfan\OneDrive\Desktop\forgery\data\Cedar\full_org\original_55_12.png,C:\Users\arfan\OneDrive\Desktop\forgery\data\Cedar\full_forg\forgeries_55_8.png,0,55
C:\Users\arfan\OneDrive\Desktop\forgery\data\Cedar\full_org\original_39_23.png,C:\Users\arfan\OneDrive\Desktop\forgery\data\Cedar\full_org\original_39_7.png,1,39
C:\Users\arfan\OneDrive\Desktop\forgery\data\Cedar\full_org\original_17_14.png,C:\Users\arfan\OneDrive\Desktop\forgery\data\Cedar\full_org\original_17_4.png,1,17
C:\Users\arfan\OneDrive\Desktop\forgery\data\Cedar\full_org\original_32_22.png,C:\Users\arfan\OneDrive\Desktop\forgery\data\Cedar\full_org\original_32_24.png,1,32
C:\Users\arfan\OneDrive\Desktop\forgery\data\Cedar\full_org\original_10_4.png,C:\Users\arfan\OneDrive\Desktop\forgery\data\Cedar\full_org\original_10_5.png,1,10
C:\Users\arfan\OneDrive\Desktop\forgery\data\Cedar\full_org\original_13_5.png,C:\Users\arfan\OneDrive\Desktop\forgery\data\Cedar\full_forg\forgeries_13_6.png,0,13
C:\Users\arfan\OneDrive\Desktop\forgery\data\Cedar\full_org\original_34_10.png,C:\Users\arfan\OneDrive\Desktop\forgery\data\Cedar\full_org\original_34_21.png,1,34
C:\Users\arfan\OneDrive\Desktop\forgery\data\Cedar\full_org\original_7_21.png,C:\Users\arfan\OneDrive\Desktop\forgery\data\Cedar\full_forg\forgeries_7_6.png,0,7
C:\Users\arfan\OneDrive\Desktop\forgery\data\Cedar\full_org\original_40_16.png,C:\Users\arfan\OneDrive\Desktop\forgery\data\Cedar\full_forg\forgeries_40_12.png,0,40
C:\Users\arfan\OneDrive\Desktop\forgery\data\Cedar\full_org\original_55_1.png,C:\Users\arfan\OneDrive\Desktop\forgery\data\Cedar\full_org\original_55_4.png,1,55
C:\Users\arfan\OneDrive\Desktop\forgery\data\Cedar\full_org\original_51_18.png,C:\Users\arfan\OneDrive\Desktop\forgery\data\Cedar\full_org\original_51_22.png,1,51
C:\Users\arfan\OneDrive\Desktop\forgery\data\Cedar\full_org\original_51_13.png,C:\Users\arfan\OneDrive\Desktop\forgery\data\Cedar\full_org\original_51_3.png,1,51
C:\Users\arfan\OneDrive\Desktop\forgery\data\Cedar\full_org\original_54_19.png,C:\Users\arfan\OneDrive\Desktop\forgery\data\Cedar\full_org\original_54_2.png,1,54
C:\Users\arfan\OneDrive\Desktop\forgery\data\Cedar\full_org\original_49_19.png,C:\Users\arfan\OneDrive\Desktop\forgery\data\Cedar\full_org\original_49_9.png,1,49
C:\Users\arfan\OneDrive\Desktop\forgery\data\Cedar\full_org\original_5_14.png,C:\Users\arfan\OneDrive\Desktop\forgery\data\Cedar\full_forg\forgeries_5_13.png,0,5
C:\Users\arfan\OneDrive\Desktop\forgery\data\Cedar\full_org\original_24_15.png,C:\Users\arfan\OneDrive\Desktop\forgery\data\Cedar\full_org\original_24_24.png,1,24
C:\Users\arfan\OneDrive\Desktop\forgery\data\Cedar\full_org\original_54_13.png,C:\Users\arfan\OneDrive\Desktop\forgery\data\Cedar\full_org\original_54_8.png,1,54
C:\Users\arfan\OneDrive\Desktop\forgery\data\Cedar\full_org\original_45_12.png,C:\Users\arfan\OneDrive\Desktop\forgery\data\Cedar\full_org\original_45_13.png,1,45
C:\Users\arfan\OneDrive\Desktop\forgery\data\Cedar\full_org\original_48_14.png,C:\Users\arfan\OneDrive\Desktop\forgery\data\Cedar\full_org\original_48_2.png,1,48
C:\Users\arfan\OneDrive\Desktop\forgery\data\Cedar\full_org\original_6_2.png,C:\Users\arfan\OneDrive\Desktop\forgery\data\Cedar\full_forg\forgeries_6_9.png,0,6
C:\Users\arfan\OneDrive\Desktop\forgery\data\Cedar\full_org\original_50_20.png,C:\Users\arfan\OneDrive\Desktop\forgery\data\Cedar\full_forg\forgeries_50_12.png,0,50
C:\Users\arfan\OneDrive\Desktop\forgery\data\Cedar\full_org\original_32_14.png,C:\Users\arfan\OneDrive\Desktop\forgery\data\Cedar\full_forg\forgeries_32_4.png,0,32
C:\Users\arfan\OneDrive\Desktop\forgery\data\Cedar\full_org\original_6_10.png,C:\Users\arfan\OneDrive\Desktop\forgery\data\Cedar\full_org\original_6_19.png,1,6
C:\Users\arfan\OneDrive\Desktop\forgery\data\Cedar\full_org\original_48_2.png,C:\Users\arfan\OneDrive\Desktop\forgery\data\Cedar\full_org\original_48_5.png,1,48
C:\Users\arfan\OneDrive\Desktop\forgery\data\Cedar\full_org\original_5_11.png,C:\Users\arfan\OneDrive\Desktop\forgery\data\Cedar\full_org\original_5_12.png,1,5
C:\Users\arfan\OneDrive\Desktop\forgery\data\Cedar\full_org\original_1_20.png,C:\Users\arfan\OneDrive\Desktop\forgery\data\Cedar\full_forg\forgeries_1_24.png,0,1
C:\Users\arfan\OneDrive\Desktop\forgery\data\Cedar\full_org\original_32_11.png,C:\Users\arfan\OneDrive\Desktop\forgery\data\Cedar\full_org\original_32_12.png,1,32
C:\Users\arfan\OneDrive\Desktop\forgery\data\Cedar\full_org\original_51_21.png,C:\Users\arfan\OneDrive\Desktop\forgery\data\Cedar\full_forg\forgeries_51_23.png,0,51
C:\Users\arfan\OneDrive\Desktop\forgery\data\Cedar\full_org\original_52_23.png,C:\Users\arfan\OneDrive\Desktop\forgery\data\Cedar\full_forg\forgeries_52_18.png,0,52
C:\Users\arfan\OneDrive\Desktop\forgery\data\Cedar\full_org\original_34_17.png,C:\Users\arfan\OneDrive\Desktop\forgery\data\Cedar\full_forg\forgeries_34_4.png,0,34
C:\Users\arfan\OneDrive\Desktop\forgery\data\Cedar\full_org\original_50_13.png,C:\Users\arfan\OneDrive\Desktop\forgery\data\Cedar\full_forg\forgeries_50_21.png,0,50
C:\Users\arfan\OneDrive\Desktop\forgery\data\Cedar\full_org\original_49_22.png,C:\Users\arfan\OneDrive\Desktop\forgery\data\Cedar\full_org\original_49_9.png,1,49
C:\Users\arfan\OneDrive\Desktop\forgery\data\Cedar\full_org\original_41_18.png,C:\Users\arfan\OneDrive\Desktop\forgery\data\Cedar\full_org\original_41_8.png,1,41
C:\Users\arfan\OneDrive\Desktop\forgery\data\Cedar\full_org\original_29_17.png,C:\Users\arfan\OneDrive\Desktop\forgery\data\Cedar\full_forg\forgeries_29_1.png,0,29
C:\Users\arfan\OneDrive\Desktop\forgery\data\Cedar\full_org\original_29_19.png,C:\Users\arfan\OneDrive\Desktop\forgery\data\Cedar\full_forg\forgeries_29_1.png,0,29
C:\Users\arfan\OneDrive\Desktop\forgery\data\Cedar\full_org\original_49_9.png,C:\Users\arfan\OneDrive\Desktop\forgery\data\Cedar\full_forg\forgeries_49_7.png,0,49
C:\Users\arfan\OneDrive\Desktop\forgery\data\Cedar\full_org\original_51_20.png,C:\Users\arfan\OneDrive\Desktop\forgery\data\Cedar\full_org\original_51_8.png,1,51
C:\Users\arfan\OneDrive\Desktop\forgery\data\Cedar\full_org\original_51_1.png,C:\Users\arfan\OneDrive\Desktop\forgery\data\Cedar\full_org\original_51_3.png,1,51
C:\Users\arfan\OneDrive\Desktop\forgery\data\Cedar\full_org\original_48_10.png,C:\Users\arfan\OneDrive\Desktop\forgery\data\Cedar\full_org\original_48_8.png,1,48
C:\Users\arfan\OneDrive\Desktop\forgery\data\Cedar\full_org\original_8_10.png,C:\Users\arfan\OneDrive\Desktop\forgery\data\Cedar\full_forg\forgeries_8_19.png,0,8
C:\Users\arfan\OneDrive\Desktop\forgery\data\Cedar\full_org\original_48_12.png,C:\Users\arfan\OneDrive\Desktop\forgery\data\Cedar\full_org\original_48_5.png,1,48
C:\Users\arfan\OneDrive\Desktop\forgery\data\Cedar\full_org\original_53_15.png,C:\Users\arfan\OneDrive\Desktop\forgery\data\Cedar\full_org\original_53_23.png,1,53
C:\Users\arfan\OneDrive\Desktop\forgery\data\Cedar\full_org\original_50_13.png,C:\Users\arfan\OneDrive\Desktop\forgery\data\Cedar\full_org\original_50_17.png,1,50
C:\Users\arfan\OneDrive\Desktop\forgery\data\Cedar\full_org\original_54_17.png,C:\Users\arfan\OneDrive\Desktop\forgery\data\Cedar\full_org\original_54_18.png,1,54
C:\Users\arfan\OneDrive\Desktop\forgery\data\Cedar\full_org\original_4_15.png,C:\Users\arfan\OneDrive\Desktop\forgery\data\Cedar\full_forg\forgeries_4_16.png,0,4
C:\Users\arfan\OneDrive\Desktop\forgery\data\Cedar\full_org\original_8_18.png,C:\Users\arfan\OneDrive\Desktop\forgery\data\Cedar\full_org\original_8_19.png,1,8
C:\Users\arfan\OneDrive\Desktop\forgery\data\Cedar\full_org\original_7_9.png,C:\Users\arfan\OneDrive\Desktop\forgery\data\Cedar\full_forg\forgeries_7_15.png,0,7
C:\Users\arfan\OneDrive\Desktop\forgery\data\Cedar\full_org\original_6_12.png,C:\Users\arfan\OneDrive\Desktop\forgery\data\Cedar\full_forg\forgeries_6_3.png,0,6
C:\Users\arfan\OneDrive\Desktop\forgery\data\Cedar\full_org\original_37_7.png,C:\Users\arfan\OneDrive\Desktop\forgery\data\Cedar\full_forg\forgeries_37_7.png,0,37
C:\Users\arfan\OneDrive\Desktop\forgery\data\Cedar\full_org\original_32_16.png,C:\Users\arfan\OneDrive\Desktop\forgery\data\Cedar\full_org\original_32_18.png,1,32
C:\Users\arfan\OneDrive\Desktop\forgery\data\Cedar\full_org\original_42_1.png,C:\Users\arfan\OneDrive\Desktop\forgery\data\Cedar\full_org\original_42_16.png,1,42
C:\Users\arfan\OneDrive\Desktop\forgery\data\Cedar\full_org\original_6_11.png,C:\Users\arfan\OneDrive\Desktop\forgery\data\Cedar\full_org\original_6_22.png,1,6
C:\Users\arfan\OneDrive\Desktop\forgery\data\Cedar\full_org\original_26_1.png,C:\Users\arfan\OneDrive\Desktop\forgery\data\Cedar\full_forg\forgeries_26_17.png,0,26
C:\Users\arfan\OneDrive\Desktop\forgery\data\Cedar\full_org\original_34_14.png,C:\Users\arfan\OneDrive\Desktop\forgery\data\Cedar\full_org\original_34_5.png,1,34
C:\Users\arfan\OneDrive\Desktop\forgery\data\Cedar\full_org\original_27_17.png,C:\Users\arfan\OneDrive\Desktop\forgery\data\Cedar\full_org\original_27_22.png,1,27
C:\Users\arfan\OneDrive\Desktop\forgery\data\Cedar\full_org\original_44_4.png,C:\Users\arfan\OneDrive\Desktop\forgery\data\Cedar\full_forg\forgeries_44_22.png,0,44
C:\Users\arfan\OneDrive\Desktop\forgery\data\Cedar\full_org\original_48_9.png,C:\Users\arfan\OneDrive\Desktop\forgery\data\Cedar\full_forg\forgeries_48_23.png,0,48
C:\Users\arfan\OneDrive\Desktop\forgery\data\Cedar\full_org\original_46_13.png,C:\Users\arfan\OneDrive\Desktop\forgery\data\Cedar\full_forg\forgeries_46_18.png,0,46
C:\Users\arfan\OneDrive\Desktop\forgery\data\Cedar\full_org\original_26_15.png,C:\Users\arfan\OneDrive\Desktop\forgery\data\Cedar\full_org\original_26_20.png,1,26
C:\Users\arfan\OneDrive\Desktop\forgery\data\Cedar\full_org\original_43_3.png,C:\Users\arfan\OneDrive\Desktop\forgery\data\Cedar\full_org\original_43_9.png,1,43
C:\Users\arfan\OneDrive\Desktop\forgery\data\Cedar\full_org\original_26_15.png,C:\Users\arfan\OneDrive\Desktop\forgery\data\Cedar\full_forg\forgeries_26_22.png,0,26
C:\Users\arfan\OneDrive\Desktop\forgery\data\Cedar\full_org\original_46_3.png,C:\Users\arfan\OneDrive\Desktop\forgery\data\Cedar\full_forg\forgeries_46_4.png,0,46
C:\Users\arfan\OneDrive\Desktop\forgery\data\Cedar\full_org\original_36_10.png,C:\Users\arfan\OneDrive\Desktop\forgery\data\Cedar\full_forg\forgeries_36_24.png,0,36
C:\Users\arfan\OneDrive\Desktop\forgery\data\Cedar\full_org\original_6_21.png,C:\Users\arfan\OneDrive\Desktop\forgery\data\Cedar\full_forg\forgeries_6_10.png,0,6
C:\Users\arfan\OneDrive\Desktop\forgery\data\Cedar\full_org\original_51_16.png,C:\Users\arfan\OneDrive\Desktop\forgery\data\Cedar\full_forg\forgeries_51_3.png,0,51
C:\Users\arfan\OneDrive\Desktop\forgery\data\Cedar\full_org\original_25_12.png,C:\Users\arfan\OneDrive\Desktop\forgery\data\Cedar\full_org\original_25_22.png,1,25
C:\Users\arfan\OneDrive\Desktop\forgery\data\Cedar\full_org\original_13_10.png,C:\Users\arfan\OneDrive\Desktop\forgery\data\Cedar\full_org\original_13_5.png,1,13
C:\Users\arfan\OneDrive\Desktop\forgery\data\Cedar\full_org\original_42_22.png,C:\Users\arfan\OneDrive\Desktop\forgery\data\Cedar\full_forg\forgeries_42_3.png,0,42
C:\Users\arfan\OneDrive\Desktop\forgery\data\Cedar\full_org\original_27_11.png,C:\Users\arfan\OneDrive\Desktop\forgery\data\Cedar\full_org\original_27_22.png,1,27
C:\Users\arfan\OneDrive\Desktop\forgery\data\Cedar\full_org\original_48_3.png,C:\Users\arfan\OneDrive\Desktop\forgery\data\Cedar\full_forg\forgeries_48_16.png,0,48
C:\Users\arfan\OneDrive\Desktop\forgery\data\Cedar\full_org\original_36_3.png,C:\Users\arfan\OneDrive\Desktop\forgery\data\Cedar\full_forg\forgeries_36_22.png,0,36
C:\Users\arfan\OneDrive\Desktop\forgery\data\Cedar\full_org\original_39_20.png,C:\Users\arfan\OneDrive\Desktop\forgery\data\Cedar\full_forg\forgeries_39_20.png,0,39
C:\Users\arfan\OneDrive\Desktop\forgery\data\Cedar\full_org\original_55_14.png,C:\Users\arfan\OneDrive\Desktop\forgery\data\Cedar\full_forg\forgeries_55_1.png,0,55
C:\Users\arfan\OneDrive\Desktop\forgery\data\Cedar\full_org\original_53_1.png,C:\Users\arfan\OneDrive\Desktop\forgery\data\Cedar\full_org\original_53_15.png,1,53
C:\Users\arfan\OneDrive\Desktop\forgery\data\Cedar\full_org\original_3_10.png,C:\Users\arfan\OneDrive\Desktop\forgery\data\Cedar\full_org\original_3_3.png,1,3
C:\Users\arfan\OneDrive\Desktop\forgery\data\Cedar\full_org\original_55_13.png,C:\Users\arfan\OneDrive\Desktop\forgery\data\Cedar\full_org\original_55_5.png,1,55
C:\Users\arfan\OneDrive\Desktop\forgery\data\Cedar\full_org\original_42_6.png,C:\Users\arfan\OneDrive\Desktop\forgery\data\Cedar\full_forg\forgeries_42_6.png,0,42
C:\Users\arfan\OneDrive\Desktop\forgery\data\Cedar\full_org\original_17_22.png,C:\Users\arfan\OneDrive\Desktop\forgery\data\Cedar\full_org\original_17_4.png,1,17
C:\Users\arfan\OneDrive\Desktop\forgery\data\Cedar\full_org\original_21_15.png,C:\Users\arfan\OneDrive\Desktop\forgery\data\Cedar\full_forg\forgeries_21_7.png,0,21
C:\Users\arfan\OneDrive\Desktop\forgery\data\Cedar\full_org\original_37_22.png,C:\Users\arfan\OneDrive\Desktop\forgery\data\Cedar\full_forg\forgeries_37_8.png,0,37
C:\Users\arfan\OneDrive\Desktop\forgery\data\Cedar\full_org\original_39_23.png,C:\Users\arfan\OneDrive\Desktop\forgery\data\Cedar\full_forg\forgeries_39_24.png,0,39
C:\Users\arfan\OneDrive\Desktop\forgery\data\Cedar\full_org\original_21_23.png,C:\Users\arfan\OneDrive\Desktop\forgery\data\Cedar\full_forg\forgeries_21_22.png,0,21
C:\Users\arfan\OneDrive\Desktop\forgery\data\Cedar\full_org\original_37_21.png,C:\Users\arfan\OneDrive\Desktop\forgery\data\Cedar\full_org\original_37_3.png,1,37
C:\Users\arfan\OneDrive\Desktop\forgery\data\Cedar\full_org\original_6_13.png,C:\Users\arfan\OneDrive\Desktop\forgery\data\Cedar\full_org\original_6_20.png,1,6
C:\Users\arfan\OneDrive\Desktop\forgery\data\Cedar\full_org\original_48_4.png,C:\Users\arfan\OneDrive\Desktop\forgery\data\Cedar\full_org\original_48_6.png,1,48
C:\Users\arfan\OneDrive\Desktop\forgery\data\Cedar\full_org\original_42_1.png,C:\Users\arfan\OneDrive\Desktop\forgery\data\Cedar\full_forg\forgeries_42_12.png,0,42
C:\Users\arfan\OneDrive\Desktop\forgery\data\Cedar\full_org\original_32_12.png,C:\Users\arfan\OneDrive\Desktop\forgery\data\Cedar\full_org\original_32_20.png,1,32
C:\Users\arfan\OneDrive\Desktop\forgery\data\Cedar\full_org\original_7_21.png,C:\Users\arfan\OneDrive\Desktop\forgery\data\Cedar\full_org\original_7_6.png,1,7
C:\Users\arfan\OneDrive\Desktop\forgery\data\Cedar\full_org\original_29_2.png,C:\Users\arfan\OneDrive\Desktop\forgery\data\Cedar\full_org\original_29_9.png,1,29
C:\Users\arfan\OneDrive\Desktop\forgery\data\Cedar\full_org\original_41_1.png,C:\Users\arfan\OneDrive\Desktop\forgery\data\Cedar\full_org\original_41_24.png,1,41
C:\Users\arfan\OneDrive\Desktop\forgery\data\Cedar\full_org\original_55_20.png,C:\Users\arfan\OneDrive\Desktop\forgery\data\Cedar\full_org\original_55_23.png,1,55
C:\Users\arfan\OneDrive\Desktop\forgery\data\Cedar\full_org\original_36_14.png,C:\Users\arfan\OneDrive\Desktop\forgery\data\Cedar\full_org\original_36_16.png,1,36
C:\Users\arfan\OneDrive\Desktop\forgery\data\Cedar\full_org\original_34_17.png,C:\Users\arfan\OneDrive\Desktop\forgery\data\Cedar\full_org\original_34_21.png,1,34
C:\Users\arfan\OneDrive\Desktop\forgery\data\Cedar\full_org\original_13_11.png,C:\Users\arfan\OneDrive\Desktop\forgery\data\Cedar\full_org\original_13_2.png,1,13
C:\Users\arfan\OneDrive\Desktop\forgery\data\Cedar\full_org\original_38_16.png,C:\Users\arfan\OneDrive\Desktop\forgery\data\Cedar\full_org\original_38_18.png,1,38
C:\Users\arfan\OneDrive\Desktop\forgery\data\Cedar\full_org\original_55_7.png,C:\Users\arfan\OneDrive\Desktop\forgery\data\Cedar\full_forg\forgeries_55_2.png,0,55
C:\Users\arfan\OneDrive\Desktop\forgery\data\Cedar\full_org\original_22_10.png,C:\Users\arfan\OneDrive\Desktop\forgery\data\Cedar\full_org\original_22_16.png,1,22
C:\Users\arfan\OneDrive\Desktop\forgery\data\Cedar\full_org\original_25_4.png,C:\Users\arfan\OneDrive\Desktop\forgery\data\Cedar\full_forg\forgeries_25_16.png,0,25
C:\Users\arfan\OneDrive\Desktop\forgery\data\Cedar\full_org\original_43_6.png,C:\Users\arfan\OneDrive\Desktop\forgery\data\Cedar\full_forg\forgeries_43_6.png,0,43
C:\Users\arfan\OneDrive\Desktop\forgery\data\Cedar\full_org\original_43_1.png,C:\Users\arfan\OneDrive\Desktop\forgery\data\Cedar\full_org\original_43_3.png,1,43
C:\Users\arfan\OneDrive\Desktop\forgery\data\Cedar\full_org\original_40_17.png,C:\Users\arfan\OneDrive\Desktop\forgery\data\Cedar\full_org\original_40_5.png,1,40
C:\Users\arfan\OneDrive\Desktop\forgery\data\Cedar\full_org\original_37_12.png,C:\Users\arfan\OneDrive\Desktop\forgery\data\Cedar\full_org\original_37_18.png,1,37
C:\Users\arfan\OneDrive\Desktop\forgery\data\Cedar\full_org\original_17_7.png,C:\Users\arfan\OneDrive\Desktop\forgery\data\Cedar\full_org\original_17_8.png,1,17
C:\Users\arfan\OneDrive\Desktop\forgery\data\Cedar\full_org\original_14_6.png,C:\Users\arfan\OneDrive\Desktop\forgery\data\Cedar\full_org\original_14_9.png,1,14
C:\Users\arfan\OneDrive\Desktop\forgery\data\Cedar\full_org\original_43_2.png,C:\Users\arfan\OneDrive\Desktop\forgery\data\Cedar\full_org\original_43_4.png,1,43
C:\Users\arfan\OneDrive\Desktop\forgery\data\Cedar\full_org\original_12_1.png,C:\Users\arfan\OneDrive\Desktop\forgery\data\Cedar\full_org\original_12_11.png,1,12
C:\Users\arfan\OneDrive\Desktop\forgery\data\Cedar\full_org\original_42_14.png,C:\Users\arfan\OneDrive\Desktop\forgery\data\Cedar\full_org\original_42_20.png,1,42
C:\Users\arfan\OneDrive\Desktop\forgery\data\Cedar\full_org\original_17_5.png,C:\Users\arfan\OneDrive\Desktop\forgery\data\Cedar\full_forg\forgeries_17_6.png,0,17
C:\Users\arfan\OneDrive\Desktop\forgery\data\Cedar\full_org\original_53_4.png,C:\Users\arfan\OneDrive\Desktop\forgery\data\Cedar\full_forg\forgeries_53_14.png,0,53
C:\Users\arfan\OneDrive\Desktop\forgery\data\Cedar\full_org\original_21_24.png,C:\Users\arfan\OneDrive\Desktop\forgery\data\Cedar\full_org\original_21_3.png,1,21
C:\Users\arfan\OneDrive\Desktop\forgery\data\Cedar\full_org\original_1_15.png,C:\Users\arfan\OneDrive\Desktop\forgery\data\Cedar\full_org\original_1_24.png,1,1
C:\Users\arfan\OneDrive\Desktop\forgery\data\Cedar\full_org\original_22_19.png,C:\Users\arfan\OneDrive\Desktop\forgery\data\Cedar\full_org\original_22_21.png,1,22
C:\Users\arfan\OneDrive\Desktop\forgery\data\Cedar\full_org\original_21_14.png,C:\Users\arfan\OneDrive\Desktop\forgery\data\Cedar\full_forg\forgeries_21_6.png,0,21
C:\Users\arfan\OneDrive\Desktop\forgery\data\Cedar\full_org\original_27_18.png,C:\Users\arfan\OneDrive\Desktop\forgery\data\Cedar\full_forg\forgeries_27_11.png,0,27
C:\Users\arfan\OneDrive\Desktop\forgery\data\Cedar\full_org\original_54_13.png,C:\Users\arfan\OneDrive\Desktop\forgery\data\Cedar\full_org\original_54_19.png,1,54
C:\Users\arfan\OneDrive\Desktop\forgery\data\Cedar\full_org\original_46_23.png,C:\Users\arfan\OneDrive\Desktop\forgery\data\Cedar\full_org\original_46_9.png,1,46
C:\Users\arfan\OneDrive\Desktop\forgery\data\Cedar\full_org\original_44_1.png,C:\Users\arfan\OneDrive\Desktop\forgery\data\Cedar\full_org\original_44_17.png,1,44
C:\Users\arfan\OneDrive\Desktop\forgery\data\Cedar\full_org\original_53_16.png,C:\Users\arfan\OneDrive\Desktop\forgery\data\Cedar\full_org\original_53_8.png,1,53
C:\Users\arfan\OneDrive\Desktop\forgery\data\Cedar\full_org\original_32_2.png,C:\Users\arfan\OneDrive\Desktop\forgery\data\Cedar\full_org\original_32_23.png,1,32
C:\Users\arfan\OneDrive\Desktop\forgery\data\Cedar\full_org\original_45_10.png,C:\Users\arfan\OneDrive\Desktop\forgery\data\Cedar\full_forg\forgeries_45_3.png,0,45
C:\Users\arfan\OneDrive\Desktop\forgery\data\Cedar\full_org\original_50_20.png,C:\Users\arfan\OneDrive\Desktop\forgery\data\Cedar\full_org\original_50_22.png,1,50
C:\Users\arfan\OneDrive\Desktop\forgery\data\Cedar\full_org\original_26_15.png,C:\Users\arfan\OneDrive\Desktop\forgery\data\Cedar\full_org\original_26_5.png,1,26
C:\Users\arfan\OneDrive\Desktop\forgery\data\Cedar\full_org\original_12_11.png,C:\Users\arfan\OneDrive\Desktop\forgery\data\Cedar\full_forg\forgeries_12_11.png,0,12
C:\Users\arfan\OneDrive\Desktop\forgery\data\Cedar\full_org\original_10_18.png,C:\Users\arfan\OneDrive\Desktop\forgery\data\Cedar\full_org\original_10_8.png,1,10
C:\Users\arfan\OneDrive\Desktop\forgery\data\Cedar\full_org\original_46_13.png,C:\Users\arfan\OneDrive\Desktop\forgery\data\Cedar\full_forg\forgeries_46_7.png,0,46
C:\Users\arfan\OneDrive\Desktop\forgery\data\Cedar\full_org\original_43_11.png,C:\Users\arfan\OneDrive\Desktop\forgery\data\Cedar\full_forg\forgeries_43_12.png,0,43
C:\Users\arfan\OneDrive\Desktop\forgery\data\Cedar\full_org\original_25_15.png,C:\Users\arfan\OneDrive\Desktop\forgery\data\Cedar\full_org\original_25_6.png,1,25
C:\Users\arfan\OneDrive\Desktop\forgery\data\Cedar\full_org\original_21_13.png,C:\Users\arfan\OneDrive\Desktop\forgery\data\Cedar\full_org\original_21_6.png,1,21
C:\Users\arfan\OneDrive\Desktop\forgery\data\Cedar\full_org\original_15_1.png,C:\Users\arfan\OneDrive\Desktop\forgery\data\Cedar\full_forg\forgeries_15_24.png,0,15
C:\Users\arfan\OneDrive\Desktop\forgery\data\Cedar\full_org\original_37_10.png,C:\Users\arfan\OneDrive\Desktop\forgery\data\Cedar\full_org\original_37_4.png,1,37
C:\Users\arfan\OneDrive\Desktop\forgery\data\Cedar\full_org\original_17_14.png,C:\Users\arfan\OneDrive\Desktop\forgery\data\Cedar\full_org\original_17_19.png,1,17
C:\Users\arfan\OneDrive\Desktop\forgery\data\Cedar\full_org\original_37_15.png,C:\Users\arfan\OneDrive\Desktop\forgery\data\Cedar\full_forg\forgeries_37_20.png,0,37
C:\Users\arfan\OneDrive\Desktop\forgery\data\Cedar\full_org\original_43_20.png,C:\Users\arfan\OneDrive\Desktop\forgery\data\Cedar\full_forg\forgeries_43_19.png,0,43
C:\Users\arfan\OneDrive\Desktop\forgery\data\Cedar\full_org\original_39_19.png,C:\Users\arfan\OneDrive\Desktop\forgery\data\Cedar\full_forg\forgeries_39_5.png,0,39
C:\Users\arfan\OneDrive\Desktop\forgery\data\Cedar\full_org\original_20_3.png,C:\Users\arfan\OneDrive\Desktop\forgery\data\Cedar\full_org\original_20_5.png,1,20
C:\Users\arfan\OneDrive\Desktop\forgery\data\Cedar\full_org\original_34_1.png,C:\Users\arfan\OneDrive\Desktop\forgery\data\Cedar\full_forg\forgeries_34_8.png,0,34
C:\Users\arfan\OneDrive\Desktop\forgery\data\Cedar\full_org\original_1_3.png,C:\Users\arfan\OneDrive\Desktop\forgery\data\Cedar\full_org\original_1_8.png,1,1
C:\Users\arfan\OneDrive\Desktop\forgery\data\Cedar\full_org\original_42_19.png,C:\Users\arfan\OneDrive\Desktop\forgery\data\Cedar\full_org\original_42_20.png,1,42
C:\Users\arfan\OneDrive\Desktop\forgery\data\Cedar\full_org\original_48_2.png,C:\Users\arfan\OneDrive\Desktop\forgery\data\Cedar\full_forg\forgeries_48_18.png,0,48
C:\Users\arfan\OneDrive\Desktop\forgery\data\Cedar\full_org\original_53_2.png,C:\Users\arfan\OneDrive\Desktop\forgery\data\Cedar\full_org\original_53_8.png,1,53
C:\Users\arfan\OneDrive\Desktop\forgery\data\Cedar\full_org\original_24_11.png,C:\Users\arfan\OneDrive\Desktop\forgery\data\Cedar\full_org\original_24_19.png,1,24
C:\Users\arfan\OneDrive\Desktop\forgery\data\Cedar\full_org\original_9_19.png,C:\Users\arfan\OneDrive\Desktop\forgery\data\Cedar\full_forg\forgeries_9_12.png,0,9
C:\Users\arfan\OneDrive\Desktop\forgery\data\Cedar\full_org\original_38_18.png,C:\Users\arfan\OneDrive\Desktop\forgery\data\Cedar\full_org\original_38_5.png,1,38
C:\Users\arfan\OneDrive\Desktop\forgery\data\Cedar\full_org\original_18_10.png,C:\Users\arfan\OneDrive\Desktop\forgery\data\Cedar\full_forg\forgeries_18_20.png,0,18
C:\Users\arfan\OneDrive\Desktop\forgery\data\Cedar\full_org\original_41_20.png,C:\Users\arfan\OneDrive\Desktop\forgery\data\Cedar\full_forg\forgeries_41_16.png,0,41
C:\Users\arfan\OneDrive\Desktop\forgery\data\Cedar\full_org\original_17_21.png,C:\Users\arfan\OneDrive\Desktop\forgery\data\Cedar\full_org\original_17_6.png,1,17
C:\Users\arfan\OneDrive\Desktop\forgery\data\Cedar\full_org\original_15_6.png,C:\Users\arfan\OneDrive\Desktop\forgery\data\Cedar\full_org\original_15_7.png,1,15
C:\Users\arfan\OneDrive\Desktop\forgery\data\Cedar\full_org\original_55_15.png,C:\Users\arfan\OneDrive\Desktop\forgery\data\Cedar\full_org\original_55_18.png,1,55
C:\Users\arfan\OneDrive\Desktop\forgery\data\Cedar\full_org\original_36_19.png,C:\Users\arfan\OneDrive\Desktop\forgery\data\Cedar\full_org\original_36_21.png,1,36
C:\Users\arfan\OneDrive\Desktop\forgery\data\Cedar\full_org\original_22_16.png,C:\Users\arfan\OneDrive\Desktop\forgery\data\Cedar\full_org\original_22_8.png,1,22
C:\Users\arfan\OneDrive\Desktop\forgery\data\Cedar\full_org\original_34_20.png,C:\Users\arfan\OneDrive\Desktop\forgery\data\Cedar\full_forg\forgeries_34_12.png,0,34
C:\Users\arfan\OneDrive\Desktop\forgery\data\Cedar\full_org\original_53_3.png,C:\Users\arfan\OneDrive\Desktop\forgery\data\Cedar\full_forg\forgeries_53_9.png,0,53
C:\Users\arfan\OneDrive\Desktop\forgery\data\Cedar\full_org\original_45_20.png,C:\Users\arfan\OneDrive\Desktop\forgery\data\Cedar\full_org\original_45_8.png,1,45
C:\Users\arfan\OneDrive\Desktop\forgery\data\Cedar\full_org\original_27_14.png,C:\Users\arfan\OneDrive\Desktop\forgery\data\Cedar\full_org\original_27_20.png,1,27
C:\Users\arfan\OneDrive\Desktop\forgery\data\Cedar\full_org\original_51_21.png,C:\Users\arfan\OneDrive\Desktop\forgery\data\Cedar\full_org\original_51_3.png,1,51
C:\Users\arfan\OneDrive\Desktop\forgery\data\Cedar\full_org\original_42_1.png,C:\Users\arfan\OneDrive\Desktop\forgery\data\Cedar\full_forg\forgeries_42_17.png,0,42
C:\Users\arfan\OneDrive\Desktop\forgery\data\Cedar\full_org\original_42_14.png,C:\Users\arfan\OneDrive\Desktop\forgery\data\Cedar\full_forg\forgeries_42_3.png,0,42
C:\Users\arfan\OneDrive\Desktop\forgery\data\Cedar\full_org\original_51_14.png,C:\Users\arfan\OneDrive\Desktop\forgery\data\Cedar\full_org\original_51_9.png,1,51
C:\Users\arfan\OneDrive\Desktop\forgery\data\Cedar\full_org\original_55_9.png,C:\Users\arfan\OneDrive\Desktop\forgery\data\Cedar\full_forg\forgeries_55_4.png,0,55
C:\Users\arfan\OneDrive\Desktop\forgery\data\Cedar\full_org\original_44_5.png,C:\Users\arfan\OneDrive\Desktop\forgery\data\Cedar\full_forg\forgeries_44_7.png,0,44
C:\Users\arfan\OneDrive\Desktop\forgery\data\Cedar\full_org\original_17_21.png,C:\Users\arfan\OneDrive\Desktop\forgery\data\Cedar\full_org\original_17_8.png,1,17
C:\Users\arfan\OneDrive\Desktop\forgery\data\Cedar\full_org\original_10_22.png,C:\Users\arfan\OneDrive\Desktop\forgery\data\Cedar\full_forg\forgeries_10_3.png,0,10
C:\Users\arfan\OneDrive\Desktop\forgery\data\Cedar\full_org\original_37_18.png,C:\Users\arfan\OneDrive\Desktop\forgery\data\Cedar\full_org\original_37_23.png,1,37
C:\Users\arfan\OneDrive\Desktop\forgery\data\Cedar\full_org\original_25_14.png,C:\Users\arfan\OneDrive\Desktop\forgery\data\Cedar\full_forg\forgeries_25_23.png,0,25
C:\Users\arfan\OneDrive\Desktop\forgery\data\Cedar\full_org\original_52_11.png,C:\Users\arfan\OneDrive\Desktop\forgery\data\Cedar\full_org\original_52_6.png,1,52
C:\Users\arfan\OneDrive\Desktop\forgery\data\Cedar\full_org\original_52_10.png,C:\Users\arfan\OneDrive\Desktop\forgery\data\Cedar\full_forg\forgeries_52_8.png,0,52
C:\Users\arfan\OneDrive\Desktop\forgery\data\Cedar\full_org\original_9_14.png,C:\Users\arfan\OneDrive\Desktop\forgery\data\Cedar\full_org\original_9_3.png,1,9
C:\Users\arfan\OneDrive\Desktop\forgery\data\Cedar\full_org\original_50_7.png,C:\Users\arfan\OneDrive\Desktop\forgery\data\Cedar\full_forg\forgeries_50_14.png,0,50
C:\Users\arfan\OneDrive\Desktop\forgery\data\Cedar\full_org\original_13_12.png,C:\Users\arfan\OneDrive\Desktop\forgery\data\Cedar\full_org\original_13_15.png,1,13
C:\Users\arfan\OneDrive\Desktop\forgery\data\Cedar\full_org\original_50_21.png,C:\Users\arfan\OneDrive\Desktop\forgery\data\Cedar\full_org\original_50_7.png,1,50
C:\Users\arfan\OneDrive\Desktop\forgery\data\Cedar\full_org\original_3_5.png,C:\Users\arfan\OneDrive\Desktop\forgery\data\Cedar\full_org\original_3_7.png,1,3
C:\Users\arfan\OneDrive\Desktop\forgery\data\Cedar\full_org\original_27_13.png,C:\Users\arfan\OneDrive\Desktop\forgery\data\Cedar\full_org\original_27_9.png,1,27
C:\Users\arfan\OneDrive\Desktop\forgery\data\Cedar\full_org\original_50_22.png,C:\Users\arfan\OneDrive\Desktop\forgery\data\Cedar\full_org\original_50_3.png,1,50
C:\Users\arfan\OneDrive\Desktop\forgery\data\Cedar\full_org\original_37_23.png,C:\Users\arfan\OneDrive\Desktop\forgery\data\Cedar\full_org\original_37_4.png,1,37
C:\Users\arfan\OneDrive\Desktop\forgery\data\Cedar\full_org\original_18_3.png,C:\Users\arfan\OneDrive\Desktop\forgery\data\Cedar\full_org\original_18_7.png,1,18
C:\Users\arfan\OneDrive\Desktop\forgery\data\Cedar\full_org\original_10_19.png,C:\Users\arfan\OneDrive\Desktop\forgery\data\Cedar\full_org\original_10_9.png,1,10
C:\Users\arfan\OneDrive\Desktop\forgery\data\Cedar\full_org\original_1_10.png,C:\Users\arfan\OneDrive\Desktop\forgery\data\Cedar\full_forg\forgeries_1_18.png,0,1
C:\Users\arfan\OneDrive\Desktop\forgery\data\Cedar\full_org\original_29_10.png,C:\Users\arfan\OneDrive\Desktop\forgery\data\Cedar\full_org\original_29_17.png,1,29
C:\Users\arfan\OneDrive\Desktop\forgery\data\Cedar\full_org\original_21_1.png,C:\Users\arfan\OneDrive\Desktop\forgery\data\Cedar\full_forg\forgeries_21_4.png,0,21
C:\Users\arfan\OneDrive\Desktop\forgery\data\Cedar\full_org\original_49_1.png,C:\Users\arfan\OneDrive\Desktop\forgery\data\Cedar\full_org\original_49_12.png,1,49
C:\Users\arfan\OneDrive\Desktop\forgery\data\Cedar\full_org\original_15_15.png,C:\Users\arfan\OneDrive\Desktop\forgery\data\Cedar\full_org\original_15_9.png,1,15
C:\Users\arfan\OneDrive\Desktop\forgery\data\Cedar\full_org\original_39_11.png,C:\Users\arfan\OneDrive\Desktop\forgery\data\Cedar\full_org\original_39_6.png,1,39
C:\Users\arfan\OneDrive\Desktop\forgery\data\Cedar\full_org\original_10_10.png,C:\Users\arfan\OneDrive\Desktop\forgery\data\Cedar\full_forg\forgeries_10_15.png,0,10
C:\Users\arfan\OneDrive\Desktop\forgery\data\Cedar\full_org\original_32_13.png,C:\Users\arfan\OneDrive\Desktop\forgery\data\Cedar\full_org\original_32_2.png,1,32
C:\Users\arfan\OneDrive\Desktop\forgery\data\Cedar\full_org\original_53_18.png,C:\Users\arfan\OneDrive\Desktop\forgery\data\Cedar\full_forg\forgeries_53_17.png,0,53
C:\Users\arfan\OneDrive\Desktop\forgery\data\Cedar\full_org\original_45_4.png,C:\Users\arfan\OneDrive\Desktop\forgery\data\Cedar\full_forg\forgeries_45_14.png,0,45
C:\Users\arfan\OneDrive\Desktop\forgery\data\Cedar\full_org\original_54_10.png,C:\Users\arfan\OneDrive\Desktop\forgery\data\Cedar\full_org\original_54_5.png,1,54
C:\Users\arfan\OneDrive\Desktop\forgery\data\Cedar\full_org\original_38_13.png,C:\Users\arfan\OneDrive\Desktop\forgery\data\Cedar\full_forg\forgeries_38_17.png,0,38
C:\Users\arfan\OneDrive\Desktop\forgery\data\Cedar\full_org\original_48_10.png,C:\Users\arfan\OneDrive\Desktop\forgery\data\Cedar\full_forg\forgeries_48_8.png,0,48
C:\Users\arfan\OneDrive\Desktop\forgery\data\Cedar\full_org\original_55_13.png,C:\Users\arfan\OneDrive\Desktop\forgery\data\Cedar\full_forg\forgeries_55_6.png,0,55
C:\Users\arfan\OneDrive\Desktop\forgery\data\Cedar\full_org\original_27_11.png,C:\Users\arfan\OneDrive\Desktop\forgery\data\Cedar\full_org\original_27_23.png,1,27
C:\Users\arfan\OneDrive\Desktop\forgery\data\Cedar\full_org\original_8_12.png,C:\Users\arfan\OneDrive\Desktop\forgery\data\Cedar\full_forg\forgeries_8_13.png,0,8
C:\Users\arfan\OneDrive\Desktop\forgery\data\Cedar\full_org\original_34_13.png,C:\Users\arfan\OneDrive\Desktop\forgery\data\Cedar\full_org\original_34_20.png,1,34
C:\Users\arfan\OneDrive\Desktop\forgery\data\Cedar\full_org\original_40_8.png,C:\Users\arfan\OneDrive\Desktop\forgery\data\Cedar\full_forg\forgeries_40_6.png,0,40
C:\Users\arfan\OneDrive\Desktop\forgery\data\Cedar\full_org\original_15_9.png,C:\Users\arfan\OneDrive\Desktop\forgery\data\Cedar\full_forg\forgeries_15_9.png,0,15
C:\Users\arfan\OneDrive\Desktop\forgery\data\Cedar\full_org\original_41_1.png,C:\Users\arfan\OneDrive\Desktop\forgery\data\Cedar\full_org\original_41_2.png,1,41
C:\Users\arfan\OneDrive\Desktop\forgery\data\Cedar\full_org\original_34_1.png,C:\Users\arfan\OneDrive\Desktop\forgery\data\Cedar\full_org\original_34_15.png,1,34
C:\Users\arfan\OneDrive\Desktop\forgery\data\Cedar\full_org\original_53_15.png,C:\Users\arfan\OneDrive\Desktop\forgery\data\Cedar\full_org\original_53_21.png,1,53
C:\Users\arfan\OneDrive\Desktop\forgery\data\Cedar\full_org\original_7_16.png,C:\Users\arfan\OneDrive\Desktop\forgery\data\Cedar\full_forg\forgeries_7_18.png,0,7
C:\Users\arfan\OneDrive\Desktop\forgery\data\Cedar\full_org\original_25_9.png,C:\Users\arfan\OneDrive\Desktop\forgery\data\Cedar\full_forg\forgeries_25_14.png,0,25
C:\Users\arfan\OneDrive\Desktop\forgery\data\Cedar\full_org\original_44_10.png,C:\Users\arfan\OneDrive\Desktop\forgery\data\Cedar\full_org\original_44_22.png,1,44
C:\Users\arfan\OneDrive\Desktop\forgery\data\Cedar\full_org\original_24_11.png,C:\Users\arfan\OneDrive\Desktop\forgery\data\Cedar\full_forg\forgeries_24_5.png,0,24
C:\Users\arfan\OneDrive\Desktop\forgery\data\Cedar\full_org\original_55_21.png,C:\Users\arfan\OneDrive\Desktop\forgery\data\Cedar\full_forg\forgeries_55_20.png,0,55
C:\Users\arfan\OneDrive\Desktop\forgery\data\Cedar\full_org\original_39_12.png,C:\Users\arfan\OneDrive\Desktop\forgery\data\Cedar\full_org\original_39_4.png,1,39
C:\Users\arfan\OneDrive\Desktop\forgery\data\Cedar\full_org\original_36_7.png,C:\Users\arfan\OneDrive\Desktop\forgery\data\Cedar\full_forg\forgeries_36_1.png,0,36
C:\Users\arfan\OneDrive\Desktop\forgery\data\Cedar\full_org\original_18_11.png,C:\Users\arfan\OneDrive\Desktop\forgery\data\Cedar\full_org\original_18_15.png,1,18
C:\Users\arfan\OneDrive\Desktop\forgery\data\Cedar\full_org\original_10_7.png,C:\Users\arfan\OneDrive\Desktop\forgery\data\Cedar\full_forg\forgeries_10_14.png,0,10
C:\Users\arfan\OneDrive\Desktop\forgery\data\Cedar\full_org\original_4_19.png,C:\Users\arfan\OneDrive\Desktop\forgery\data\Cedar\full_org\original_4_23.png,1,4
C:\Users\arfan\OneDrive\Desktop\forgery\data\Cedar\full_org\original_24_11.png,C:\Users\arfan\OneDrive\Desktop\forgery\data\Cedar\full_org\original_24_13.png,1,24
C:\Users\arfan\OneDrive\Desktop\forgery\data\Cedar\full_org\original_46_4.png,C:\Users\arfan\OneDrive\Desktop\forgery\data\Cedar\full_forg\forgeries_46_3.png,0,46
C:\Users\arfan\OneDrive\Desktop\forgery\data\Cedar\full_org\original_18_6.png,C:\Users\arfan\OneDrive\Desktop\forgery\data\Cedar\full_forg\forgeries_18_22.png,0,18
C:\Users\arfan\OneDrive\Desktop\forgery\data\Cedar\full_org\original_40_13.png,C:\Users\arfan\OneDrive\Desktop\forgery\data\Cedar\full_forg\forgeries_40_24.png,0,40
C:\Users\arfan\OneDrive\Desktop\forgery\data\Cedar\full_org\original_47_12.png,C:\Users\arfan\OneDrive\Desktop\forgery\data\Cedar\full_org\original_47_24.png,1,47
C:\Users\arfan\OneDrive\Desktop\forgery\data\Cedar\full_org\original_21_9.png,C:\Users\arfan\OneDrive\Desktop\forgery\data\Cedar\full_forg\forgeries_21_13.png,0,21
C:\Users\arfan\OneDrive\Desktop\forgery\data\Cedar\full_org\original_38_16.png,C:\Users\arfan\OneDrive\Desktop\forgery\data\Cedar\full_org\original_38_17.png,1,38
C:\Users\arfan\OneDrive\Desktop\forgery\data\Cedar\full_org\original_51_22.png,C:\Users\arfan\OneDrive\Desktop\forgery\data\Cedar\full_forg\forgeries_51_11.png,0,51
C:\Users\arfan\OneDrive\Desktop\forgery\data\Cedar\full_org\original_53_5.png,C:\Users\arfan\OneDrive\Desktop\forgery\data\Cedar\full_forg\forgeries_53_17.png,0,53
C:\Users\arfan\OneDrive\Desktop\forgery\data\Cedar\full_org\original_20_6.png,C:\Users\arfan\OneDrive\Desktop\forgery\data\Cedar\full_forg\forgeries_20_16.png,0,20
C:\Users\arfan\OneDrive\Desktop\forgery\data\Cedar\full_org\original_37_15.png,C:\Users\arfan\OneDrive\Desktop\forgery\data\Cedar\full_org\original_37_23.png,1,37
C:\Users\arfan\OneDrive\Desktop\forgery\data\Cedar\full_org\original_4_17.png,C:\Users\arfan\OneDrive\Desktop\forgery\data\Cedar\full_org\original_4_5.png,1,4
C:\Users\arfan\OneDrive\Desktop\forgery\data\Cedar\full_org\original_7_3.png,C:\Users\arfan\OneDrive\Desktop\forgery\data\Cedar\full_org\original_7_5.png,1,7
C:\Users\arfan\OneDrive\Desktop\forgery\data\Cedar\full_org\original_14_2.png,C:\Users\arfan\OneDrive\Desktop\forgery\data\Cedar\full_org\original_14_21.png,1,14
C:\Users\arfan\OneDrive\Desktop\forgery\data\Cedar\full_org\original_7_14.png,C:\Users\arfan\OneDrive\Desktop\forgery\data\Cedar\full_org\original_7_3.png,1,7
C:\Users\arfan\OneDrive\Desktop\forgery\data\Cedar\full_org\original_39_4.png,C:\Users\arfan\OneDrive\Desktop\forgery\data\Cedar\full_forg\forgeries_39_4.png,0,39
C:\Users\arfan\OneDrive\Desktop\forgery\data\Cedar\full_org\original_45_16.png,C:\Users\arfan\OneDrive\Desktop\forgery\data\Cedar\full_org\original_45_9.png,1,45
C:\Users\arfan\OneDrive\Desktop\forgery\data\Cedar\full_org\original_50_17.png,C:\Users\arfan\OneDrive\Desktop\forgery\data\Cedar\full_forg\forgeries_50_17.png,0,50
C:\Users\arfan\OneDrive\Desktop\forgery\data\Cedar\full_org\original_13_10.png,C:\Users\arfan\OneDrive\Desktop\forgery\data\Cedar\full_org\original_13_12.png,1,13
C:\Users\arfan\OneDrive\Desktop\forgery\data\Cedar\full_org\original_53_20.png,C:\Users\arfan\OneDrive\Desktop\forgery\data\Cedar\full_org\original_53_3.png,1,53
C:\Users\arfan\OneDrive\Desktop\forgery\data\Cedar\full_org\original_20_13.png,C:\Users\arfan\OneDrive\Desktop\forgery\data\Cedar\full_org\original_20_9.png,1,20
C:\Users\arfan\OneDrive\Desktop\forgery\data\Cedar\full_org\original_47_24.png,C:\Users\arfan\OneDrive\Desktop\forgery\data\Cedar\full_forg\forgeries_47_10.png,0,47
C:\Users\arfan\OneDrive\Desktop\forgery\data\Cedar\full_org\original_24_15.png,C:\Users\arfan\OneDrive\Desktop\forgery\data\Cedar\full_forg\forgeries_24_12.png,0,24
C:\Users\arfan\OneDrive\Desktop\forgery\data\Cedar\full_org\original_14_5.png,C:\Users\arfan\OneDrive\Desktop\forgery\data\Cedar\full_org\original_14_8.png,1,14
C:\Users\arfan\OneDrive\Desktop\forgery\data\Cedar\full_org\original_5_11.png,C:\Users\arfan\OneDrive\Desktop\forgery\data\Cedar\full_forg\forgeries_5_1.png,0,5
C:\Users\arfan\OneDrive\Desktop\forgery\data\Cedar\full_org\original_43_1.png,C:\Users\arfan\OneDrive\Desktop\forgery\data\Cedar\full_org\original_43_17.png,1,43
C:\Users\arfan\OneDrive\Desktop\forgery\data\Cedar\full_org\original_8_16.png,C:\Users\arfan\OneDrive\Desktop\forgery\data\Cedar\full_org\original_8_4.png,1,8
C:\Users\arfan\OneDrive\Desktop\forgery\data\Cedar\full_org\original_44_15.png,C:\Users\arfan\OneDrive\Desktop\forgery\data\Cedar\full_org\original_44_18.png,1,44
C:\Users\arfan\OneDrive\Desktop\forgery\data\Cedar\full_org\original_45_10.png,C:\Users\arfan\OneDrive\Desktop\forgery\data\Cedar\full_org\original_45_3.png,1,45
C:\Users\arfan\OneDrive\Desktop\forgery\data\Cedar\full_org\original_49_14.png,C:\Users\arfan\OneDrive\Desktop\forgery\data\Cedar\full_org\original_49_8.png,1,49
C:\Users\arfan\OneDrive\Desktop\forgery\data\Cedar\full_org\original_39_20.png,C:\Users\arfan\OneDrive\Desktop\forgery\data\Cedar\full_forg\forgeries_39_2.png,0,39
C:\Users\arfan\OneDrive\Desktop\forgery\data\Cedar\full_org\original_52_1.png,C:\Users\arfan\OneDrive\Desktop\forgery\data\Cedar\full_org\original_52_20.png,1,52
C:\Users\arfan\OneDrive\Desktop\forgery\data\Cedar\full_org\original_45_15.png,C:\Users\arfan\OneDrive\Desktop\forgery\data\Cedar\full_org\original_45_24.png,1,45
